Transaction;Tanggal;Items
125000005;Januari 02, 2025;KOMIX HERBAL 15 ML, PUYER OSK BT NO.16/BOX, WOODS EXPECTORANT 60 ML
125000014;Januari 02, 2025;KOMIX HERBAL 15 ML, SAKATONIK ABC ANTARIKSA 30 TAB, SAKATONIK ABC STRAW 30TAB
125000015;Januari 02, 2025;WOODS EXPECTORANT 60 ML, WOODS EXPECTORANT 100 ML
125000016;Januari 02, 2025;KOMIX HERBAL 15 ML, B7 SLASI JERUK NIPIS 12'S, ENTROSTOP 10'S
125000020;Januari 02, 2025;CEREBROFORT GOLD ORANGE 100 ML, CEREBROFORT GOLD ORANGE 200 ML
125000025;Januari 02, 2025;KALPANAX SALEP 6G/12, WOODS EXPECTORANT 60 ML
125000035;Januari 02, 2025;BEJO JAHE MERAH HERBAL 12 SC, WOODS COUGH SYR ATT  60ML, PROMAG TABLET
125000036;Januari 02, 2025;MIXAGRIP FLU &BATUK PE, PROCOLD FLU BATUK PE
125000047;Januari 02, 2025;KOMIX HERBAL 15 ML, CEREBROFORT M.G. AGGR SCH, CEREBROFORT MG JRK SCH, CEREBROFORT MG STRAW SCH
125000054;Januari 02, 2025;PROMAG SUSPENSI BTL 60 ML, PROMAG HERBAL 15 ML, FATIGON KAPLET 10X6S, FATIGON SPIRIT BOX 10X6S, SAKATONIK ABC ANTARIKSA 30 TAB, SAKATONIK ABC STRAW 30TAB, SAKATONIK ABC ANGGUR30TAB, SAKATONIK ABC ORANGE 30TAB
125000064;Januari 02, 2025;KOMIX HERBAL 15 ML, KOMIX OBH PE
125000089;Januari 02, 2025;KALPANAX K CREAM 5 GR, KALPANAX KRIM 10 GR
125000092;Januari 02, 2025;BEJO JAHE MERAH HERBAL 12 SC, KOMIX HERBAL 15 ML, KALPANAX KRIM 10 GR, PROMAG SUSPENSI 10ML/6, PROMAG HERBAL 15 ML, WOODS COUGH SYR ATT 100ML, WOODS COUGH SYR ATT  60ML
125000104;Januari 02, 2025;KALPANAX K CREAM 5 GR, WOODS COUGH SYR ATT  60ML, FATIGON KAPLET 10X6S
125000110;Januari 02, 2025;ENTROSTOP 10'S, PROMAG TABLET, SAKATONIK ABC STRAW 30TAB
125000112;Januari 02, 2025;KALPANAX KRIM 10 GR, WOODS EXPECTORANT 60 ML
125000117;Januari 02, 2025;B7 SLASI JERUK NIPIS 12'S, WOODS LOZENGES LEMON VITAMIN C
125000141;Januari 02, 2025;KALPANAX K CREAM 5 GR, WOODS EXPECTORANT 60 ML
125000146;Januari 02, 2025;BEJO JAHE MERAH HERBAL 12 SC, ENTROSTOP 10'S, SAKATONIK ABC ANTARIKSA 30 TAB, SAKATONIK ABC STRAW 30TAB
125000164;Januari 03, 2025;SAKATONIK ABC STRAW 30TAB, SAKATONIK ABC ANGGUR30TAB, SAKATONIK ABC ORANGE 30TAB
125000180;Januari 03, 2025;SAKATONIK ABC STRAW 30TAB, SAKATONIK ABC ANGGUR30TAB
125000183;Januari 03, 2025;KOMIX OBH PE, MIXAGRIP HERBAL GREGES, SKT ACTIV SIRUP 100 ML, CEREBROFORT M.G. AGGR SCH, CEREBROFORT MG MGA SCH, CEREBROFORT MG JRK SCH, CEREBROFORT MG STRAW SCH, SAKATONIK ABC STRAW 30TAB, SAKATONIK ABC ANGGUR30TAB
125000191;Januari 03, 2025;KALPANAX K CREAM 5 GR, KALPANAX SALEP 6G/12, FATIGON SPIRIT BOX 10X6S
125000193;Januari 03, 2025;KOMIX HERBAL 15 ML, ENTROSTOP 10'S
125000195;Januari 03, 2025;SAKATONIK ABC STRAW 30TAB, SAKATONIK ABC ANGGUR30TAB, SAKATONIK ABC ORANGE 30TAB
125000200;Januari 03, 2025;B7 SLASI JERUK NIPIS 12'S, PROCOLD FLU PE, SKT ABC CURCUMA MADU
125000208;Januari 03, 2025;WOODS COUGH SYR ATT 100ML, WOODS COUGH SYR ATT  60ML, WOODS EXPECTORANT 60 ML, WOODS EXPECTORANT 100 ML, WOODS NATURALS SYR 60 ML
125000215;Januari 03, 2025;WAISAN NEW FORMULA  /LUSIN, KALPANAX K CREAM 5 GR, PROMAG HERBAL 15 ML, SKT ACTIV SIRUP 100 ML, SKT ACTIV SIRUP 300 ML, PROCOLD FLU PE, PROMAG TABLET, SAKATONIK ACTIV MULTIVIT ZAT BESI - KAPLET 6S, SAKATONIK ABC ANTARIKSA 30 TAB, SAKATONIK ABC ANGGUR30TAB, SAKATONIK ABC ORANGE 30TAB
125000216;Januari 03, 2025;KALPANAX K CREAM 5 GR, KOMIX HERBAL PEPPERMINT, KOMIX OBH PE, PUYER OSK BT NO.16/BOX, WAISAN NEW FORMULA  /LUSIN, MIXAGRIP FLU KAPLET 25X4, PROCOLD FLU PE
125000228;Januari 03, 2025;CEREBROVIT XCEL 10 CAPS, CEREBROFORT GOLD STRAWBERY, PROMAG TABLET
125000234;Januari 03, 2025;KALPANAX SALEP 6G/12, WOODS COUGH SYR ATT  60ML, PROMAG TABLET
125000235;Januari 03, 2025;KOMIX JAHE G-FORMULA BOX, KOMIX J.NIPIS G-FORMULA B, KOMIX OBH PE
125000249;Januari 03, 2025;SAKATONIK ABC ANTARIKSA 30 TAB, SAKATONIK ABC STRAW 30TAB, SAKATONIK ABC ANGGUR30TAB, SAKATONIK ABC ORANGE 30TAB, SKT ABC CURCUMA MADU
125000259;Januari 03, 2025;KOMIX HERBAL PEPPERMINT, WOODS EXPECTORANT 100 ML
125000279;Januari 03, 2025;WOODS EXPECTORANT 60 ML, WOODS EXPECTORANT 100 ML
125000284;Januari 03, 2025;KOMIX HERBAL 15 ML, WOODS COUGH SYR ATT  60ML, WOODS EXPECTORANT 60 ML, CEREBROFORT MG STRAW SCH, SAKATONIK ABC STRAW 30TAB, SAKATONIK ABC ANGGUR30TAB
125000287;Januari 03, 2025;WOODS COUGH SYR ATT  60ML, WOODS EXPECTORANT 100 ML
125000302;Januari 03, 2025;KOMIX HERBAL PEPPERMINT, SKT ACTIV SIRUP 100 ML, SKT ACTIV SIRUP 300 ML
125000308;Januari 03, 2025;PROMAG SUSPENSI BTL 60 ML, WOODS COUGH SYR ATT  60ML, SAKATONIK ABC STRAW 30TAB, SAKATONIK ABC ANGGUR30TAB
125000313;Januari 03, 2025;CEREBROFORT M.G. AGGR SCH, CEREBROFORT MG MGA SCH, CEREBROFORT MG JRK SCH, CEREBROFORT MG STRAW SCH
125000318;Januari 03, 2025;PROMAG SUSPENSI BTL 60 ML, PROMAG HERBAL 15 ML, PROMAG TABLET, SAKATONIK ABC ANTARIKSA 30 TAB, SAKATONIK ABC STRAW 30TAB, SAKATONIK ABC ORANGE 30TAB
125000319;Januari 03, 2025;KALPANAX K CREAM 5 GR, CEREBROVIT XCEL 10 CAPS, WOODS COUGH SYR ATT  60ML, WOODS NATURALS SYR 60 ML, SAKATONIK ABC STRAW 30TAB, SAKATONIK ABC ANGGUR30TAB, SAKATONIK ABC ORANGE 30TAB
125000356;Januari 03, 2025;PUYER OSK BT NO.16/BOX, WOODS COUGH SYR ATT  60ML, WOODS EXPECTORANT 60 ML, PROMAG TABLET
125000445;Januari 03, 2025;KOMIX JAHE G-FORMULA BOX, KOMIX J.NIPIS G-FORMULA B, KOMIX PEPP.G-FORMULA BOX, KOMIX OBH
125000460;Januari 03, 2025;B7 SLASI JERUK NIPIS 12'S, PROMAG TABLET, WOODS LOZENGES 6'S
125000463;Januari 03, 2025;KOMIX JAHE G-FORMULA BOX, KOMIX J.NIPIS G-FORMULA B, KOMIX OBH
125000472;Januari 03, 2025;BEJO JAHE MERAH HERBAL 6S MT, BEJO JAHE MERAH HERBAL 12 SC
125000475;Januari 03, 2025;ENTROSTOP 10'S, PROMAG TABLET
125000476;Januari 03, 2025;KOMIX HERBAL 15 ML, KALPANAX KRIM 10 GR, PROMAG HERBAL 15 ML, PROMAG TABLET, SAKATONIK ABC ANTARIKSA 30 TAB, SAKATONIK ABC STRAW 30TAB
125000484;Januari 03, 2025;KALPANAX K CREAM 5 GR, PROMAG SUSPENSI 10ML/6, WOODS EXPECTORANT 60 ML, ENTROSTOP 10'S, PROMAG TABLET
125000485;Januari 03, 2025;BEJO JAHE MERAH HERBAL 6S MT, BEJO JAHE MERAH HERBAL 12 SC, EXTRA JOSS SPORT GEL 2 TB, KOMIX HERBAL 15 ML
125000487;Januari 03, 2025;KALPANAX SALEP 6G/12, PROMAG HERBAL 15 ML, CEREBROFORT M.G. AGGR SCH, CEREBROFORT MG STRAW SCH, FATIGON SPIRIT BOX 10X6S, SAKATONIK ACTIV MULTIVIT ZAT BESI - KAPLET 6S, SAKATONIK ABC ANTARIKSA 30 TAB, SAKATONIK ABC STRAW 30TAB
125000497;Januari 04, 2025;PROMAG SUSPENSI 10ML/6, ENTROSTOP 10'S
125000499;Januari 04, 2025;CEREBROFORT GOLD ORANGE 100 ML, CEREBROFORT GOLD ORANGE 200 ML, CEREBROFORT GOLD STRAWBERY
125000513;Januari 04, 2025;KALPANAX K CREAM 5 GR, KALPANAX SALEP 6G/12, KALPANAX KRIM 10 GR, WOODS COUGH SYR ATT 100ML, WOODS COUGH SYR ATT  60ML, WOODS EXPECTORANT 60 ML
125000515;Januari 04, 2025;WOODS NATURALS SYR 60 ML, WOODS LOZENGES CHERRY 6'S, BEJO JAHE MERAH HERBAL 12 SC, EXTRA JOSS ACTIVE 6 SCH
125000521;Januari 04, 2025;WOODS COUGH SYR ATT  60ML, WOODS EXPECTORANT 60 ML, SAKATONIK ABC STRAW 30TAB, SAKATONIK ABC ANGGUR30TAB
125000522;Januari 04, 2025;WOODS COUGH SYR ATT  60ML, MIXAGRIP FLU KAPLET 25X4
125000536;Januari 04, 2025;CEREBROFORT GOLD STRAWBERY, MIXAGRIP FLU KAPLET 25X4
125000553;Januari 04, 2025;WOODS COUGH SYR ATT  60ML, WOODS EXPECTORANT 60 ML
125000562;Januari 04, 2025;KOMIX OBH PE, PROMAG HERBAL 15 ML
125000567;Januari 04, 2025;KOMIX OBH PE, B7 SLASI JERUK NIPIS 12'S
125000569;Januari 04, 2025;PROMAG HERBAL 15 ML, PROMAG TABLET
125000576;Januari 04, 2025;BEJO JAHE MERAH HERBAL 12 SC, KOMIX HERBAL PEPPERMINT, KOMIX OBH PE, PROMAG TABLET, WOODS NATURALS SYR 60 ML
125000583;Januari 04, 2025;ENTROSTOP 10'S, PROMAG TABLET
125000600;Januari 04, 2025;CEREBROFORT MG STRAW SCH, SAKATONIK ABC ANGGUR30TAB
125000607;Januari 04, 2025;WOODS COUGH SYR ATT  60ML, FATIGON SPIRIT BOX 10X6S, ENTROSTOP 10'S
125000621;Januari 04, 2025;CEREBROFORT GOLD ORANGE 100 ML, CEREBROFORT GOLD STRAWBERY, CEREBROFORT M.G. TROPICAL FRUIT
125000624;Januari 04, 2025;PROMAG HERBAL 15 ML, PROMAG TABLET
125000635;Januari 04, 2025;KOMIX OBH PE, PROMAG HERBAL 15 ML
125000636;Januari 04, 2025;CEREBROFORT GOLD ORANGE 200 ML, SAKATONIK ABC ANGGUR30TAB
125000637;Januari 04, 2025;KOMIX KID STRAWBERRY PACK, KOMIX J.NIPIS G-FORMULA B, KOMIX PEPP.G-FORMULA BOX
125000650;Januari 04, 2025;KOMIX HERBAL 15 ML, PROMAG HERBAL 15 ML, WOODS COUGH SYR ATT  60ML, WOODS EXPECTORANT 60 ML, PROMAG TABLET
125000674;Januari 04, 2025;WOODS COUGH SYR ATT  60ML, WOODS EXPECTORANT 60 ML
125000690;Januari 04, 2025;WOODS EXPECTORANT 60 ML, WOODS NATURALS SYR 60 ML
125000696;Januari 04, 2025;KOMIX J.NIPIS G-FORMULA B, KOMIX PEPP.G-FORMULA BOX, KOMIX OBH
125000709;Januari 04, 2025;MIXAGRIP FLU &BATUK PE, MIXAGRIP FLU KAPLET 25X4
125000726;Januari 04, 2025;KALPANAX K CREAM 5 GR, KALPANAX KRIM 10 GR, ENTROSTOP 10'S, PROMAG TABLET
125000742;Januari 06, 2025;BEJO JAHE MERAH HERBAL 12 SC, FATIGON SPIRIT BOX 10X6S
125000745;Januari 06, 2025;WOODS EXPECTORANT 60 ML, WOODS EXPECTORANT 100 ML
125000755;Januari 06, 2025;CEREBROFORT GOLD ORANGE 200 ML, SAKATONIK ABC ANTARIKSA 30 TAB, SAKATONIK ABC STRAW 30TAB, SAKATONIK ABC ANGGUR30TAB, WOODS LOZENGES 6'S
125000769;Januari 06, 2025;CEREBROFORT M.G. AGGR SCH, SAKATONIK ABC ANTARIKSA 30 TAB, SAKATONIK ABC ORANGE 30TAB, WOODS LOZENGES CHERRY 6'S, WOODS LOZENGES 6'S, WOODS LOZ HONEY LEMON
125000770;Januari 06, 2025;PUYER OSK BT NO.16/BOX, PROCOLD FLU PE
125000772;Januari 06, 2025;KOMIX OBH PE, PROMAG SUSPENSI BTL 60 ML, PROMAG TABLET
125000786;Januari 06, 2025;CEREBROFORT GOLD ORANGE 100 ML, WOODS EXPECTORANT 60 ML, MIXAGRIP FLU KAPLET 25X4, SAKATONIK ABC ANGGUR30TAB, SAKATONIK ABC ORANGE 30TAB
125000793;Januari 06, 2025;CEREBROFORT GOLD ORANGE 100 ML, CEREBROFORT GOLD ORANGE 200 ML, SAKATONIK ABC STRAW 30TAB, SAKATONIK ABC ORANGE 30TAB
125000803;Januari 06, 2025;WOODS COUGH SYR ATT 100ML, WOODS COUGH SYR ATT  60ML, WOODS EXPECTORANT 60 ML, WOODS EXPECTORANT 100 ML
125000805;Januari 06, 2025;KOMIX HERBAL 15 ML, KOMIX OBH PE, CEREBROFORT M.G. AGGR SCH, CEREBROFORT MG MGA SCH, CEREBROFORT MG STRAW SCH
125000808;Januari 06, 2025;KOMIX OBH PE, H2 HEMORID 36 KAPS
125000809;Januari 06, 2025;CEREBROVIT XCEL 10 CAPS, WOODS NATURALS SYR 60 ML, MIXAGRIP FLU KAPLET 25X4, SAKATONIK ABC ANGGUR30TAB
125000818;Januari 06, 2025;KOMIX J.NIPIS G-FORMULA B, KOMIX OBH PE
125000839;Januari 06, 2025;KALPANAX SALEP 6G/12, PROMAG SUSPENSI BTL 60 ML, FATIGON SPIRIT BOX 10X6S, SAKATONIK ABC ANTARIKSA 30 TAB, SAKATONIK ABC STRAW 30TAB, SAKATONIK ABC ANGGUR30TAB, SAKATONIK ABC ORANGE 30TAB
125000840;Januari 06, 2025;KALPANAX K CREAM 5 GR, KALPANAX KRIM 10 GR, WOODS COUGH SYR ATT 100ML, WOODS COUGH SYR ATT  60ML, WOODS EXPECTORANT 60 ML, WOODS EXPECTORANT 100 ML, FATIGON KAPLET 10X6S
125000842;Januari 06, 2025;CEREBROFORT GOLD ORANGE 100 ML, CEREBROFORT GOLD STRAWBERY, SAKATONIK ABC ANTARIKSA 30 TAB, SAKATONIK ABC STRAW 30TAB, SAKATONIK ABC ANGGUR30TAB
125000843;Januari 06, 2025;KALPANAX K CREAM 5 GR, KALPANAX KRIM 10 GR, ENTROSTOP 10'S, PROMAG TABLET
125000847;Januari 06, 2025;KALPANAX K CREAM 5 GR, KALPANAX SALEP 6G/12, KALPANAX KRIM 10 GR, ENTROSTOP 10'S
125000868;Januari 06, 2025;CEREBROFORT GOLD ORANGE 100 ML, CEREBROFORT GOLD ORANGE 200 ML, WOODS COUGH SYR ATT  60ML
125000874;Januari 06, 2025;WOODS EXPECTORANT 60 ML, PROMAG TABLET
125000882;Januari 06, 2025;SKT ACTIV SIRUP 100 ML, SKT ACTIV SIRUP 300 ML, WOODS COUGH SYR ATT 100ML
125000885;Januari 06, 2025;KOMIX OBH PE, KALPANAX K CREAM 5 GR
125000890;Januari 06, 2025;WOODS COUGH SYR ATT  60ML, WOODS EXPECTORANT 60 ML
125000897;Januari 06, 2025;KOMIX KID STRAWBERRY PACK, KOMIX J.NIPIS G-FORMULA B, KOMIX KID OBH PE
125000900;Januari 06, 2025;WOODS COUGH SYR ATT  60ML, WOODS EXPECTORANT 60 ML, PUYER OSK BT NO.16/BOX, CEREBROFORT M.G. AGGR SCH, CEREBROFORT MG MGA SCH, CEREBROFORT MG STRAW SCH, FATIGON KAPLET 10X6S, FATIGON SPIRIT BOX 10X6S, ENTROSTOP 10'S, SAKATONIK ABC ANGGUR30TAB
125000901;Januari 06, 2025;KALPANAX K CREAM 5 GR, KALPANAX KRIM 10 GR, WOODS COUGH SYR ATT 100ML, WOODS EXPECTORANT 100 ML, PROMAG TABLET
125000903;Januari 06, 2025;KOMIX OBH PE, PROMAG TABLET
125000905;Januari 06, 2025;ENTROSTOP 10'S, SAKATONIK ACTIV MULTIVIT ZAT BESI - KAPLET 6S
125000906;Januari 06, 2025;KOMIX J.NIPIS G-FORMULA B, KOMIX PEPP.G-FORMULA BOX, KOMIX OBH PE
125000922;Januari 06, 2025;KALPANAX K CREAM 5 GR, CEREBROFORT GOLD ORANGE 100 ML, CEREBROFORT GOLD STRAWBERY
125000924;Januari 06, 2025;WOODS EXPECTORANT 60 ML, SKT ABC CURCUMA MADU
125000925;Januari 06, 2025;KOMIX HERBAL 15 ML, KOMIX HERBAL PEPPERMINT, KOMIX OBH PE
125000948;Januari 06, 2025;KALPANAX K CREAM 5 GR, KALPANAX KRIM 10 GR
125000952;Januari 06, 2025;KALPANAX K CREAM 5 GR, PROMAG TABLET
125000957;Januari 06, 2025;PROMAG HERBAL 15 ML, SAKATONIK ABC ANTARIKSA 30 TAB
125000958;Januari 06, 2025;BEJO JAHE MERAH HERBAL 6S MT, KOMIX HERBAL PEPPERMINT, KALPANAX K CREAM 5 GR, KALPANAX SALEP 6G/12, KALPANAX KRIM 10 GR, CEREBROFORT GOLD ORANGE 100 ML, CEREBROFORT GOLD STRAWBERY, WOODS COUGH SYR ATT  60ML
125000971;Januari 06, 2025;PROMAG HERBAL 15 ML, SKT ACTIV SIRUP 100 ML, PROMAG TABLET, SAKATONIK ABC ANTARIKSA 30 TAB, SAKATONIK ABC ANGGUR30TAB, SAKATONIK ABC ORANGE 30TAB
125000972;Januari 06, 2025;BEJO JAHE MERAH HERBAL 12 SC, SKT ABC CURCUMA MADU
125000988;Januari 06, 2025;KALPANAX K CREAM 5 GR, CEREBROFORT GOLD ORANGE 100 ML, CEREBROFORT GOLD STRAWBERY
125000989;Januari 06, 2025;CEREBROFORT M.G. AGGR SCH, CEREBROFORT MG MGA SCH, CEREBROFORT MG STRAW SCH, SAKATONIK ABC ANTARIKSA 30 TAB, SAKATONIK ABC STRAW 30TAB, SAKATONIK ABC ANGGUR30TAB, SAKATONIK ABC ORANGE 30TAB
125000990;Januari 06, 2025;ENTROSTOP 10'S, MIXAGRIP FLU KAPLET 25X4
125001000;Januari 06, 2025;KALPANAX SALEP 6G/12, WOODS'LOZ BLACKCURRANT, WOODS LOZENGES 6'S
125001004;Januari 06, 2025;KOMIX OBH PE, FATIGON KAPLET 10X6S
125001006;Januari 06, 2025;BEJO JAHE MERAH HERBAL 12 SC, WOODS COUGH SYR ATT  60ML
125001012;Januari 06, 2025;PROMAG SUSPENSI BTL 60 ML, PROMAG TABLET, SAKATONIK ABC ANTARIKSA 30 TAB, SAKATONIK ABC STRAW 30TAB, SAKATONIK ABC ORANGE 30TAB
125001018;Januari 06, 2025;PROMAG HERBAL 15 ML, PROMAG TABLET
125001043;Januari 06, 2025;MIXAGRIP HERBAL GREGES, BEJO JAHE MERAH HERBAL 12 SC
125001047;Januari 06, 2025;KALPANAX K CREAM 5 GR, KALPANAX SALEP 6G/12, KALPANAX KRIM 10 GR, WOODS COUGH SYR ATT 100ML, WOODS COUGH SYR ATT  60ML, WOODS EXPECTORANT 60 ML, CEREBROFORT M.G. AGGR SCH, CEREBROFORT MG STRAW SCH, FATIGON KAPLET 10X6S
125001050;Januari 06, 2025;PUYER OSK BT NO.16/BOX, KALPANAX KRIM 10 GR, ENTROSTOP 10'S
125001066;Januari 06, 2025;KALPANAX SALEP 6G/12, PROMAG SUSPENSI 10ML/6, SKT ABC CURCUMA MADU
125001067;Januari 06, 2025;KALPANAX K CREAM 5 GR, KALPANAX SALEP 6G/12, WOODS EXPECTORANT 60 ML, WOODS EXPECTORANT 100 ML, WOODS NATURALS SYR 60 ML, FATIGON KAPLET 10X6S
125001069;Januari 06, 2025;KALPANAX K CREAM 5 GR, KALPANAX KRIM 10 GR, PROMAG SUSPENSI BTL 60 ML, WOODS COUGH SYR ATT  60ML
125001071;Januari 06, 2025;H2 HEMORID 36 KAPS, WOODS COUGH SYR ATT 100ML, WOODS COUGH SYR ATT  60ML, WOODS EXPECTORANT 60 ML
125001074;Januari 06, 2025;CEREBROFORT GOLD ORANGE 100 ML, CEREBROFORT GOLD STRAWBERY, CEREBROFORT MG MGA SCH, FATIGON KAPLET 10X6S
125001101;Januari 07, 2025;SAKATONIK ACTIV MULTIVIT ZAT BESI - KAPLET 6S, SAKATONIK ABC STRAW 30TAB, SAKATONIK ABC ANGGUR30TAB, SAKATONIK ABC ORANGE 30TAB, SKT ABC CURCUMA MADU
125001106;Januari 07, 2025;KALPANAX K CREAM 5 GR, PUYER OSK BT NO.16/BOX, FATIGON SPIRIT BOX 10X6S, ENTROSTOP 10'S
125001112;Januari 07, 2025;KALPANAX K CREAM 5 GR, KALPANAX SALEP 6G/12, KOMIX OBH PE
125001152;Januari 07, 2025;CEREBROFORT GOLD ORANGE 100 ML, PROMAG HERBAL 15 ML
125001158;Januari 07, 2025;CEREBROFORT GOLD ORANGE 100 ML, CEREBROFORT GOLD ORANGE 200 ML, PROMAG SUSPENSI BTL 60 ML, WOODS COUGH SYR ATT  60ML, PROMAG TABLET, SAKATONIK ABC STRAW 30TAB
125001169;Januari 07, 2025;BEJO JAHE MERAH HERBAL 6S MT, BEJO JAHE MERAH HERBAL 12 SC, CEREBROFORT MG STRAW SCH, SAKATONIK ABC ANGGUR30TAB, SAKATONIK ABC ORANGE 30TAB, SKT ABC CURCUMA MADU
125001190;Januari 07, 2025;KOMIX OBH PE, PUYER OSK BT NO.16/BOX
125001191;Januari 07, 2025;WAISAN NEW FORMULA  /LUSIN, KALPANAX K CREAM 5 GR, PROMAG TABLET
125001193;Januari 07, 2025;ENTROSTOP 10'S, PROMAG TABLET
125001209;Januari 07, 2025;KOMIX OBH PE, WOODS COUGH SYR ATT  60ML, WOODS EXPECTORANT 60 ML
125001215;Januari 07, 2025;SAKATONIK ABC ANTARIKSA 30 TAB, SAKATONIK ABC STRAW 30TAB, SAKATONIK ABC ANGGUR30TAB, SAKATONIK ABC ORANGE 30TAB
125001244;Januari 07, 2025;KALPANAX K CREAM 5 GR, KALPANAX KRIM 10 GR
125001248;Januari 07, 2025;BEJO JAHE MERAH HERBAL 12 SC, KOMIX HERBAL 15 ML, KALPANAX K CREAM 5 GR, KALPANAX SALEP 6G/12, KALPANAX KRIM 10 GR, PROMAG SUSPENSI BTL 60 ML, WOODS COUGH SYR ATT  60ML, WOODS EXPECTORANT 60 ML, WOODS EXPECTORANT 100 ML, PROMAG TABLET, SAKATONIK ABC STRAW 30TAB, SAKATONIK ABC ORANGE 30TAB, WOODS'LOZ BLACKCURRANT, WOODS LOZ HONEY LEMON
125001250;Januari 07, 2025;PROMAG HERBAL 15 ML, SKT ACTIV SIRUP 100 ML
125001251;Januari 07, 2025;KALPANAX SALEP 6G/12, WOODS COUGH SYR ATT  60ML
125001259;Januari 07, 2025;BEJO JAHE MERAH HERBAL 12 SC, KOMIX HERBAL PEPPERMINT
125001262;Januari 07, 2025;KOMIX HERBAL 15 ML, PROMAG HERBAL 15 ML
125001278;Januari 07, 2025;KALPANAX K CREAM 5 GR, ENTROSTOP 10'S, SAKATONIK ABC ANGGUR30TAB
125001292;Januari 07, 2025;KOMIX J.NIPIS G-FORMULA B, PROMAG TABLET
125001295;Januari 07, 2025;KALPANAX K CREAM 5 GR, PROMAG HERBAL 15 ML, PROMAG TABLET
125001296;Januari 07, 2025;WAISAN NEW FORMULA  /LUSIN, ENTROSTOP 10'S, PROCOLD FLU PE
125001304;Januari 07, 2025;BEJO JAHE MERAH HERBAL 12 SC, CEREBROVIT XCEL 10 CAPS
125001317;Januari 07, 2025;KALPANAX K CREAM 5 GR, KALPANAX SALEP 6G/12, KALPANAX KRIM 10 GR, KOMIX HERBAL 15 ML, WOODS COUGH SYR ATT  60ML
125001322;Januari 07, 2025;BEJO JAHE MERAH HERBAL 6S MT, WOODS LOZENGES ORANGE VITAMIN C
125001339;Januari 07, 2025;BEJO JAHE MERAH HERBAL 12 SC, WOODS COUGH SYR ATT  60ML, WOODS EXPECTORANT 60 ML
125001342;Januari 07, 2025;KOMIX HERBAL 15 ML, SAKATONIK ABC ANGGUR30TAB
125001346;Januari 07, 2025;EXTRA JOSS SPORT 5 TB, EXTRA JOSS SPORT GEL 2 TB
125001390;Januari 07, 2025;ENTROSTOP 10'S, WOODS LOZENGES 6'S
125001411;Januari 07, 2025;CEREBROFORT M.G. AGGR SCH, CEREBROFORT MG STRAW SCH, SAKATONIK ABC STRAW 30TAB
125001423;Januari 07, 2025;BEJO ANAK JAHE MERAH 5S, KOMIX HERBAL 15 ML, KOMIX HERBAL PEPPERMINT, B7 SLASI JERUK NIPIS 12'S, EXTRA JOSS ACTIVE 12SCH
125001427;Januari 07, 2025;BEJO ANAK JAHE MERAH 5S, B7 SLASI JERUK NIPIS 12'S
125001441;Januari 07, 2025;BEJO JAHE MERAH HERBAL 12 SC, ENTROSTOP 10'S
125001450;Januari 07, 2025;KALPANAX K CREAM 5 GR, BEJO JAHE MERAH HERBAL 12 SC, KOMIX OBH PE
125001451;Januari 07, 2025;PROMAG SUSPENSI BTL 60 ML, PROMAG TABLET
125001452;Januari 07, 2025;SAKATONIK ABC ANTARIKSA 30 TAB, SAKATONIK ABC STRAW 30TAB, SAKATONIK ABC ANGGUR30TAB, SAKATONIK ABC ORANGE 30TAB, SKT ABC CURCUMA MADU
125001465;Januari 07, 2025;KALPANAX SALEP 6G/12, PROMAG HERBAL 15 ML, CEREBROFORT M.G. AGGR SCH, CEREBROFORT MG STRAW SCH, FATIGON SPIRIT BOX 10X6S, SAKATONIK ACTIV MULTIVIT ZAT BESI - KAPLET 6S, SAKATONIK ABC ANTARIKSA 30 TAB, SAKATONIK ABC STRAW 30TAB
125001467;Januari 07, 2025;KALPANAX K CREAM 5 GR, PROMAG SUSPENSI 10ML/6, WOODS EXPECTORANT 60 ML, ENTROSTOP 10'S, PROMAG TABLET
125001468;Januari 07, 2025;MIXAGRIP FLU KAPLET 25X4, PROCOLD FLU PE
125001469;Januari 07, 2025;WOODS COUGH SYR ATT  60ML, PROCOLD FLU BATUK PE
125001470;Januari 07, 2025;BEJO JAHE MERAH HERBAL 6S MT, BEJO JAHE MERAH HERBAL 12 SC, EXTRA JOSS SPORT GEL 2 TB, KOMIX HERBAL 15 ML
125001493;Januari 08, 2025;WOODS COUGH SYR ATT 100ML, SAKATONIK ABC ANGGUR30TAB, SAKATONIK ABC ORANGE 30TAB, WOODS LOZENGES 6'S
125001520;Januari 08, 2025;PROMAG SUSPENSI 10ML/6, PROMAG HERBAL 15 ML, PROMAG TABLET, SAKATONIK ABC STRAW 30TAB
125001532;Januari 08, 2025;BEJO JAHE MERAH HERBAL 12 SC, KALPANAX K CREAM 5 GR
125001533;Januari 08, 2025;BEJO JAHE MERAH HERBAL 12 SC, PROMAG TABLET, SAKATONIK ABC ANTARIKSA 30 TAB, SAKATONIK ABC STRAW 30TAB, SAKATONIK ABC ANGGUR30TAB
125001540;Januari 08, 2025;BEJO JAHE MERAH HERBAL 12 SC, PROMAG TABLET, SAKATONIK ABC STRAW 30TAB, SAKATONIK ABC ANGGUR30TAB
125001551;Januari 08, 2025;PROMAG SUSPENSI BTL 60 ML, PROMAG HERBAL 15 ML, WOODS EXPECTORANT 60 ML, PROMAG TABLET, WOODS LOZENGES 6'S
125001555;Januari 08, 2025;BEJO ANAK JAHE MERAH 5S, BEJO JAHE MERAH HERBAL 12 SC, B7 SLASI JERUK NIPIS 12'S
125001556;Januari 08, 2025;WOODS COUGH SYR ATT  60ML, PROMAG TABLET
125001557;Januari 08, 2025;KALPANAX K CREAM 5 GR, PROMAG HERBAL 15 ML, WOODS COUGH SYR ATT 100ML, WOODS COUGH SYR ATT  60ML, WOODS EXPECTORANT 60 ML, ENTROSTOP 10'S, PROMAG TABLET
125001559;Januari 08, 2025;PROMAG SUSPENSI 10ML/6, SAKATONIK ABC ANGGUR30TAB, WOODS LOZENGES 6'S
125001577;Januari 08, 2025;BEJO JAHE MERAH HERBAL 12 SC, PROMAG SUSPENSI BTL 60 ML, PROMAG SUSPENSI 10ML/6, PROMAG HERBAL 15 ML, PROMAG TABLET
125001578;Januari 08, 2025;CEREBROVIT XCEL 10 CAPS, PROMAG HERBAL 15 ML, WOODS COUGH SYR ATT 100ML, WOODS COUGH SYR ATT  60ML, WOODS EXPECTORANT 60 ML, MIXAGRIP FLU KAPLET 25X4, PROCOLD FLU PE, PROMAG TABLET
125001579;Januari 08, 2025;KALPANAX K CREAM 5 GR, WOODS COUGH SYR ATT  60ML, WOODS EXPECTORANT 60 ML, WOODS EXPECTORANT 100 ML, WOODS NATURALS SYR 60 ML, PROMAG TABLET
125001598;Januari 08, 2025;SAKATONIK ABC STRAW 30TAB, SAKATONIK ABC ANGGUR30TAB, SAKATONIK ABC ORANGE 30TAB
125001599;Januari 08, 2025;CEREBROVIT XCEL 10 CAPS, WOODS COUGH SYR ATT 100ML, WOODS COUGH SYR ATT  60ML, WOODS EXPECTORANT 60 ML, WOODS NATURALS SYR 60 ML
125001624;Januari 08, 2025;WOODS COUGH SYR ATT 100ML, WOODS EXPECTORANT 60 ML
125001630;Januari 08, 2025;KALPANAX KRIM 10 GR, PROMAG SUSPENSI BTL 60 ML, PROMAG HERBAL 15 ML, SAKATONIK ABC STRAW 30TAB, SAKATONIK ABC ANGGUR30TAB, SAKATONIK ABC ORANGE 30TAB, SKT ABC CURCUMA MADU
125001632;Januari 08, 2025;BEJO JAHE MERAH HERBAL 12 SC, WOODS NATURALS SYR 60 ML
125001641;Januari 08, 2025;WOODS NATURALS SYR 60 ML, PROMAG TABLET
125001642;Januari 08, 2025;KALPANAX K CREAM 5 GR, PROMAG SUSPENSI 10ML/6, PROMAG HERBAL 15 ML, PROMAG TABLET, WOODS COUGH SYR ATT  60ML
125001646;Januari 08, 2025;CEREBROFORT GOLD STRAWBERY, WOODS COUGH SYR ATT  60ML
125001647;Januari 08, 2025;CEREBROFORT GOLD ORANGE 200 ML, WOODS LOZENGES 6'S
125001651;Januari 08, 2025;KOMIX HERBAL 15 ML, PROMAG HERBAL 15 ML, PROCOLD FLU PE, PROMAG TABLET
125001656;Januari 08, 2025;KALPANAX K CREAM 5 GR, KALPANAX SALEP 6G/12, KALPANAX KRIM 10 GR
125001668;Januari 08, 2025;ENTROSTOP 10'S, WOODS COUGH SYR ATT  60ML
125001671;Januari 08, 2025;CEREBROFORT GOLD ORANGE 100 ML, CEREBROFORT GOLD STRAWBERY, PROMAG HERBAL 15 ML
125001683;Januari 08, 2025;WOODS COUGH SYR ATT  60ML, FATIGON KAPLET 10X6S, PROMAG TABLET
125001688;Januari 08, 2025;BEJO JAHE MERAH HERBAL 6S MT, KOMIX HERBAL 15 ML, PROMAG HERBAL 15 ML, WAISAN NEW FORMULA  /LUSIN, PROMAG TABLET
125001696;Januari 08, 2025;BEJO ANAK JAHE MERAH 5S, BEJO JAHE MERAH HERBAL 12 SC, B7 SLASI JERUK NIPIS 12'S
125001703;Januari 08, 2025;BEJO JAHE MERAH HERBAL 12 SC, SAKATONIK ABC STRAW 30TAB, SAKATONIK ABC ANGGUR30TAB, SAKATONIK ABC ORANGE 30TAB, SKT ABC CURCUMA MADU
125001719;Januari 08, 2025;KALPANAX SALEP 6G/12, SKT ACTIV SIRUP 300 ML, FATIGON KAPLET 10X6S, FATIGON SPIRIT BOX 10X6S
125001725;Januari 08, 2025;KALPANAX K CREAM 5 GR, CEREBROVIT XCEL 10 CAPS, PROMAG HERBAL 15 ML, WOODS COUGH SYR ATT 100ML, WOODS COUGH SYR ATT  60ML, WOODS EXPECTORANT 60 ML, WOODS NATURALS SYR 60 ML, MIXAGRIP FLU KAPLET 25X4, PROCOLD FLU PE, PROMAG TABLET
125001726;Januari 08, 2025;KALPANAX K CREAM 5 GR, WOODS COUGH SYR ATT 100ML, WOODS EXPECTORANT 100 ML, WOODS NATURALS SYR 60 ML
125001740;Januari 08, 2025;KOMIX J.NIPIS G-FORMULA B, KOMIX OBH PE
125001748;Januari 08, 2025;WOODS COUGH SYR ATT  60ML, ENTROSTOP 10'S
125001797;Januari 08, 2025;BEJO JAHE MERAH HERBAL 6S MT, SAKATONIK ABC STRAW 30TAB, SAKATONIK ABC ANGGUR30TAB, SAKATONIK ABC ORANGE 30TAB
125001817;Januari 08, 2025;SAKATONIK ABC ANTARIKSA 30 TAB, SAKATONIK ABC STRAW 30TAB, SAKATONIK ABC ANGGUR30TAB, SAKATONIK ABC ORANGE 30TAB
125001842;Januari 08, 2025;CEREBROFORT MG STRAW SCH, WOODS LOZENGES 6'S
125001860;Januari 08, 2025;MIXAGRIP FLU KAPLET 25X4, PROCOLD FLU PE
125001887;Januari 09, 2025;KALPANAX KRIM 10 GR, ENTROSTOP 10'S, WOODS LOZENGES LEMON VITAMIN C
125001896;Januari 09, 2025;FATIGON KAPLET 10X6S, FATIGON SPIRIT BOX 10X6S
125001913;Januari 09, 2025;KALPANAX KRIM 10 GR, ENTROSTOP 10'S
125001938;Januari 09, 2025;WOODS EXPECTORANT 60 ML, ENTROSTOP 10'S
125001948;Januari 09, 2025;PROMAG SUSPENSI BTL 60 ML, PROMAG TABLET
125001950;Januari 09, 2025;BEJO JAHE MERAH HERBAL 12 SC, SAKATONIK ABC STRAW 30TAB, SKT ABC CURCUMA MADU
125001957;Januari 09, 2025;EXTRA JOSS ACTIVE 12SCH, EXTRA JOSS GO RASA ANGGUR, EXTRA JOSS MANGGA LAKI
125001959;Januari 09, 2025;KOMIX HERBAL 15 ML, WOODS COUGH SYR ATT  60ML, WOODS EXPECTORANT 60 ML
125001985;Januari 09, 2025;KALPANAX K CREAM 5 GR, PROMAG TABLET
125001997;Januari 09, 2025;PROMAG HERBAL 15 ML, PROMAG TABLET
125002012;Januari 09, 2025;KALPANAX SALEP 6G/12, PROMAG SUSPENSI 10ML/6
125002016;Januari 09, 2025;WOODS EXPECTORANT 60 ML, PROMAG TABLET
125002019;Januari 09, 2025;BEJO JAHE MERAH HERBAL 12 SC, KOMIX HERBAL 15 ML, KOMIX HERBAL PEPPERMINT, B7 SLASI JERUK NIPIS 12'S, EXTRA JOSS GO RASA ANGGUR, EXTRA JOSS MANGGA LAKI
125002023;Januari 09, 2025;KOMIX HERBAL PEPPERMINT, WOODS EXPECTORANT 60 ML, ENTROSTOP 10'S, WOODS'LOZ BLACKCURRANT, WOODS LOZENGES CHERRY 6'S, WOODS LOZENGES 6'S, WOODS LOZ HONEY LEMON
125002026;Januari 09, 2025;WOODS COUGH SYR ATT  60ML, WOODS EXPECTORANT 60 ML, MIXAGRIP FLU KAPLET 25X4, PROMAG TABLET
125002033;Januari 09, 2025;BEJO JAHE MERAH HERBAL 12 SC, PUYER OSK BT NO.16/BOX
125002035;Januari 09, 2025;CEREBROFORT GOLD ORANGE 100 ML, ENTROSTOP 10'S, WOODS COUGH SYR ATT 100ML, WOODS EXPECTORANT 100 ML
125002038;Januari 09, 2025;KALPANAX K CREAM 5 GR, KALPANAX SALEP 6G/12, KALPANAX KRIM 10 GR, WOODS NATURALS SYR 60 ML
125002047;Januari 09, 2025;WOODS COUGH SYR ATT  60ML, WOODS EXPECTORANT 60 ML
125002057;Januari 09, 2025;SAKATONIK ABC ANTARIKSA 30 TAB, SAKATONIK ABC STRAW 30TAB, SKT ABC CURCUMA MADU
125002062;Januari 09, 2025;ENTROSTOP 10'S, PROMAG TABLET
125002074;Januari 09, 2025;WOODS EXPECTORANT 100 ML, SAKATONIK ABC ORANGE 30TAB
125002096;Januari 09, 2025;SAKATONIK ABC ANTARIKSA 30 TAB, SAKATONIK ABC STRAW 30TAB, SAKATONIK ABC ANGGUR30TAB, SAKATONIK ABC ORANGE 30TAB
125002104;Januari 09, 2025;KOMIX HERBAL 15 ML, PROMAG SUSPENSI 10ML/6
125002107;Januari 09, 2025;KALPANAX K CREAM 5 GR, CEREBROVIT XCEL 10 CAPS, CEREBROFORT GOLD ORANGE 100 ML, ENTROSTOP HERBAL DEWASA 15 ML, PROMAG SUSPENSI 10ML/6, PROMAG HERBAL 15 ML, PROMAG TABLET, SAKATONIK ABC ANGGUR30TAB
125002114;Januari 09, 2025;PROMAG HERBAL 15 ML, FATIGON KAPLET 10X6S, PROMAG TABLET
125002125;Januari 09, 2025;PROMAG HERBAL 15 ML, WOODS COUGH SYR ATT  60ML, PROMAG TABLET, SAKATONIK ABC STRAW 30TAB, SAKATONIK ABC ANGGUR30TAB, SAKATONIK ABC ORANGE 30TAB
125002131;Januari 09, 2025;WOODS COUGH SYR ATT  60ML, WOODS EXPECTORANT 60 ML
125002136;Januari 09, 2025;SAKATONIK ABC ANTARIKSA 30 TAB, SAKATONIK ABC ANGGUR30TAB, SAKATONIK ABC ORANGE 30TAB
125002142;Januari 09, 2025;ENTROSTOP HERBAL DEWASA 15 ML, CEREBROFORT M.G. AGGR SCH, CEREBROFORT MG MGA SCH
125002343;Januari 10, 2025;WOODS COUGH SYR ATT  60ML, WOODS EXPECTORANT 60 ML
125002356;Januari 10, 2025;KOMIX HERBAL 15 ML, KOMIX HERBAL ORI PACK, KALPANAX K CREAM 5 GR
125002365;Januari 10, 2025;PUYER OSK BT NO.16/BOX, MIXAGRIP FLU KAPLET 25X4, PROMAG TABLET
125002391;Januari 10, 2025;KOMIX HERBAL JERUK NIPIS, KOMIX HERBAL ORI PACK, EXTRA JOSS ACTIVE 12SCH
125002392;Januari 10, 2025;KOMIX HERBAL JERUK NIPIS, KOMIX HERBAL 15 ML, KOMIX HERBAL ORI PACK, CEREBROFORT GOLD ORANGE 100 ML, CEREBROFORT GOLD ORANGE 200 ML, CEREBROFORT GOLD STRAWBERY
125002402;Januari 10, 2025;WOODS EXPECTORANT 60 ML, CEREBROFORT M.G. TROPICAL FRUIT, FATIGON SPIRIT BOX 10X6S
125002404;Januari 10, 2025;KALPANAX SALEP 6G/12, PROMAG SUSPENSI 10ML/6, PROMAG HERBAL 15 ML
125002407;Januari 10, 2025;WOODS EXPECTORANT 60 ML, WOODS LOZENGES CHERRY 6'S
125002415;Januari 10, 2025;KALPANAX K CREAM 5 GR, PROMAG TABLET
125002429;Januari 10, 2025;MIXAGRIP FLU &BATUK PE, PROCOLD FLU BATUK PE
125002439;Januari 10, 2025;KOMIX HERBAL 15 ML, KOMIX OBH PE, WOODS LOZENGES 6'S
125002442;Januari 10, 2025;KALPANAX K CREAM 5 GR, KALPANAX KRIM 10 GR, ENTROSTOP 10'S, SAKATONIK ABC STRAW 30TAB, SKT ABC CURCUMA MADU
125002444;Januari 10, 2025;WOODS COUGH SYR ATT  60ML, WOODS EXPECTORANT 60 ML, WOODS NATURALS SYR 60 ML, WOODS LOZENGES CHERRY 6'S, WOODS LOZENGES ORANGE VITAMIN C
125002454;Januari 10, 2025;KOMIX HERBAL 15 ML, ENTROSTOP HERBAL ANAK, ENTROSTOP 10'S
125002472;Januari 10, 2025;KOMIX HERBAL JERUK NIPIS, KOMIX HERBAL ORI PACK, KOMIX HERBAL PEPPERMINT
125002477;Januari 10, 2025;KOMIX HERBAL 15 ML, KALPANAX SALEP 6G/12, CEREBROVIT XCEL 10 CAPS, PROMAG HERBAL 15 ML, WOODS COUGH SYR ATT  60ML, WOODS EXPECTORANT 60 ML, SAKATONIK ABC STRAW 30TAB, SAKATONIK ABC ANGGUR30TAB, SAKATONIK ABC ORANGE 30TAB
125002478;Januari 10, 2025;SAKATONIK ABC STRAW 30TAB, SAKATONIK ABC ORANGE 30TAB
125002482;Januari 10, 2025;ENTROSTOP HERBAL ANAK, PROMAG TABLET
125002501;Januari 10, 2025;ENTROSTOP HERBAL ANAK, KOMIX HERBAL JERUK NIPIS, KOMIX HERBAL 15 ML, KOMIX HERBAL ORI PACK, FATIGON SPIRIT BOX 10X6S
125002507;Januari 10, 2025;BEJO JAHE MERAH HERBAL 12 SC, EXTRA JOSS ACTIVE 12SCH
125002514;Januari 10, 2025;PROMAG HERBAL 15 ML, PROMAG TABLET
125002525;Januari 10, 2025;ENTROSTOP HERBAL DEWASA 15 ML, FATIGON SPIRIT BOX 10X6S
125002526;Januari 10, 2025;WOODS COUGH SYR ATT 100ML, WOODS EXPECTORANT 60 ML
125002529;Januari 10, 2025;WOODS EXPECTORANT 60 ML, SAKATONIK ABC STRAW 30TAB, SAKATONIK ABC ORANGE 30TAB
125002535;Januari 10, 2025;KALPANAX K CREAM 5 GR, KALPANAX SALEP 6G/12, KALPANAX KRIM 10 GR, BEJO JAHE MERAH HERBAL 12 SC, CEREBROFORT GOLD ORANGE 100 ML, CEREBROFORT GOLD STRAWBERY, KOMIX HERBAL ORI PACK, KOMIX KID OBH PE, KOMIX OBH PE, PROMAG SUSPENSI BTL 60 ML, WOODS EXPECTORANT 60 ML, PUYER OSK BT NO.16/BOX, CEREBROFORT MG JRK SCH, MIXAGRIP FLU KAPLET 25X4, ENTROSTOP 10'S, PROMAG TABLET, SAKATONIK ABC ANTARIKSA 30 TAB, SAKATONIK ABC STRAW 30TAB, SAKATONIK ABC ANGGUR30TAB, SAKATONIK ABC ORANGE 30TAB, BEJO JAHE MERAH HERBAL 6S MT
125002536;Januari 10, 2025;KOMIX JAHE G-FORMULA BOX, KOMIX KID STRAWBERRY PACK, KOMIX J.NIPIS G-FORMULA B
125002537;Januari 10, 2025;WOODS COUGH SYR ATT 100ML, PROCOLD FLU BATUK PE
125002538;Januari 10, 2025;PROMAG HERBAL 15 ML, PROCOLD FLU PE
125002539;Januari 10, 2025;PUYER OSK BT NO.16/BOX, KALPANAX K CREAM 5 GR, KALPANAX SALEP 6G/12, SKT ACTIV SIRUP 100 ML, WOODS COUGH SYR ATT  60ML, WOODS EXPECTORANT 60 ML, MIXAGRIP FLU KAPLET 25X4, ENTROSTOP 10'S, PROCOLD FLU PE, PROMAG TABLET, SAKATONIK ABC STRAW 30TAB, SAKATONIK ABC ORANGE 30TAB
125002541;Januari 10, 2025;PROMAG SUSPENSI BTL 60 ML, PROMAG TABLET
125002556;Januari 10, 2025;WOODS EXPECTORANT 60 ML, PROCOLD FLU PE, PROMAG TABLET
125002562;Januari 10, 2025;PUYER OSK BT NO.16/BOX, ENTROSTOP HERBAL ANAK
125002577;Januari 10, 2025;KOMIX HERBAL JERUK NIPIS, KOMIX HERBAL 15 ML, KOMIX HERBAL ORI PACK
125002592;Januari 10, 2025;KOMIX KID STRAWBERRY PACK, KOMIX KID OBH PE
125002593;Januari 10, 2025;KOMIX HERBAL JERUK NIPIS, KOMIX HERBAL ORI PACK
125002594;Januari 10, 2025;PROMAG TABLET, WOODS EXPECTORANT 60 ML
125002625;Januari 10, 2025;KOMIX HERBAL 15 ML, KOMIX OBH
125002653;Januari 10, 2025;KALPANAX SALEP 6G/12, PROMAG HERBAL 15 ML, SAKATONIK ABC STRAW 30TAB
125002703;Januari 11, 2025;KOMIX HERBAL ORI PACK, KOMIX HERBAL PEPPERMINT
125002728;Januari 13, 2025;KALPANAX KRIM 10 GR, WOODS LOZENGES CHERRY 6'S
125002729;Januari 13, 2025;PROMAG SUSPENSI BTL 60 ML, SAKATONIK ABC ANTARIKSA 30 TAB
125002735;Januari 13, 2025;WOODS EXPECTORANT 60 ML, ENTROSTOP 10'S
125002753;Januari 13, 2025;KOMIX HERBAL JERUK NIPIS, KOMIX HERBAL 15 ML, KOMIX HERBAL ORI PACK, KOMIX OBH PE
125002759;Januari 13, 2025;KOMIX HERBAL ORI PACK, WOODS EXPECTORANT 60 ML, WOODS EXPECTORANT 100 ML, WOODS LOZENGES 6'S
125002766;Januari 13, 2025;B7 SLASI JERUK NIPIS 12'S, KALPANAX K CREAM 5 GR, PROMAG TABLET
125002775;Januari 13, 2025;KALPANAX K CREAM 5 GR, KALPANAX SALEP 6G/12
125002776;Januari 13, 2025;PROMAG SUSPENSI BTL 60 ML, PROMAG SUSPENSI 10ML/6, SKT ACTIV SIRUP 100 ML
125002786;Januari 13, 2025;CEREBROFORT GOLD ORANGE 100 ML, WOODS COUGH SYR ATT  60ML, PROMAG TABLET
125002792;Januari 13, 2025;B7 SLASI JERUK NIPIS 12'S, PROMAG HERBAL 15 ML, ENTROSTOP 10'S
125002793;Januari 13, 2025;CEREBROFORT GOLD ORANGE 200 ML, PROMAG TABLET
125002814;Januari 13, 2025;KOMIX HERBAL JERUK NIPIS, KOMIX HERBAL 15 ML, PUYER OSK BT NO.16/BOX, SAKATONIK ABC ANTARIKSA 30 TAB, SAKATONIK ABC STRAW 30TAB, SAKATONIK ABC ANGGUR30TAB, SAKATONIK ABC ORANGE 30TAB
125002816;Januari 13, 2025;CEREBROFORT GOLD ORANGE 100 ML, CEREBROFORT GOLD ORANGE 200 ML, PROMAG HERBAL 15 ML, WOODS COUGH SYR ATT  60ML, CEREBROFORT MG JRK SCH
125002817;Januari 13, 2025;PROMAG HERBAL 15 ML, PROMAG TABLET
125002823;Januari 13, 2025;KALPANAX K CREAM 5 GR, WOODS COUGH SYR ATT 100ML, WOODS COUGH SYR ATT  60ML, WOODS EXPECTORANT 60 ML
125002827;Januari 13, 2025;ENTROSTOP HERBAL DEWASA 15 ML, ENTROSTOP HERBAL ANAK, KOMIX HERBAL 15 ML, KOMIX OBH PE, PUYER OSK BT NO.16/BOX, ENTROSTOP 10'S, PROCOLD FLU PE
125002829;Januari 13, 2025;CEREBROFORT GOLD ORANGE 100 ML, PROMAG HERBAL 15 ML
125002838;Januari 13, 2025;MIXAGRIP FLU KAPLET 25X4, PROCOLD FLU PE
125002842;Januari 13, 2025;KOMIX HERBAL 15 ML, SAKATONIK ABC STRAW 30TAB
125002843;Januari 13, 2025;KOMIX OBH PE, WOODS EXPECTORANT 60 ML, SAKATONIK ABC ANGGUR30TAB
125002846;Januari 13, 2025;KOMIX HERBAL 15 ML, ENTROSTOP 10'S, PROMAG TABLET
125002847;Januari 13, 2025;CEREBROFORT GOLD ORANGE 200 ML, CEREBROFORT GOLD STRAWBERY, PROMAG TABLET
125002849;Januari 13, 2025;KOMIX HERBAL 15 ML, KALPANAX SALEP 6G/12, ENTROSTOP HERBAL ANAK, WOODS EXPECTORANT 60 ML, WOODS EXPECTORANT 100 ML
125002851;Januari 13, 2025;PROMAG HERBAL 15 ML, WOODS EXPECTORANT 60 ML
125002858;Januari 13, 2025;KOMIX HERBAL 15 ML, WOODS COUGH SYR ATT  60ML
125002863;Januari 13, 2025;KOMIX HERBAL 15 ML, ENTROSTOP HERBAL ANAK, PROMAG HERBAL 15 ML, ENTROSTOP 10'S, PROMAG TABLET
125002864;Januari 13, 2025;CEREBROFORT GOLD ORANGE 100 ML, MIXAGRIP FLU KAPLET 25X4, SAKATONIK ABC STRAW 30TAB
125002876;Januari 13, 2025;KOMIX HERBAL JERUK NIPIS, KOMIX HERBAL ORI PACK, KOMIX HERBAL PEPPERMINT
125002880;Januari 13, 2025;KOMIX HERBAL ORI PACK, KALPANAX SALEP 6G/12, WOODS COUGH SYR ATT  60ML
125002888;Januari 13, 2025;KOMIX HERBAL JERUK NIPIS, KOMIX HERBAL 15 ML, KOMIX HERBAL ORI PACK, KOMIX HERBAL PEPPERMINT, KOMIX OBH PE
125002906;Januari 13, 2025;CEREBROFORT M.G. AGGR SCH, CEREBROFORT MG MGA SCH, CEREBROFORT MG STRAW SCH
125002913;Januari 13, 2025;KOMIX HERBAL 15 ML, PROMAG HERBAL 15 ML
125002920;Januari 13, 2025;ENTROSTOP HERBAL DEWASA 15 ML, PROMAG HERBAL 15 ML, FATIGON SPIRIT BOX 10X6S, ENTROSTOP 10'S
125002924;Januari 13, 2025;PUYER OSK BT NO.16/BOX, PROCOLD FLU PE
125002960;Januari 13, 2025;KOMIX HERBAL JERUK NIPIS, KOMIX HERBAL ORI PACK, KOMIX HERBAL PEPPERMINT
125002963;Januari 13, 2025;EXTRA JOSS ACTIVE 12SCH, FATIGON SPIRIT BOX 10X6S
125002964;Januari 13, 2025;CEREBROFORT GOLD ORANGE 200 ML, CEREBROFORT MG JRK SCH
125003002;Januari 13, 2025;SAKATONIK ABC ANTARIKSA 30 TAB, SAKATONIK ABC STRAW 30TAB, SAKATONIK ABC ORANGE 30TAB
125003010;Januari 13, 2025;PROMAG SUSPENSI BTL 60 ML, WOODS COUGH SYR ATT  60ML, WOODS EXPECTORANT 60 ML, PROCOLD FLU PE
125003015;Januari 13, 2025;CEREBROFORT GOLD ORANGE 100 ML, WOODS EXPECTORANT 60 ML
125003016;Januari 13, 2025;SKT ACTIV SIRUP 100 ML, SKT ACTIV SIRUP 300 ML, SAKATONIK ACTIV MULTIVIT ZAT BESI - KAPLET 6S
125003019;Januari 13, 2025;WOODS EXPECTORANT 60 ML, WOODS NATURALS SYR 60 ML, ENTROSTOP 10'S
125003031;Januari 13, 2025;KALPANAX K CREAM 5 GR, BEJO JAHE MERAH HERBAL 12 SC, PROMAG TABLET
125003033;Januari 13, 2025;ENTROSTOP HERBAL ANAK, PROMAG HERBAL 15 ML, WOODS EXPECTORANT 100 ML, PROCOLD FLU PE
125003038;Januari 13, 2025;KALPANAX SALEP 6G/12, KALPANAX KRIM 10 GR
125003052;Januari 13, 2025;KALPANAX SALEP 6G/12, CEREBROVIT XCEL 10 CAPS, CEREBROFORT GOLD ORANGE 100 ML, CEREBROFORT GOLD ORANGE 200 ML, CEREBROFORT GOLD STRAWBERY, ENTROSTOP HERBAL DEWASA 15 ML, PROMAG SUSPENSI BTL 60 ML, PROMAG SUSPENSI 10ML/6, PROMAG HERBAL 15 ML, SKT ACTIV SIRUP 100 ML, WOODS COUGH SYR ATT 100ML, WOODS COUGH SYR ATT  60ML, WOODS EXPECTORANT 60 ML, WOODS EXPECTORANT 100 ML, WOODS NATURALS SYR 60 ML, FATIGON KAPLET 10X6S, FATIGON SPIRIT BOX 10X6S, SAKATONIK ACTIV MULTIVIT ZAT BESI - KAPLET 6S, SAKATONIK ABC STRAW 30TAB, SAKATONIK ABC ANGGUR30TAB, WOODS'LOZ BLACKCURRANT, WOODS LOZ HONEY LEMON, WOODS LOZENGES ORANGE VITAMIN C, WOODS LOZENGES LEMON VITAMIN C
125003058;Januari 13, 2025;ENTROSTOP HERBAL DEWASA 15 ML, ENTROSTOP HERBAL ANAK
125003059;Januari 13, 2025;CEREBROFORT GOLD ORANGE 100 ML, CEREBROFORT GOLD ORANGE 200 ML, CEREBROFORT GOLD STRAWBERY
125003061;Januari 13, 2025;KALPANAX SALEP 6G/12, PROMAG TABLET
125003062;Januari 13, 2025;PROMAG SUSPENSI 10ML/6, PROMAG HERBAL 15 ML, ENTROSTOP 10'S, PROMAG TABLET
125003064;Januari 13, 2025;CEREBROFORT GOLD ORANGE 200 ML, CEREBROFORT GOLD STRAWBERY
125003069;Januari 13, 2025;KOMIX HERBAL JERUK NIPIS, B7 SLASI JERUK NIPIS 12'S, CEREBROFORT GOLD ORANGE 200 ML, CEREBROFORT GOLD STRAWBERY
125003087;Januari 13, 2025;CEREBROFORT GOLD ORANGE 100 ML, WOODS COUGH SYR ATT  60ML
125003127;Januari 13, 2025;KALPANAX K CREAM 5 GR, ENTROSTOP HERBAL ANAK, PROMAG TABLET
125003133;Januari 13, 2025;WOODS COUGH SYR ATT 100ML, WOODS COUGH SYR ATT  60ML, WOODS EXPECTORANT 60 ML, SAKATONIK ABC ANTARIKSA 30 TAB, SAKATONIK ABC STRAW 30TAB, SAKATONIK ABC ORANGE 30TAB
125003134;Januari 13, 2025;KOMIX HERBAL ORI PACK, PROMAG TABLET
125003157;Januari 13, 2025;KOMIX HERBAL 15 ML, KOMIX HERBAL ORI PACK
125003164;Januari 13, 2025;PROMAG SUSPENSI BTL 60 ML, MIXAGRIP FLU KAPLET 25X4
125003165;Januari 13, 2025;PROMAG TABLET, SAKATONIK ABC ANTARIKSA 30 TAB, SAKATONIK ABC STRAW 30TAB, SAKATONIK ABC ANGGUR30TAB, SAKATONIK ABC ORANGE 30TAB
125003182;Januari 13, 2025;KOMIX OBH PE, SKT ABC CURCUMA MADU
125003186;Januari 13, 2025;KOMIX HERBAL JERUK NIPIS, KOMIX HERBAL ORI PACK, KOMIX HERBAL PEPPERMINT, FATIGON SPIRIT BOX 10X6S, SAKATONIK ABC ANGGUR30TAB, SKT ABC CURCUMA MADU
125003194;Januari 13, 2025;KALPANAX K CREAM 5 GR, PROMAG TABLET, SAKATONIK ABC ANGGUR30TAB, XONCE TAB BOX 50'S
125003216;Januari 13, 2025;KOMIX HERBAL JERUK NIPIS, KOMIX HERBAL ORI PACK, WAISAN NEW FORMULA  /LUSIN
125003219;Januari 13, 2025;KALPANAX K CREAM 5 GR, ENTROSTOP HERBAL ANAK, MIXAGRIP FLU KAPLET 25X4
125003261;Januari 13, 2025;CEREBROFORT GOLD ORANGE 100 ML, CEREBROFORT GOLD ORANGE 200 ML, CEREBROFORT GOLD STRAWBERY, ENTROSTOP HERBAL ANAK, WOODS EXPECTORANT 60 ML
125003274;Januari 13, 2025;ENTROSTOP HERBAL ANAK, MIXAGRIP FLU KAPLET 25X4, MEXTRIL BATUK-TABLET BOX, ENTROSTOP 10'S, PROCOLD FLU PE, PUYER OSK BT NO.16/BOX
125003278;Januari 13, 2025;BEJO JAHE MERAH HERBAL 12 SC, ENTROSTOP 10'S, CEREBROFORT MG JRK SCH, CEREBROFORT MG STRAW SCH, SAKATONIK ABC ORANGE 30TAB
125003296;Januari 13, 2025;ENTROSTOP HERBAL ANAK, FATIGON SPIRIT BOX 10X6S
125003298;Januari 13, 2025;KOMIX HERBAL JERUK NIPIS, KOMIX HERBAL ORI PACK, WAISAN NEW FORMULA  /LUSIN, FATIGON KAPLET 10X6S, FATIGON SPIRIT BOX 10X6S
125003309;Januari 13, 2025;KOMIX JAHE G-FORMULA BOX, KOMIX KID STRAWBERRY PACK, KOMIX J.NIPIS G-FORMULA B, KOMIX KID OBH PE, KOMIX OBH PE
125003312;Januari 13, 2025;KALPANAX K CREAM 5 GR, PUYER OSK BT NO.16/BOX, SKT ABC CURCUMA MADU
125003315;Januari 13, 2025;ENTROSTOP HERBAL DEWASA 15 ML, ENTROSTOP HERBAL ANAK, ENTROSTOP 10'S, FATIGON KAPLET 10X6S, FATIGON SPIRIT BOX 10X6S
125003319;Januari 13, 2025;EJ SPORT GEL ORANGE 5 TB, EXTRA JOSS SPORT 5 TB
125003320;Januari 13, 2025;KOMIX HERBAL JERUK NIPIS, KOMIX HERBAL ORI PACK, EXTRA JOSS ACTIVE 12SCH, EXTRA JOSS GO RASA ANGGUR, EXTRA JOSS MANGGA LAKI
125003322;Januari 13, 2025;ENTROSTOP 10'S, CEREBROFORT M.G. TROPICAL FRUIT
125003324;Januari 13, 2025;B7 SLASI JERUK NIPIS 12'S, KALPANAX K CREAM 5 GR, CEREBROVIT XCEL 10 CAPS, WOODS COUGH SYR ATT 100ML, WOODS COUGH SYR ATT  60ML, WOODS EXPECTORANT 60 ML, WOODS NATURALS SYR 60 ML, SAKATONIK ABC STRAW 30TAB, SAKATONIK ABC ANGGUR30TAB
125003342;Januari 14, 2025;CEREBROFORT GOLD STRAWBERY, PROMAG HERBAL 15 ML
125003353;Januari 14, 2025;BEJO JAHE MERAH HERBAL 12 SC, PUYER OSK BT NO.16/BOX, ENTROSTOP HERBAL ANAK
125003354;Januari 14, 2025;BEJO JAHE MERAH HERBAL 12 SC, KOMIX HERBAL 15 ML
125003361;Januari 14, 2025;KALPANAX K CREAM 5 GR, KALPANAX KRIM 10 GR, CEREBROFORT GOLD ORANGE 100 ML, CEREBROFORT GOLD STRAWBERY, WOODS NATURALS SYR 60 ML
125003365;Januari 14, 2025;SKT ACTIV SIRUP 300 ML, SAKATONIK ABC STRAW 30TAB, SAKATONIK ABC ANGGUR30TAB
125003378;Januari 14, 2025;EXTRA JOSS GO RASA ANGGUR, EXTRA JOSS MANGGA LAKI
125003398;Januari 14, 2025;WOODS COUGH SYR ATT  60ML, SAKATONIK ABC ORANGE 30TAB, SKT ABC CURCUMA MADU
125003405;Januari 14, 2025;KALPANAX K CREAM 5 GR, WOODS COUGH SYR ATT  60ML, WOODS EXPECTORANT 60 ML, WOODS NATURALS SYR 60 ML, ENTROSTOP 10'S, PROMAG TABLET
125003408;Januari 14, 2025;KOMIX HERBAL 15 ML, PROMAG SUSPENSI 10ML/6
125003426;Januari 14, 2025;KOMIX JAHE G-FORMULA BOX, KOMIX J.NIPIS G-FORMULA B, KOMIX OBH PE
125003433;Januari 14, 2025;KOMIX HERBAL 15 ML, CEREBROFORT GOLD ORANGE 100 ML, CEREBROFORT GOLD STRAWBERY
125003436;Januari 14, 2025;CEREBROFORT GOLD ORANGE 100 ML, CEREBROFORT GOLD STRAWBERY, PROMAG SUSPENSI BTL 60 ML, PROMAG SUSPENSI 10ML/6, SKT ACTIV SIRUP 100 ML, SKT ACTIV SIRUP 300 ML, WOODS COUGH SYR ATT 100ML, PROMAG TABLET
125003446;Januari 14, 2025;PUYER OSK BT NO.16/BOX, PROMAG HERBAL 15 ML, FATIGON KAPLET 10X6S, PROMAG TABLET
125003459;Januari 14, 2025;BEJO ANAK JAHE MERAH 5S, CEREBROFORT GOLD ORANGE 100 ML, EXTRA JOSS SPORT 5 TB, WOODS COUGH SYR ATT  60ML, PROMAG TABLET
125003461;Januari 14, 2025;WOODS LOZENGES CHERRY 6'S, WOODS LOZENGES 6'S
125003507;Januari 14, 2025;KALPANAX K CREAM 5 GR, KOMIX OBH PE
125003508;Januari 14, 2025;KALPANAX K CREAM 5 GR, CEREBROFORT GOLD ORANGE 100 ML, CEREBROFORT GOLD ORANGE 200 ML, CEREBROFORT GOLD STRAWBERY
125003512;Januari 14, 2025;KOMIX KID OBH PE, KOMIX OBH PE
125003518;Januari 14, 2025;PROMAG SUSPENSI BTL 60 ML, PROMAG SUSPENSI 10ML/6
125003529;Januari 14, 2025;SKT ACTIV SIRUP 100 ML, SKT ACTIV SIRUP 300 ML, SAKATONIK ABC STRAW 30TAB, SAKATONIK ABC ANGGUR30TAB
125003535;Januari 14, 2025;KALPANAX K CREAM 5 GR, KALPANAX SALEP 6G/12
125003536;Januari 14, 2025;CEREBROFORT GOLD STRAWBERY, ENTROSTOP HERBAL ANAK, PROMAG HERBAL 15 ML, WOODS COUGH SYR ATT  60ML, WOODS EXPECTORANT 60 ML, ENTROSTOP 10'S, PROMAG TABLET
125003547;Januari 14, 2025;KOMIX HERBAL 15 ML, PROMAG HERBAL 15 ML, WOODS NATURALS SYR 60 ML
125003552;Januari 14, 2025;KALPANAX SALEP 6G/12, PROMAG TABLET
125003572;Januari 14, 2025;KOMIX HERBAL 15 ML, PROMAG SUSPENSI 10ML/6
125003578;Januari 14, 2025;KOMIX HERBAL 15 ML, KALPANAX K CREAM 5 GR, CEREBROFORT GOLD STRAWBERY
125003582;Januari 14, 2025;ENTROSTOP 10'S, PROMAG TABLET
125003614;Januari 14, 2025;KOMIX KID STRAWBERRY PACK, KOMIX KID OBH PE, KOMIX OBH PE
125003633;Januari 14, 2025;PROMAG SUSPENSI 10ML/6, ENTROSTOP 10'S, PROMAG TABLET
125003636;Januari 14, 2025;PROMAG SUSPENSI 10ML/6, PROMAG TABLET
125003637;Januari 14, 2025;BEJO JAHE MERAH HERBAL 12 SC, SKT ACTIV SIRUP 100 ML, SKT ACTIV SIRUP 300 ML
125003649;Januari 14, 2025;ENTROSTOP HERBAL ANAK, ENTROSTOP 10'S
125003665;Januari 14, 2025;WOODS EXPECTORANT 60 ML, SAKATONIK ABC ANTARIKSA 30 TAB
125003760;Januari 14, 2025;EXTRA JOSS SPORT GEL 2 TB, KOMIX HERBAL ORI PACK
125003762;Januari 14, 2025;KALPANAX SALEP 6G/12, PROMAG HERBAL 15 ML, WOODS NATURALS SYR 60 ML, CEREBROFORT M.G. AGGR SCH, SAKATONIK ABC ANTARIKSA 30 TAB, XONCE TAB BOX 50'S
125003772;Januari 14, 2025;KALPANAX K CREAM 5 GR, PROMAG SUSPENSI 10ML/6, WOODS EXPECTORANT 60 ML, ENTROSTOP 10'S, PROMAG TABLET
125003774;Januari 14, 2025;MIXAGRIP FLU KAPLET 25X4, PROCOLD FLU PE
125003793;Januari 15, 2025;PROMAG SUSPENSI 10ML/6, PROMAG HERBAL 15 ML, PROMAG TABLET
125003801;Januari 15, 2025;KOMIX HERBAL 15 ML, ENTROSTOP HERBAL ANAK, FATIGON SPIRIT BOX 10X6S, ENTROSTOP 10'S
125003822;Januari 15, 2025;KOMIX HERBAL 15 ML, KOMIX HERBAL ORI PACK, KOMIX HERBAL PEPPERMINT, ENTROSTOP HERBAL ANAK, PROMAG SUSPENSI BTL 60 ML, PROMAG SUSPENSI 10ML/6, PROMAG TABLET
125003823;Januari 15, 2025;KALPANAX SALEP 6G/12, SKT ACTIV SIRUP 100 ML, SKT ACTIV SIRUP 300 ML
125003836;Januari 15, 2025;KOMIX J.NIPIS G-FORMULA B, MEXTRIL BATUK-TABLET BOX
125003837;Januari 15, 2025;PUYER OSK BT NO.16/BOX, WAISAN NEW FORMULA  /LUSIN
125003840;Januari 15, 2025;PROMAG HERBAL 15 ML, WOODS COUGH SYR ATT 100ML, PROMAG TABLET, SAKATONIK ABC ANGGUR30TAB, WOODS LOZENGES 6'S
125003872;Januari 15, 2025;ENTROSTOP HERBAL ANAK, CEREBROFORT MG MGA SCH, CEREBROFORT MG JRK SCH, CEREBROFORT MG STRAW SCH, CEREBROFORT M.G. TROPICAL FRUIT, FATIGON KAPLET 10X6S, SAKATONIK ABC ANTARIKSA 30 TAB, SAKATONIK ABC STRAW 30TAB, SAKATONIK ABC ANGGUR30TAB, SAKATONIK ABC ORANGE 30TAB, SKT ABC CURCUMA MADU
125003873;Januari 15, 2025;KOMIX HERBAL 15 ML, KOMIX HERBAL ORI PACK, CEREBROFORT GOLD ORANGE 200 ML
125003880;Januari 15, 2025;SAKATONIK ABC STRAW 30TAB, SAKATONIK ABC ANGGUR30TAB, SAKATONIK ABC ORANGE 30TAB
125003881;Januari 15, 2025;SAKATONIK ABC ANTARIKSA 30 TAB, SAKATONIK ABC ANGGUR30TAB, SKT ABC CURCUMA MADU
125003898;Januari 15, 2025;BEJO ANAK JAHE MERAH 5S, KALPANAX KRIM 10 GR, WOODS COUGH SYR ATT 100ML, WOODS COUGH SYR ATT  60ML, WOODS EXPECTORANT 100 ML
125003906;Januari 15, 2025;PROMAG HERBAL 15 ML, PROMAG TABLET
125003909;Januari 15, 2025;ENTROSTOP 10'S, PROMAG TABLET
125003929;Januari 15, 2025;KALPANAX K CREAM 5 GR, KALPANAX SALEP 6G/12, KALPANAX KRIM 10 GR, KOMIX JAHE G-FORMULA BOX, KOMIX J.NIPIS G-FORMULA B, KOMIX OBH PE, WOODS COUGH SYR ATT  60ML, WOODS EXPECTORANT 60 ML, ENTROSTOP 10'S
125003937;Januari 15, 2025;KALPANAX SALEP 6G/12, CEREBROFORT GOLD ORANGE 200 ML, KOMIX OBH PE, PROMAG SUSPENSI BTL 60 ML, PROMAG HERBAL 15 ML, ENTROSTOP 10'S, PROMAG TABLET, WOODS EXPECTORANT 60 ML, FATIGON KAPLET 10X6S, SAKATONIK ABC ANTARIKSA 30 TAB, WOODS LOZENGES 6'S
125003943;Januari 15, 2025;CEREBROFORT GOLD STRAWBERY, WOODS COUGH SYR ATT 100ML, WOODS EXPECTORANT 60 ML
125003946;Januari 15, 2025;ENTROSTOP HERBAL DEWASA 15 ML, ENTROSTOP HERBAL ANAK, ENTROSTOP 10'S, WOODS EXPECTORANT 60 ML
125003948;Januari 15, 2025;WOODS EXPECTORANT 60 ML, SAKATONIK ABC STRAW 30TAB, SAKATONIK ABC ORANGE 30TAB
125003959;Januari 15, 2025;BEJO JAHE MERAH HERBAL 12 SC, MIXAGRIP HERBAL GREGES, FATIGON SPIRIT BOX 10X6S
125003967;Januari 15, 2025;BEJO JAHE MERAH HERBAL 12 SC, EXTRA JOSS ACTIVE 12SCH, EXTRA JOSS GO RASA ANGGUR, EXTRA JOSS MANGGA LAKI, CEREBROFORT M.G. AGGR SCH, SAKATONIK ABC ANTARIKSA 30 TAB, SAKATONIK ABC ANGGUR30TAB
125004019;Januari 15, 2025;KOMIX JAHE G-FORMULA BOX, KOMIX J.NIPIS G-FORMULA B
125004020;Januari 15, 2025;WOODS EXPECTORANT 60 ML, WOODS COUGH SYR ATT  60ML
125004048;Januari 15, 2025;KOMIX HERBAL 15 ML, KOMIX HERBAL PEPPERMINT, PROMAG SUSPENSI BTL 60 ML, PROMAG SUSPENSI 10ML/6, PROMAG HERBAL 15 ML
125004059;Januari 15, 2025;BEJO JAHE MERAH HERBAL 12 SC, WOODS LOZENGES LEMON VITAMIN C
125004060;Januari 15, 2025;KOMIX JAHE G-FORMULA BOX, KOMIX J.NIPIS G-FORMULA B, KOMIX OBH PE
125004068;Januari 15, 2025;KOMIX JAHE G-FORMULA BOX, KOMIX J.NIPIS G-FORMULA B
125004095;Januari 15, 2025;BEJO JAHE MERAH HERBAL 12 SC, B7 SLASI JERUK NIPIS 12'S
125004142;Januari 15, 2025;KOMIX HERBAL 15 ML, KOMIX HERBAL PEPPERMINT, KOMIX OBH PE, PROMAG SUSPENSI 10ML/6, PUYER OSK BT NO.16/BOX
125004164;Januari 15, 2025;BEJO JAHE MERAH HERBAL 12 SC, KOMIX HERBAL PEPPERMINT, MIXAGRIP HERBAL GREGES, FATIGON SPIRIT BOX 10X6S
125004190;Januari 15, 2025;KALPANAX K CREAM 5 GR, CEREBROFORT MG JRK SCH
125004237;Januari 16, 2025;WOODS COUGH SYR ATT 100ML, WOODS COUGH SYR ATT  60ML, WOODS EXPECTORANT 60 ML, WOODS EXPECTORANT 100 ML, WOODS NATURALS SYR 60 ML, WOODS LOZENGES CHERRY 6'S, WOODS LOZENGES 6'S
125004257;Januari 16, 2025;EXTRA JOSS ACTIVE 12SCH, CEREBROFORT MG JRK SCH, CEREBROFORT MG STRAW SCH
125004282;Januari 16, 2025;ENTROSTOP HERBAL ANAK, WAISAN NEW FORMULA  /LUSIN, PROCOLD FLU PE
125004284;Januari 16, 2025;KOMIX HERBAL 15 ML, WOODS COUGH SYR ATT  60ML, WOODS EXPECTORANT 60 ML, MIXAGRIP FLU KAPLET 25X4, PROCOLD FLU PE
125004293;Januari 16, 2025;KALPANAX K CREAM 5 GR, PROCOLD FLU PE, PROMAG TABLET
125004303;Januari 16, 2025;KOMIX HERBAL 15 ML, KOMIX OBH PE, WAISAN NEW FORMULA  /LUSIN, KALPANAX K CREAM 5 GR, KALPANAX SALEP 6G/12, PROCOLD FLU BATUK PE, PROCOLD FLU PE, PROMAG TABLET, SKT ABC CURCUMA MADU
125004308;Januari 16, 2025;KALPANAX K CREAM 5 GR, KALPANAX SALEP 6G/12, ENTROSTOP HERBAL ANAK, PROMAG TABLET
125004311;Januari 16, 2025;SKT ACTIV SIRUP 100 ML, SKT ACTIV SIRUP 300 ML, SAKATONIK ABC ANTARIKSA 30 TAB, SAKATONIK ABC STRAW 30TAB, SAKATONIK ABC ANGGUR30TAB, SAKATONIK ABC ORANGE 30TAB
125004319;Januari 16, 2025;MIXAGRIP HERBAL GREGES, FATIGON SPIRIT BOX 10X6S, PROMAG TABLET
125004329;Januari 16, 2025;KALPANAX K CREAM 5 GR, WOODS COUGH SYR ATT 100ML, WOODS COUGH SYR ATT  60ML
125004332;Januari 16, 2025;KALPANAX K CREAM 5 GR, PROMAG HERBAL 15 ML
125004341;Januari 16, 2025;KOMIX JAHE G-FORMULA BOX, KOMIX J.NIPIS G-FORMULA B, KOMIX KID OBH PE, KOMIX OBH PE, KALPANAX K CREAM 5 GR, MIXAGRIP FLU &BATUK PE, PROCOLD FLU BATUK PE, PROCOLD FLU PE
125004344;Januari 16, 2025;WOODS COUGH SYR ATT  60ML, WOODS EXPECTORANT 100 ML
125004345;Januari 16, 2025;SAKATONIK ABC ANTARIKSA 30 TAB, SAKATONIK ABC STRAW 30TAB, SAKATONIK ABC ANGGUR30TAB, SAKATONIK ABC ORANGE 30TAB
125004357;Januari 16, 2025;CEREBROFORT GOLD ORANGE 200 ML, ENTROSTOP 10'S, CEREBROFORT M.G. AGGR SCH, WOODS LOZENGES 6'S
125004358;Januari 16, 2025;WOODS COUGH SYR ATT 100ML, SAKATONIK ABC ANTARIKSA 30 TAB, SAKATONIK ABC ANGGUR30TAB
125004374;Januari 16, 2025;WOODS EXPECTORANT 60 ML, ENTROSTOP 10'S
125004377;Januari 16, 2025;PUYER OSK BT NO.16/BOX, KALPANAX KRIM 10 GR
125004378;Januari 16, 2025;FATIGON KAPLET 10X6S, FATIGON SPIRIT BOX 10X6S
125004388;Januari 16, 2025;KOMIX HERBAL 15 ML, KOMIX OBH PE, ENTROSTOP HERBAL ANAK, ENTROSTOP 10'S
125004397;Januari 16, 2025;ENTROSTOP 10'S, PROMAG TABLET
125004400;Januari 16, 2025;ENTROSTOP HERBAL ANAK, ENTROSTOP 10'S
125004410;Januari 16, 2025;KOMIX OBH PE, WOODS EXPECTORANT 100 ML
125004420;Januari 16, 2025;KOMIX HERBAL 15 ML, PROCOLD FLU PE, PROMAG TABLET
125004421;Januari 16, 2025;ENTROSTOP 10'S, PROMAG TABLET
125004425;Januari 16, 2025;CEREBROFORT GOLD ORANGE 100 ML, CEREBROFORT GOLD STRAWBERY
125004436;Januari 16, 2025;KALPANAX K CREAM 5 GR, KALPANAX SALEP 6G/12, ENTROSTOP HERBAL DEWASA 15 ML, ENTROSTOP HERBAL ANAK, ENTROSTOP 10'S
125004437;Januari 16, 2025;KOMIX OBH PE, KALPANAX KRIM 10 GR, PROMAG HERBAL 15 ML
125004441;Januari 16, 2025;WOODS EXPECTORANT 60 ML, WOODS EXPECTORANT 100 ML, WOODS NATURALS SYR 60 ML, WOODS LOZENGES CHERRY 6'S, WOODS LOZENGES 6'S, WOODS LOZ HONEY LEMON
125004442;Januari 16, 2025;KALPANAX K CREAM 5 GR, KALPANAX SALEP 6G/12, FATIGON SPIRIT BOX 10X6S, ENTROSTOP 10'S, PROMAG TABLET
125004456;Januari 16, 2025;WOODS COUGH SYR ATT 100ML, WOODS COUGH SYR ATT  60ML, PROCOLD FLU PE
125004464;Januari 16, 2025;CEREBROFORT M.G. AGGR SCH, CEREBROFORT MG JRK SCH, CEREBROFORT MG STRAW SCH
125004485;Januari 16, 2025;KOMIX HERBAL 15 ML, SAKATONIK ABC ANGGUR30TAB
125004486;Januari 16, 2025;SKT ACTIV SIRUP 100 ML, SKT ACTIV SIRUP 300 ML, SAKATONIK ABC STRAW 30TAB, SAKATONIK ABC ANGGUR30TAB
125004487;Januari 16, 2025;BEJO JAHE MERAH HERBAL 12 SC, KOMIX HERBAL 15 ML, KOMIX HERBAL PEPPERMINT, B7 SLASI JERUK NIPIS 12'S, EXTRA JOSS GO RASA ANGGUR
125004526;Januari 16, 2025;BEJO JAHE MERAH HERBAL 12 SC, EXTRA JOSS ACTIVE 12SCH
125004529;Januari 16, 2025;KOMIX J.NIPIS G-FORMULA B, KOMIX OBH PE, MIXAGRIP FLU &BATUK PE, PROCOLD FLU BATUK PE
125004530;Januari 16, 2025;KOMIX JAHE G-FORMULA BOX, KOMIX PEPP.G-FORMULA BOX
125004531;Januari 16, 2025;PROMAG SUSPENSI BTL 60 ML, PROMAG TABLET, SAKATONIK ABC ANGGUR30TAB
125004532;Januari 16, 2025;KALPANAX K CREAM 5 GR, CEREBROFORT GOLD ORANGE 200 ML, WOODS COUGH SYR ATT  60ML, ENTROSTOP 10'S, PROMAG TABLET
125004542;Januari 16, 2025;FATIGON KAPLET 10X6S, FATIGON SPIRIT BOX 10X6S
125004576;Januari 16, 2025;SKT ACTIV SIRUP 300 ML, WOODS COUGH SYR ATT  60ML, WOODS EXPECTORANT 60 ML
125004613;Januari 16, 2025;BEJO JAHE MERAH HERBAL 12 SC, KOMIX HERBAL 15 ML, KOMIX HERBAL PEPPERMINT, EXTRA JOSS ACTIVE 12SCH, CEREBROFORT GOLD ORANGE 100 ML, CEREBROFORT GOLD ORANGE 200 ML, CEREBROFORT GOLD STRAWBERY, CEREBROFORT MG STRAW SCH, SAKATONIK ABC ANTARIKSA 30 TAB, SAKATONIK ABC STRAW 30TAB, SAKATONIK ABC ORANGE 30TAB
125004621;Januari 16, 2025;CEREBROFORT GOLD ORANGE 100 ML, CEREBROFORT GOLD STRAWBERY, CEREBROFORT MG JRK SCH, CEREBROFORT M.G. TROPICAL FRUIT, SAKATONIK ABC ANTARIKSA 30 TAB, SAKATONIK ABC STRAW 30TAB, SAKATONIK ABC ANGGUR30TAB, SAKATONIK ABC ORANGE 30TAB, SKT ABC CURCUMA MADU
125004628;Januari 16, 2025;KOMIX JAHE G-FORMULA BOX, KOMIX J.NIPIS G-FORMULA B, KOMIX OBH PE, PUYER OSK BT NO.16/BOX, WAISAN NEW FORMULA  /LUSIN
125004629;Januari 16, 2025;KOMIX OBH PE, PUYER OSK BT NO.16/BOX, WAISAN NEW FORMULA  /LUSIN
125004654;Januari 16, 2025;MIXAGRIP FLU KAPLET 25X4, PROCOLD FLU PE
125004670;Januari 16, 2025;WOODS COUGH SYR ATT  60ML, PROCOLD FLU BATUK PE
125004671;Januari 16, 2025;EXTRA JOSS SPORT GEL 2 TB, KOMIX HERBAL 15 ML, KOMIX HERBAL ORI PACK, EXTRA JOSS ACTIVE 6 SCH
125004672;Januari 16, 2025;KALPANAX SALEP 6G/12, PROMAG HERBAL 15 ML, WOODS NATURALS SYR 60 ML, CEREBROFORT M.G. AGGR SCH, CEREBROFORT MG STRAW SCH, SAKATONIK ABC ANTARIKSA 30 TAB, SAKATONIK ABC STRAW 30TAB, XONCE TAB BOX 50'S
125004674;Januari 16, 2025;KALPANAX K CREAM 5 GR, PROMAG SUSPENSI 10ML/6, WOODS EXPECTORANT 60 ML, ENTROSTOP 10'S, PROMAG TABLET
125004706;Januari 17, 2025;CEREBROFORT GOLD ORANGE 100 ML, CEREBROFORT GOLD STRAWBERY, WAISAN NEW FORMULA  /LUSIN
125004726;Januari 17, 2025;ENTROSTOP HERBAL ANAK, PROMAG HERBAL 15 ML, SKT ACTIV SIRUP 100 ML, SKT ACTIV SIRUP 300 ML, ENTROSTOP 10'S, PROMAG TABLET, SKT ABC CURCUMA MADU
125004728;Januari 17, 2025;BEJO JAHE MERAH HERBAL 12 SC, KOMIX HERBAL PEPPERMINT, FATIGON KAPLET 10X6S, FATIGON SPIRIT BOX 10X6S
125004743;Januari 17, 2025;PUYER OSK BT NO.16/BOX, KALPANAX K CREAM 5 GR, WOODS COUGH SYR ATT  60ML, ENTROSTOP 10'S, PROMAG TABLET
125004749;Januari 17, 2025;BEJO JAHE MERAH HERBAL 12 SC, KOMIX HERBAL 15 ML, KOMIX OBH PE, KALPANAX K CREAM 5 GR, KALPANAX KRIM 10 GR, CEREBROFORT GOLD ORANGE 100 ML
125004751;Januari 17, 2025;KALPANAX K CREAM 5 GR, KALPANAX SALEP 6G/12
125004754;Januari 17, 2025;WOODS COUGH SYR ATT  60ML, ENTROSTOP 10'S
125004767;Januari 17, 2025;CEREBROFORT GOLD STRAWBERY, PROMAG SUSPENSI BTL 60 ML, WOODS EXPECTORANT 60 ML, SAKATONIK ABC ANGGUR30TAB
125004772;Januari 17, 2025;KOMIX JAHE G-FORMULA BOX, KOMIX JAHE G-FORMULA 6'S, KOMIX J.NIPIS G-FORMULA B, KOMIX OBH PE, KALPANAX SALEP 6G/12, CEREBROFORT GOLD ORANGE 100 ML, PROMAG SUSPENSI 10ML/6, ENTROSTOP 10'S, PROMAG TABLET
125004773;Januari 17, 2025;KOMIX JAHE G-FORMULA BOX, KOMIX JAHE G-FORMULA 6'S, ENTROSTOP 10'S, PROCOLD FLU BATUK PE, PROCOLD FLU PE
125004777;Januari 17, 2025;KOMIX JAHE G-FORMULA BOX, KOMIX KID STRAWBERRY PACK, KOMIX J.NIPIS G-FORMULA B, KOMIX HERBAL PEPPERMINT, KOMIX OBH PE, KOMIX JAHE G-FORMULA 6'S, MIXAGRIP FLU &BATUK PE, MEXTRIL BATUK-TABLET BOX, PROCOLD FLU BATUK PE
125004778;Januari 17, 2025;ENTROSTOP HERBAL ANAK, CEREBROFORT MG JRK SCH, CEREBROFORT MG STRAW SCH, SAKATONIK ABC ANTARIKSA 30 TAB, SAKATONIK ABC ORANGE 30TAB
125004780;Januari 17, 2025;BEJO JAHE MERAH HERBAL 12 SC, CEREBROFORT GOLD STRAWBERY, PROMAG HERBAL 15 ML
125004784;Januari 17, 2025;KALPANAX K CREAM 5 GR, KALPANAX SALEP 6G/12, KALPANAX KRIM 10 GR
125004786;Januari 17, 2025;PROMAG SUSPENSI 10ML/6, PROMAG HERBAL 15 ML
125004795;Januari 17, 2025;KOMIX JAHE G-FORMULA BOX, KOMIX JAHE G-FORMULA 6'S, KOMIX J.NIPIS G-FORMULA B, KOMIX OBH PE, WAISAN NEW FORMULA  /LUSIN
125004796;Januari 17, 2025;KALPANAX K CREAM 5 GR, KOMIX JAHE G-FORMULA 6'S, MEXTRIL BATUK-TABLET BOX
125004797;Januari 17, 2025;KOMIX HERBAL 15 ML, KOMIX OBH PE, SKT ACTIV SIRUP 100 ML
125004800;Januari 17, 2025;CEREBROFORT GOLD ORANGE 100 ML, CEREBROFORT GOLD STRAWBERY
125004802;Januari 17, 2025;CEREBROFORT GOLD ORANGE 200 ML, FATIGON SPIRIT BOX 10X6S, SAKATONIK ABC STRAW 30TAB, SAKATONIK ABC ANGGUR30TAB, SAKATONIK ABC ORANGE 30TAB
125004808;Januari 17, 2025;KALPANAX SALEP 6G/12, SKT ABC CURCUMA MADU
125004821;Januari 17, 2025;WOODS COUGH SYR ATT  60ML, WOODS EXPECTORANT 60 ML, SAKATONIK ABC STRAW 30TAB, SAKATONIK ABC ANGGUR30TAB, SAKATONIK ABC ORANGE 30TAB
125004823;Januari 17, 2025;KALPANAX K CREAM 5 GR, KALPANAX KRIM 10 GR, CEREBROVIT XCEL 10 CAPS, ENTROSTOP 10'S
125004845;Januari 17, 2025;ENTROSTOP HERBAL DEWASA 15 ML, ENTROSTOP 10'S, PROMAG TABLET
125004871;Januari 17, 2025;WOODS COUGH SYR ATT  60ML, WOODS EXPECTORANT 60 ML
125004879;Januari 17, 2025;SAKATONIK ABC ANTARIKSA 30 TAB, SAKATONIK ABC ORANGE 30TAB
125004886;Januari 17, 2025;EXTRA JOSS ACTIVE 12SCH, FATIGON SPIRIT BOX 10X6S
125004903;Januari 17, 2025;MIXAGRIP FLU &BATUK PE, PROCOLD FLU BATUK PE
125004904;Januari 17, 2025;KOMIX JAHE G-FORMULA BOX, KOMIX J.NIPIS G-FORMULA B, KOMIX PEPP.G-FORMULA BOX, KOMIX OBH PE
125004906;Januari 17, 2025;KOMIX HERBAL 15 ML, CEREBROFORT M.G. AGGR SCH
125004913;Januari 17, 2025;BEJO ANAK JAHE MERAH 5S, SAKATONIK ABC STRAW 30TAB
125004924;Januari 17, 2025;KALPANAX K CREAM 5 GR, KALPANAX KRIM 10 GR, KOMIX JAHE G-FORMULA 6'S, MIXAGRIP FLU &BATUK PE
125004940;Januari 17, 2025;KALPANAX K CREAM 5 GR, PROMAG TABLET
125004949;Januari 17, 2025;PROMAG HERBAL 15 ML, PROMAG TABLET
125004950;Januari 17, 2025;WOODS EXPECTORANT 60 ML, WOODS EXPECTORANT 100 ML
125004954;Januari 17, 2025;KOMIX OBH PE, PROMAG HERBAL 15 ML
125004964;Januari 17, 2025;WOODS COUGH SYR ATT  60ML, WOODS EXPECTORANT 100 ML
125004965;Januari 17, 2025;KOMIX HERBAL 15 ML, PROMAG TABLET
125004973;Januari 17, 2025;BEJO JAHE MERAH HERBAL 12 SC, KOMIX HERBAL PEPPERMINT, MIXAGRIP HERBAL GREGES, FATIGON SPIRIT BOX 10X6S
125005068;Januari 17, 2025;CEREBROFORT GOLD ORANGE 100 ML, CEREBROFORT GOLD STRAWBERY, KOMIX JAHE G-FORMULA BOX, KOMIX JAHE G-FORMULA 6'S, KOMIX J.NIPIS G-FORMULA B, KOMIX HERBAL 15 ML, KOMIX HERBAL PEPPERMINT, KOMIX OBH PE, PROMAG HERBAL 15 ML, WOODS COUGH SYR ATT  60ML, WOODS EXPECTORANT 60 ML, MIXAGRIP FLU &BATUK PE
125005109;Januari 17, 2025;KOMIX OBH PE, ENTROSTOP HERBAL ANAK, PROMAG SUSPENSI BTL 60 ML, PROMAG SUSPENSI 10ML/6
125005110;Januari 17, 2025;PROMAG SUSPENSI BTL 60 ML, PROMAG TABLET, SKT ACTIV SIRUP 100 ML, SKT ACTIV SIRUP 300 ML, SAKATONIK ABC STRAW 30TAB, SAKATONIK ABC ANGGUR30TAB, SAKATONIK ABC ORANGE 30TAB
125005127;Januari 18, 2025;SAKATONIK ABC ANGGUR30TAB, SAKATONIK ABC ORANGE 30TAB
125005136;Januari 18, 2025;BEJO JAHE MERAH HERBAL 12 SC, KOMIX HERBAL PEPPERMINT, WOODS EXPECTORANT 60 ML, ENTROSTOP 10'S
125005138;Januari 18, 2025;CEREBROFORT GOLD ORANGE 200 ML, ENTROSTOP 10'S
125005142;Januari 18, 2025;PROMAG SUSPENSI BTL 60 ML, PROMAG TABLET
125005153;Januari 18, 2025;PUYER OSK BT NO.16/BOX, KALPANAX SALEP 6G/12
125005168;Januari 18, 2025;SAKATONIK ABC ANTARIKSA 30 TAB, SAKATONIK ABC ORANGE 30TAB
125005193;Januari 18, 2025;BEJO JAHE MERAH HERBAL 12 SC, PROMAG TABLET
125005197;Januari 18, 2025;KOMIX HERBAL 15 ML, KOMIX OBH PE
125005216;Januari 18, 2025;KOMIX OBH PE, PROMAG SUSPENSI BTL 60 ML, PROMAG HERBAL 15 ML, MIXAGRIP FLU KAPLET 25X4, PROMAG TABLET
125005220;Januari 18, 2025;KOMIX HERBAL 15 ML, CEREBROFORT GOLD ORANGE 100 ML, SAKATONIK ABC STRAW 30TAB
125005237;Januari 18, 2025;PUYER OSK BT NO.16/BOX, MIXAGRIP FLU KAPLET 25X4
125005254;Januari 18, 2025;KALPANAX K CREAM 5 GR, ENTROSTOP 10'S, PROMAG TABLET
125005263;Januari 18, 2025;KOMIX HERBAL 15 ML, WOODS LOZENGES CHERRY 6'S
125005269;Januari 18, 2025;KALPANAX KRIM 10 GR, ENTROSTOP HERBAL ANAK, PROMAG HERBAL 15 ML, WOODS COUGH SYR ATT  60ML, PROCOLD FLU PE, PROMAG TABLET
125005276;Januari 18, 2025;KOMIX HERBAL PEPPERMINT, PROMAG TABLET
125005283;Januari 18, 2025;KALPANAX KRIM 10 GR, ENTROSTOP HERBAL ANAK
125005286;Januari 18, 2025;MIXAGRIP FLU &BATUK PE, PROCOLD FLU BATUK PE
125005297;Januari 18, 2025;ENTROSTOP HERBAL ANAK, WOODS COUGH SYR ATT  60ML
125005298;Januari 18, 2025;KALPANAX K CREAM 5 GR, PROMAG TABLET
125005302;Januari 18, 2025;SAKATONIK ABC STRAW 30TAB, SAKATONIK ABC ORANGE 30TAB
125005309;Januari 18, 2025;BEJO JAHE MERAH HERBAL 12 SC, KALPANAX SALEP 6G/12, WOODS COUGH SYR ATT  60ML
125005319;Januari 18, 2025;KALPANAX KRIM 10 GR, FATIGON SPIRIT BOX 10X6S
125005332;Januari 18, 2025;WOODS COUGH SYR ATT 100ML, WOODS COUGH SYR ATT  60ML, WOODS EXPECTORANT 60 ML
125005333;Januari 18, 2025;CEREBROFORT GOLD ORANGE 100 ML, PROMAG HERBAL 15 ML
125005353;Januari 18, 2025;CEREBROFORT GOLD ORANGE 200 ML, WOODS EXPECTORANT 60 ML
125005357;Januari 18, 2025;WOODS COUGH SYR ATT  60ML, WOODS EXPECTORANT 60 ML, SAKATONIK ABC ANTARIKSA 30 TAB, WOODS LOZENGES 6'S
125005426;Januari 18, 2025;WOODS NATURALS SYR 60 ML, FATIGON SPIRIT BOX 10X6S
125005432;Januari 18, 2025;BEJO JAHE MERAH HERBAL 12 SC, KOMIX HERBAL 15 ML, EXTRA JOSS ACTIVE 6 SCH
125005471;Januari 20, 2025;WOODS EXPECTORANT 60 ML, PROCOLD FLU PE, PROMAG TABLET, WOODS LOZENGES 6'S
125005474;Januari 20, 2025;KOMIX HERBAL PEPPERMINT, KALPANAX K CREAM 5 GR, WOODS COUGH SYR ATT  60ML, WOODS EXPECTORANT 60 ML, ENTROSTOP 10'S, PROMAG TABLET
125005475;Januari 20, 2025;WOODS COUGH SYR ATT  60ML, WOODS EXPECTORANT 60 ML, PROMAG TABLET
125005489;Januari 20, 2025;CEREBROFORT GOLD ORANGE 100 ML, CEREBROFORT GOLD ORANGE 200 ML, CEREBROFORT GOLD STRAWBERY
125005493;Januari 20, 2025;CEREBROFORT M.G. AGGR SCH, CEREBROFORT MG JRK SCH, CEREBROFORT MG STRAW SCH, SKT ABC CURCUMA MADU
125005494;Januari 20, 2025;BEJO JAHE MERAH HERBAL 12 SC, B7 SLASI JERUK NIPIS 12'S, PUYER OSK BT NO.16/BOX
125005503;Januari 20, 2025;KOMIX HERBAL 15 ML, WOODS COUGH SYR ATT  60ML, WOODS EXPECTORANT 60 ML, WOODS EXPECTORANT 100 ML
125005510;Januari 20, 2025;WOODS EXPECTORANT 60 ML, CEREBROFORT MG STRAW SCH, SAKATONIK ABC STRAW 30TAB, SAKATONIK ABC ORANGE 30TAB
125005515;Januari 20, 2025;FATIGON SPIRIT BOX 10X6S, ENTROSTOP 10'S
125005516;Januari 20, 2025;KOMIX HERBAL 15 ML, SKT ACTIV SIRUP 300 ML
125005520;Januari 20, 2025;WOODS COUGH SYR ATT  60ML, WOODS EXPECTORANT 60 ML, WOODS NATURALS SYR 60 ML
125005528;Januari 20, 2025;KALPANAX K CREAM 5 GR, KOMIX JAHE G-FORMULA 6'S, FATIGON SPIRIT BOX 10X6S, MIXAGRIP FLU KAPLET 25X4, PROCOLD FLU PE, WOODS LOZENGES CHERRY 6'S, WOODS LOZENGES 6'S, WOODS LOZENGES LEMON VITAMIN C
125005542;Januari 20, 2025;WOODS EXPECTORANT 60 ML, WOODS EXPECTORANT 100 ML, WOODS NATURALS SYR 60 ML, WOODS LOZENGES CHERRY 6'S, WOODS LOZ HONEY LEMON
125005547;Januari 20, 2025;KOMIX OBH PE, PUYER OSK BT NO.16/BOX
125005550;Januari 20, 2025;KOMIX HERBAL 15 ML, FATIGON SPIRIT BOX 10X6S
125005565;Januari 20, 2025;KALPANAX K CREAM 5 GR, KALPANAX KRIM 10 GR
125005570;Januari 20, 2025;CEREBROFORT GOLD ORANGE 100 ML, CEREBROFORT GOLD ORANGE 200 ML, CEREBROFORT GOLD STRAWBERY, SAKATONIK ABC ANTARIKSA 30 TAB, SAKATONIK ABC STRAW 30TAB, SAKATONIK ABC ANGGUR30TAB, SAKATONIK ABC ORANGE 30TAB, SKT ABC CURCUMA MADU
125005571;Januari 20, 2025;KALPANAX KRIM 10 GR, ENTROSTOP HERBAL ANAK, PROMAG SUSPENSI BTL 60 ML, PROMAG HERBAL 15 ML, PROCOLD FLU PE, PROMAG TABLET
125005597;Januari 20, 2025;WOODS COUGH SYR ATT  60ML, WOODS EXPECTORANT 60 ML
125005607;Januari 20, 2025;WOODS COUGH SYR ATT 100ML, WOODS COUGH SYR ATT  60ML, WOODS EXPECTORANT 60 ML
125005608;Januari 20, 2025;CEREBROFORT GOLD ORANGE 100 ML, CEREBROFORT GOLD STRAWBERY
125005609;Januari 20, 2025;WOODS COUGH SYR ATT  60ML, WOODS EXPECTORANT 60 ML, PROMAG TABLET
125005612;Januari 20, 2025;ENTROSTOP 10'S, SAKATONIK ABC STRAW 30TAB, SAKATONIK ABC ANGGUR30TAB
125005613;Januari 20, 2025;KOMIX HERBAL 15 ML, KOMIX OBH PE, PROMAG HERBAL 15 ML, PROMAG TABLET
125005616;Januari 20, 2025;BEJO JAHE MERAH HERBAL 12 SC, WOODS COUGH SYR ATT  60ML, WOODS EXPECTORANT 60 ML, SKT ABC CURCUMA MADU, WOODS LOZENGES 6'S
125005618;Januari 20, 2025;BEJO JAHE MERAH HERBAL 12 SC, WOODS LOZENGES CHERRY 6'S, WOODS LOZENGES 6'S
125005625;Januari 20, 2025;ENTROSTOP HERBAL ANAK, PROMAG SUSPENSI BTL 60 ML, ENTROSTOP 10'S, PROMAG TABLET
125005639;Januari 20, 2025;PROMAG SUSPENSI 10ML/6, PROMAG HERBAL 15 ML
125005641;Januari 20, 2025;BEJO JAHE MERAH HERBAL 6S MT, PROMAG HERBAL 15 ML, MIXAGRIP HERBAL GREGES
125005645;Januari 20, 2025;CEREBROVIT XCEL 10 CAPS, CEREBROFORT GOLD ORANGE 100 ML, CEREBROFORT GOLD ORANGE 200 ML, CEREBROFORT GOLD STRAWBERY, SKT ACTIV SIRUP 100 ML, SKT ACTIV SIRUP 300 ML, CEREBROFORT M.G. AGGR SCH, CEREBROFORT MG MGA SCH, CEREBROFORT MG JRK SCH, CEREBROFORT MG STRAW SCH, CEREBROFORT M.G. TROPICAL FRUIT, FATIGON SPIRIT BOX 10X6S
125005675;Januari 20, 2025;ENTROSTOP HERBAL DEWASA 15 ML, ENTROSTOP HERBAL ANAK, KOMIX JAHE G-FORMULA BOX, KOMIX KID STRAWBERRY PACK, KOMIX J.NIPIS G-FORMULA B, KOMIX PEPP.G-FORMULA BOX, KOMIX HERBAL PEPPERMINT, KOMIX KID OBH PE
125005697;Januari 20, 2025;KOMIX HERBAL 15 ML, KOMIX OBH PE
125005699;Januari 20, 2025;BEJO JAHE MERAH HERBAL 12 SC, CEREBROFORT M.G. AGGR SCH, CEREBROFORT MG STRAW SCH, PROMAG TABLET, SAKATONIK ABC ANTARIKSA 30 TAB, SAKATONIK ABC STRAW 30TAB, SAKATONIK ABC ANGGUR30TAB
125005706;Januari 20, 2025;CEREBROVIT XCEL 10 CAPS, PROMAG TABLET
125005714;Januari 20, 2025;KALPANAX SALEP 6G/12, WOODS COUGH SYR ATT 100ML, SAKATONIK ABC ANTARIKSA 30 TAB, SAKATONIK ABC STRAW 30TAB
125005724;Januari 20, 2025;ENTROSTOP HERBAL ANAK, ENTROSTOP 10'S
125005725;Januari 20, 2025;CEREBROVIT XCEL 10 CAPS, CEREBROFORT GOLD ORANGE 100 ML
125005736;Januari 20, 2025;KOMIX OBH PE, WOODS EXPECTORANT 60 ML, SAKATONIK ABC ANGGUR30TAB
125005740;Januari 20, 2025;KALPANAX K CREAM 5 GR, KALPANAX SALEP 6G/12, PROMAG HERBAL 15 ML, PROMAG TABLET
125005750;Januari 20, 2025;KALPANAX SALEP 6G/12, ENTROSTOP 10'S, PROMAG TABLET
125005756;Januari 20, 2025;KALPANAX K CREAM 5 GR, KALPANAX KRIM 10 GR
125005760;Januari 20, 2025;BEJO JAHE MERAH HERBAL 6S MT, KALPANAX SALEP 6G/12
125005761;Januari 20, 2025;CEREBROFORT GOLD ORANGE 200 ML, FATIGON KAPLET 10X6S
125005772;Januari 20, 2025;BEJO JAHE MERAH HERBAL 12 SC, B7 SLASI JERUK NIPIS 12'S, WOODS LOZENGES 6'S
125005795;Januari 20, 2025;BEJO JAHE MERAH HERBAL 12 SC, KOMIX HERBAL PEPPERMINT, FATIGON SPIRIT BOX 10X6S
125005823;Januari 20, 2025;KALPANAX K CREAM 5 GR, KALPANAX SALEP 6G/12, KALPANAX KRIM 10 GR, PROMAG SUSPENSI 10ML/6
125005861;Januari 20, 2025;KOMIX JAHE G-FORMULA 6'S, KOMIX J.NIPIS G-FORMULA B, MEXTRIL BATUK-TABLET BOX
125005907;Januari 20, 2025;ENTROSTOP HERBAL ANAK, ENTROSTOP 10'S, PROMAG TABLET
125005916;Januari 20, 2025;KOMIX HERBAL 15 ML, WOODS LOZENGES 6'S
125005950;Januari 20, 2025;KALPANAX K CREAM 5 GR, WOODS COUGH SYR ATT  60ML
125005959;Januari 20, 2025;KALPANAX K CREAM 5 GR, WOODS EXPECTORANT 60 ML
125005960;Januari 20, 2025;WOODS COUGH SYR ATT  60ML, ENTROSTOP 10'S
125005973;Januari 21, 2025;KOMIX HERBAL 15 ML, KOMIX HERBAL PEPPERMINT
125005990;Januari 21, 2025;B7 SLASI JERUK NIPIS 12'S, EXTRA JOSS ACTIVE 12SCH
125005994;Januari 21, 2025;WOODS COUGH SYR ATT 100ML, WOODS COUGH SYR ATT  60ML, WOODS EXPECTORANT 60 ML
125005996;Januari 21, 2025;KOMIX JAHE G-FORMULA BOX, KOMIX JAHE G-FORMULA 6'S, KOMIX J.NIPIS G-FORMULA B, KOMIX OBH PE
125006004;Januari 21, 2025;ENTROSTOP HERBAL ANAK, SKT ACTIV SIRUP 300 ML
125006009;Januari 21, 2025;KOMIX JAHE G-FORMULA BOX, KOMIX J.NIPIS G-FORMULA B, KOMIX OBH PE
125006011;Januari 21, 2025;KALPANAX K CREAM 5 GR, KALPANAX SALEP 6G/12
125006013;Januari 21, 2025;KOMIX HERBAL 15 ML, PUYER OSK BT NO.16/BOX, FATIGON SPIRIT BOX 10X6S
125006014;Januari 21, 2025;SAKATONIK ABC ANTARIKSA 30 TAB, SAKATONIK ABC STRAW 30TAB, SAKATONIK ABC ANGGUR30TAB
125006026;Januari 21, 2025;ENTROSTOP HERBAL ANAK, WOODS COUGH SYR ATT  60ML, WOODS EXPECTORANT 60 ML, ENTROSTOP 10'S, PROCOLD FLU BATUK PE, PROCOLD FLU PE
125006027;Januari 21, 2025;WOODS COUGH SYR ATT  60ML, WOODS EXPECTORANT 60 ML, MEXTRIL BATUK-TABLET BOX
125006045;Januari 21, 2025;KOMIX JAHE G-FORMULA BOX, KOMIX J.NIPIS G-FORMULA B, KOMIX PEPP.G-FORMULA BOX, KOMIX HERBAL 15 ML, KOMIX HERBAL PEPPERMINT
125006050;Januari 21, 2025;ENTROSTOP HERBAL ANAK, PROMAG TABLET
125006086;Januari 21, 2025;KALPANAX K CREAM 5 GR, KALPANAX KRIM 10 GR
125006090;Januari 21, 2025;PROMAG HERBAL 15 ML, CEREBROFORT M.G. AGGR SCH, CEREBROFORT MG STRAW SCH, SAKATONIK ABC ANGGUR30TAB
125006114;Januari 21, 2025;PUYER OSK BT NO.16/BOX, SKT ACTIV SIRUP 300 ML
125006134;Januari 21, 2025;KALPANAX K CREAM 5 GR, KALPANAX KRIM 10 GR, CEREBROFORT GOLD ORANGE 100 ML, CEREBROFORT GOLD ORANGE 200 ML, SKT ACTIV SIRUP 300 ML, WOODS COUGH SYR ATT  60ML, WOODS EXPECTORANT 60 ML, MIXAGRIP FLU KAPLET 25X4, SAKATONIK ABC STRAW 30TAB, SKT ABC CURCUMA MADU
125006140;Januari 21, 2025;KOMIX JAHE G-FORMULA BOX, KOMIX J.NIPIS G-FORMULA B, KOMIX PEPP.G-FORMULA BOX
125006148;Januari 21, 2025;DORIS ANTI FLEAS, WOODS EXPECTORANT 100 ML, SAKATONIK ABC ANTARIKSA 30 TAB, WOODS LOZENGES CHERRY 6'S, WOODS LOZENGES 6'S
125006151;Januari 21, 2025;WOODS COUGH SYR ATT  60ML, WOODS EXPECTORANT 60 ML
125006166;Januari 21, 2025;WOODS COUGH SYR ATT 100ML, PROMAG TABLET
125006168;Januari 21, 2025;KALPANAX K CREAM 5 GR, PROMAG HERBAL 15 ML, WOODS EXPECTORANT 60 ML, PROMAG TABLET
125006184;Januari 21, 2025;KOMIX HERBAL 15 ML, PUYER OSK BT NO.16/BOX, FATIGON KAPLET 10X6S, FATIGON SPIRIT BOX 10X6S
125006192;Januari 21, 2025;WOODS EXPECTORANT 60 ML, PROCOLD FLU PE
125006195;Januari 21, 2025;WOODS EXPECTORANT 60 ML, WOODS EXPECTORANT 100 ML, PROMAG TABLET
125006196;Januari 21, 2025;SAKATONIK ABC STRAW 30TAB, SAKATONIK ABC ORANGE 30TAB, SKT ABC CURCUMA MADU
125006197;Januari 21, 2025;FATIGON SPIRIT BOX 10X6S, ENTROSTOP 10'S
125006220;Januari 21, 2025;FATIGON KAPLET 10X6S, ENTROSTOP 10'S, PROMAG TABLET
125006230;Januari 21, 2025;KOMIX JAHE G-FORMULA 6'S, SAKATONIK ABC STRAW 30TAB, SAKATONIK ABC ANGGUR30TAB, SAKATONIK ABC ORANGE 30TAB
125006237;Januari 21, 2025;PROMAG HERBAL 15 ML, CEREBROFORT MG STRAW SCH, FATIGON SPIRIT BOX 10X6S
125006252;Januari 21, 2025;KOMIX KID STRAWBERRY PACK, CEREBROFORT M.G. AGGR SCH, CEREBROFORT MG MGA SCH, CEREBROFORT MG JRK SCH, CEREBROFORT MG STRAW SCH
125006254;Januari 21, 2025;KOMIX HERBAL PEPPERMINT, ENTROSTOP 10'S, PROMAG TABLET
125006286;Januari 21, 2025;ENTROSTOP HERBAL DEWASA 15 ML, ENTROSTOP HERBAL ANAK, KOMIX JAHE G-FORMULA BOX, KOMIX J.NIPIS G-FORMULA B, KOMIX PEPP.G-FORMULA BOX, KOMIX HERBAL PEPPERMINT, PROMAG SUSPENSI 10ML/6, PROMAG HERBAL 15 ML
125006287;Januari 21, 2025;SAKATONIK ABC ANGGUR30TAB, SAKATONIK ABC ORANGE 30TAB
125006295;Januari 21, 2025;KOMIX HERBAL 15 ML, KALPANAX SALEP 6G/12, WOODS COUGH SYR ATT  60ML, WOODS EXPECTORANT 60 ML, CEREBROFORT M.G. AGGR SCH, CEREBROFORT MG MGA SCH, CEREBROFORT MG JRK SCH, CEREBROFORT MG STRAW SCH, CEREBROFORT M.G. TROPICAL FRUIT
125006306;Januari 21, 2025;PROMAG HERBAL 15 ML, CEREBROFORT MG STRAW SCH, SAKATONIK ABC ORANGE 30TAB, WOODS LOZENGES 6'S, WOODS LOZ HONEY LEMON, XONCE TAB BOX 50'S
125006310;Januari 21, 2025;KALPANAX K CREAM 5 GR, PROMAG TABLET
125006320;Januari 21, 2025;FATIGON SPIRIT BOX 10X6S, WOODS LOZENGES CHERRY 6'S, WOODS LOZENGES 6'S, WOODS LOZ HONEY LEMON
125006333;Januari 21, 2025;WOODS COUGH SYR ATT 100ML, PROMAG TABLET, SAKATONIK ABC STRAW 30TAB, SAKATONIK ABC ANGGUR30TAB
125006336;Januari 21, 2025;KOMIX JAHE G-FORMULA 6'S, KOMIX KID STRAWBERRY PACK, KOMIX J.NIPIS G-FORMULA B, KOMIX KID OBH PE, KOMIX OBH PE
125006339;Januari 21, 2025;MIXAGRIP HERBAL GREGES, SKT ABC CURCUMA MADU
125006343;Januari 21, 2025;PROMAG HERBAL 15 ML, ENTROSTOP 10'S
125006347;Januari 21, 2025;KOMIX JAHE G-FORMULA BOX, KOMIX J.NIPIS G-FORMULA B
125006428;Januari 21, 2025;KOMIX JAHE G-FORMULA BOX, KOMIX JAHE G-FORMULA 6'S, KOMIX J.NIPIS G-FORMULA B
125006433;Januari 21, 2025;KOMIX JAHE G-FORMULA BOX, KOMIX JAHE G-FORMULA 6'S, KOMIX J.NIPIS G-FORMULA B, KALPANAX SALEP 6G/12, MIXAGRIP HERBAL GREGES, PROMAG HERBAL 15 ML, WOODS COUGH SYR ATT  60ML, PROCOLD FLU BATUK PE, PROCOLD FLU PE, PROMAG TABLET
125006436;Januari 21, 2025;WOODS EXPECTORANT 60 ML, WOODS EXPECTORANT 100 ML
125006439;Januari 21, 2025;BEJO JAHE MERAH HERBAL 12 SC, KOMIX HERBAL PEPPERMINT, MIXAGRIP HERBAL GREGES, FATIGON SPIRIT BOX 10X6S
125006467;Januari 22, 2025;ENTROSTOP HERBAL ANAK, SAKATONIK ABC ORANGE 30TAB
125006505;Januari 22, 2025;WOODS LOZENGES CHERRY 6'S, WOODS LOZENGES 6'S, WOODS LOZ HONEY LEMON
125006510;Januari 22, 2025;KOMIX HERBAL ORI PACK, KALPANAX KRIM 10 GR
125006511;Januari 22, 2025;KOMIX JAHE G-FORMULA BOX, KOMIX JAHE G-FORMULA 6'S, KOMIX KID STRAWBERRY PACK, KOMIX J.NIPIS G-FORMULA B, KOMIX KID OBH PE, KOMIX OBH PE
125006525;Januari 22, 2025;KOMIX JAHE G-FORMULA 6'S, KOMIX J.NIPIS G-FORMULA B
125006537;Januari 22, 2025;KOMIX OBH PE, WOODS COUGH SYR ATT  60ML, FATIGON KAPLET 10X6S, FATIGON SPIRIT BOX 10X6S
125006553;Januari 22, 2025;KOMIX HERBAL 15 ML, CEREBROFORT MG STRAW SCH
125006560;Januari 22, 2025;ENTROSTOP 10'S, PROMAG TABLET
125006562;Januari 22, 2025;KALPANAX K CREAM 5 GR, KALPANAX KRIM 10 GR, PROMAG TABLET, SKT ACTIV SIRUP 300 ML
125006567;Januari 22, 2025;PROMAG TABLET, SAKATONIK ABC STRAW 30TAB, SAKATONIK ABC ANGGUR30TAB
125006570;Januari 22, 2025;ENTROSTOP HERBAL DEWASA 15 ML, ENTROSTOP HERBAL ANAK, KOMIX JAHE G-FORMULA BOX, KOMIX J.NIPIS G-FORMULA B, KOMIX PEPP.G-FORMULA BOX, KOMIX HERBAL PEPPERMINT, PROMAG SUSPENSI 10ML/6, PROMAG HERBAL 15 ML
125006575;Januari 22, 2025;ENTROSTOP HERBAL DEWASA 15 ML, PROMAG TABLET
125006608;Januari 22, 2025;KALPANAX K CREAM 5 GR, KALPANAX KRIM 10 GR, WOODS COUGH SYR ATT  60ML
125006615;Januari 22, 2025;MIXAGRIP HERBAL GREGES, SKT ABC CURCUMA MADU
125006616;Januari 22, 2025;WOODS COUGH SYR ATT  60ML, WOODS NATURALS SYR 60 ML
125006618;Januari 22, 2025;WOODS EXPECTORANT 60 ML, WOODS EXPECTORANT 100 ML
125006622;Januari 22, 2025;ENTROSTOP HERBAL DEWASA 15 ML, ENTROSTOP HERBAL ANAK, KOMIX JAHE G-FORMULA BOX, KOMIX J.NIPIS G-FORMULA B, KOMIX PEPP.G-FORMULA BOX, KOMIX HERBAL PEPPERMINT, PROMAG SUSPENSI 10ML/6, PROMAG HERBAL 15 ML
125006626;Januari 22, 2025;ENTROSTOP HERBAL DEWASA 15 ML, ENTROSTOP HERBAL ANAK, KOMIX JAHE G-FORMULA BOX, KOMIX J.NIPIS G-FORMULA B, KOMIX PEPP.G-FORMULA BOX, KOMIX HERBAL PEPPERMINT, PROMAG SUSPENSI 10ML/6, PROMAG HERBAL 15 ML
125006627;Januari 22, 2025;ENTROSTOP HERBAL DEWASA 15 ML, ENTROSTOP HERBAL ANAK, KOMIX JAHE G-FORMULA BOX, KOMIX J.NIPIS G-FORMULA B, KOMIX PEPP.G-FORMULA BOX, KOMIX HERBAL PEPPERMINT, PROMAG SUSPENSI 10ML/6, PROMAG HERBAL 15 ML
125006632;Januari 22, 2025;PROMAG SUSPENSI 10ML/6, PROMAG HERBAL 15 ML, PROMAG TABLET
125006637;Januari 22, 2025;CEREBROFORT GOLD ORANGE 100 ML, PROMAG SUSPENSI 10ML/6, WOODS COUGH SYR ATT 100ML, ENTROSTOP 10'S
125006639;Januari 22, 2025;BEJO JAHE MERAH HERBAL 12 SC, KOMIX HERBAL 15 ML, KALPANAX K CREAM 5 GR, MIXAGRIP HERBAL GREGES, WOODS LOZENGES LEMON VITAMIN C
125006657;Januari 22, 2025;KALPANAX K CREAM 5 GR, KALPANAX KRIM 10 GR, CEREBROFORT GOLD ORANGE 100 ML, CEREBROFORT GOLD STRAWBERY
125006659;Januari 22, 2025;BEJO JAHE MERAH HERBAL 12 SC, KOMIX HERBAL 15 ML, KOMIX HERBAL PEPPERMINT, B7 SLASI JERUK NIPIS 12'S, EXTRA JOSS GO RASA ANGGUR
125006664;Januari 22, 2025;ENTROSTOP 10'S, PROMAG TABLET
125006665;Januari 22, 2025;ENTROSTOP HERBAL DEWASA 15 ML, ENTROSTOP HERBAL ANAK, KOMIX JAHE G-FORMULA BOX, KOMIX J.NIPIS G-FORMULA B, KOMIX HERBAL PEPPERMINT, PROMAG SUSPENSI 10ML/6, PROMAG HERBAL 15 ML
125006686;Januari 22, 2025;ENTROSTOP HERBAL DEWASA 15 ML, ENTROSTOP HERBAL ANAK, KOMIX JAHE G-FORMULA BOX, KOMIX J.NIPIS G-FORMULA B, KOMIX PEPP.G-FORMULA BOX, KOMIX HERBAL PEPPERMINT, PROMAG SUSPENSI 10ML/6, PROMAG HERBAL 15 ML
125006688;Januari 22, 2025;KALPANAX K CREAM 5 GR, PROMAG SUSPENSI 10ML/6
125006710;Januari 22, 2025;BEJO ANAK JAHE MERAH 5S, BEJO JAHE MERAH HERBAL 6S MT, ENTROSTOP HERBAL DEWASA 15 ML
125006711;Januari 22, 2025;BEJO JAHE MERAH HERBAL 12 SC, KOMIX HERBAL JERUK NIPIS, MIXAGRIP HERBAL GREGES
125006716;Januari 22, 2025;KALPANAX SALEP 6G/12, BEJO JAHE MERAH HERBAL 12 SC, KOMIX HERBAL PEPPERMINT, MIXAGRIP HERBAL GREGES
125006719;Januari 22, 2025;KOMIX HERBAL JERUK NIPIS, KOMIX HERBAL 15 ML
125006726;Januari 22, 2025;BEJO JAHE MERAH HERBAL 12 SC, MIXAGRIP HERBAL GREGES, SKT ABC CURCUMA MADU
125006730;Januari 22, 2025;KALPANAX SALEP 6G/12, PROMAG TABLET
125006757;Januari 22, 2025;ENTROSTOP HERBAL DEWASA 15 ML, ENTROSTOP HERBAL ANAK, KOMIX JAHE G-FORMULA BOX, KOMIX J.NIPIS G-FORMULA B, KOMIX PEPP.G-FORMULA BOX, KOMIX HERBAL PEPPERMINT, PROMAG SUSPENSI 10ML/6, PROMAG HERBAL 15 ML
125006759;Januari 22, 2025;ENTROSTOP HERBAL DEWASA 15 ML, ENTROSTOP HERBAL ANAK, KOMIX JAHE G-FORMULA BOX, KOMIX J.NIPIS G-FORMULA B, KOMIX PEPP.G-FORMULA BOX, KOMIX HERBAL PEPPERMINT, PROMAG SUSPENSI 10ML/6, PROMAG HERBAL 15 ML
125006762;Januari 22, 2025;ENTROSTOP HERBAL DEWASA 15 ML, ENTROSTOP HERBAL ANAK, KOMIX JAHE G-FORMULA BOX, KOMIX J.NIPIS G-FORMULA B, KOMIX PEPP.G-FORMULA BOX, KOMIX HERBAL PEPPERMINT, PROMAG SUSPENSI 10ML/6, PROMAG HERBAL 15 ML
125006763;Januari 22, 2025;ENTROSTOP HERBAL DEWASA 15 ML, KOMIX JAHE G-FORMULA BOX, KOMIX J.NIPIS G-FORMULA B, KOMIX PEPP.G-FORMULA BOX, KOMIX HERBAL PEPPERMINT, PROMAG SUSPENSI 10ML/6
125006768;Januari 22, 2025;EXTRA JOSS ACTIVE 12SCH, EXTRA JOSS GO RASA ANGGUR
125006781;Januari 22, 2025;PROMAG HERBAL 15 ML, SKT ABC CURCUMA MADU
125006784;Januari 22, 2025;BEJO JAHE MERAH HERBAL 12 SC, KOMIX HERBAL PEPPERMINT, MIXAGRIP HERBAL GREGES, WOODS LOZENGES 6'S
125006795;Januari 22, 2025;KOMIX JAHE G-FORMULA BOX, KOMIX J.NIPIS G-FORMULA B
125006799;Januari 22, 2025;SKT ABC CURCUMA MADU, WOODS LOZENGES 6'S
125006804;Januari 22, 2025;KOMIX HERBAL JERUK NIPIS, KOMIX HERBAL 15 ML, CEREBROVIT XCEL 10 CAPS, PROMAG HERBAL 15 ML, WOODS EXPECTORANT 60 ML, MIXAGRIP FLU KAPLET 25X4, ENTROSTOP 10'S, PROMAG TABLET, SAKATONIK ACTIV MULTIVIT ZAT BESI - KAPLET 6S, SKT ABC CURCUMA MADU
125006805;Januari 22, 2025;CEREBROVIT XCEL 10 CAPS, PROMAG TABLET
125006883;Januari 22, 2025;MIXAGRIP FLU KAPLET 25X4, PROCOLD FLU PE
125006890;Januari 22, 2025;BEJO JAHE MERAH HERBAL 6S MT, KOMIX HERBAL 15 ML
125006891;Januari 22, 2025;KALPANAX K CREAM 5 GR, ENTROSTOP 10'S
125006892;Januari 22, 2025;PROMAG HERBAL 15 ML, CEREBROFORT M.G. AGGR SCH, CEREBROFORT MG STRAW SCH, FATIGON SPIRIT BOX 10X6S, SAKATONIK ABC STRAW 30TAB
125006919;Januari 23, 2025;KOMIX OBH PE, WAISAN NEW FORMULA  /LUSIN, ENTROSTOP 10'S, WOODS COUGH SYR ATT  60ML, WOODS EXPECTORANT 60 ML, SKT ABC CURCUMA MADU
125006950;Januari 23, 2025;ENTROSTOP HERBAL DEWASA 15 ML, ENTROSTOP HERBAL ANAK, KOMIX JAHE G-FORMULA BOX, KOMIX J.NIPIS G-FORMULA B, KOMIX PEPP.G-FORMULA BOX, KOMIX HERBAL PEPPERMINT, PROMAG SUSPENSI 10ML/6, PROMAG HERBAL 15 ML
125006964;Januari 23, 2025;EJ SPORT GEL ORANGE 5 TB, EXTRA JOSS SPORT 5 TB, ENTROSTOP HERBAL ANAK
125006973;Januari 23, 2025;KOMIX JAHE G-FORMULA BOX, KOMIX J.NIPIS G-FORMULA B, KOMIX PEPP.G-FORMULA BOX, KOMIX HERBAL PEPPERMINT, ENTROSTOP HERBAL DEWASA 15 ML, ENTROSTOP HERBAL ANAK, PROMAG SUSPENSI 10ML/6, PROMAG HERBAL 15 ML
125006977;Januari 23, 2025;KOMIX HERBAL JERUK NIPIS, PUYER OSK BT NO.16/BOX, FATIGON SPIRIT BOX 10X6S, ENTROSTOP 10'S, SAKATONIK ABC STRAW 30TAB
125006985;Januari 23, 2025;KALPANAX K CREAM 5 GR, SKT ABC CURCUMA MADU
125007002;Januari 23, 2025;ENTROSTOP HERBAL DEWASA 15 ML, ENTROSTOP HERBAL ANAK, PROMAG SUSPENSI 10ML/6, PROMAG HERBAL 15 ML, KOMIX JAHE G-FORMULA BOX, KOMIX J.NIPIS G-FORMULA B, KOMIX PEPP.G-FORMULA BOX, KOMIX HERBAL PEPPERMINT
125007028;Januari 23, 2025;MIXAGRIP FLU &BATUK PE, PROCOLD FLU BATUK PE
125007029;Januari 23, 2025;PROMAG HERBAL 15 ML, CEREBROFORT MG MGA SCH
125007032;Januari 23, 2025;ENTROSTOP HERBAL DEWASA 15 ML, ENTROSTOP HERBAL ANAK, KOMIX JAHE G-FORMULA BOX, KOMIX J.NIPIS G-FORMULA B, KOMIX PEPP.G-FORMULA BOX, KOMIX HERBAL PEPPERMINT, PROMAG SUSPENSI 10ML/6, PROMAG HERBAL 15 ML
125007033;Januari 23, 2025;ENTROSTOP HERBAL DEWASA 15 ML, ENTROSTOP HERBAL ANAK, KOMIX JAHE G-FORMULA BOX, KOMIX J.NIPIS G-FORMULA B, KOMIX PEPP.G-FORMULA BOX, KOMIX HERBAL PEPPERMINT, PROMAG SUSPENSI 10ML/6, PROMAG HERBAL 15 ML
125007034;Januari 23, 2025;ENTROSTOP HERBAL DEWASA 15 ML, ENTROSTOP HERBAL ANAK, KOMIX JAHE G-FORMULA BOX, KOMIX J.NIPIS G-FORMULA B, KOMIX PEPP.G-FORMULA BOX, KOMIX HERBAL PEPPERMINT, PROMAG SUSPENSI 10ML/6, PROMAG HERBAL 15 ML
125007036;Januari 23, 2025;PROMAG TABLET, WOODS LOZENGES 6'S
125007037;Januari 23, 2025;PROMAG HERBAL 15 ML, WOODS EXPECTORANT 60 ML
125007049;Januari 23, 2025;ENTROSTOP HERBAL ANAK, ENTROSTOP 10'S
125007056;Januari 23, 2025;ENTROSTOP HERBAL DEWASA 15 ML, KOMIX JAHE G-FORMULA BOX, KOMIX J.NIPIS G-FORMULA B, KOMIX PEPP.G-FORMULA BOX, KOMIX HERBAL PEPPERMINT, PROMAG SUSPENSI 10ML/6, PROMAG HERBAL 15 ML
125007063;Januari 23, 2025;ENTROSTOP HERBAL DEWASA 15 ML, ENTROSTOP HERBAL ANAK, KOMIX JAHE G-FORMULA BOX, KOMIX J.NIPIS G-FORMULA B, KOMIX PEPP.G-FORMULA BOX, KOMIX HERBAL PEPPERMINT, PROMAG SUSPENSI 10ML/6, PROMAG HERBAL 15 ML
125007064;Januari 23, 2025;ENTROSTOP HERBAL DEWASA 15 ML, ENTROSTOP HERBAL ANAK, KOMIX JAHE G-FORMULA BOX, KOMIX J.NIPIS G-FORMULA B, KOMIX PEPP.G-FORMULA BOX, KOMIX HERBAL PEPPERMINT, PROMAG SUSPENSI 10ML/6, PROMAG HERBAL 15 ML
125007065;Januari 23, 2025;ENTROSTOP HERBAL DEWASA 15 ML, ENTROSTOP HERBAL ANAK, KOMIX JAHE G-FORMULA BOX, KOMIX J.NIPIS G-FORMULA B, KOMIX PEPP.G-FORMULA BOX, KOMIX HERBAL PEPPERMINT, PROMAG SUSPENSI 10ML/6, PROMAG HERBAL 15 ML
125007082;Januari 23, 2025;WOODS COUGH SYR ATT  60ML, WOODS EXPECTORANT 60 ML, WOODS LOZENGES 6'S
125007103;Januari 23, 2025;KOMIX KID OBH PE, WOODS COUGH SYR ATT  60ML
125007105;Januari 23, 2025;KOMIX HERBAL JERUK NIPIS, KOMIX HERBAL 15 ML
125007109;Januari 23, 2025;PROMAG SUSPENSI BTL 60 ML, SKT ACTIV SIRUP 300 ML, SAKATONIK ABC STRAW 30TAB, WOODS LOZENGES 6'S
125007112;Januari 23, 2025;PUYER OSK BT NO.16/BOX, WAISAN NEW FORMULA  /LUSIN
125007115;Januari 23, 2025;ENTROSTOP HERBAL DEWASA 15 ML, ENTROSTOP HERBAL ANAK, KOMIX JAHE G-FORMULA BOX, KOMIX J.NIPIS G-FORMULA B, KOMIX PEPP.G-FORMULA BOX, KOMIX HERBAL PEPPERMINT, PROMAG SUSPENSI 10ML/6, PROMAG HERBAL 15 ML
125007116;Januari 23, 2025;KOMIX HERBAL JERUK NIPIS, KOMIX HERBAL 15 ML, KOMIX HERBAL PEPPERMINT, KOMIX OBH PE, PROMAG SUSPENSI BTL 60 ML, PROMAG HERBAL 15 ML, PUYER OSK BT NO.16/BOX, PROCOLD FLU PE
125007127;Januari 23, 2025;ENTROSTOP HERBAL DEWASA 15 ML, ENTROSTOP HERBAL ANAK, KOMIX JAHE G-FORMULA BOX, KOMIX J.NIPIS G-FORMULA B, KOMIX PEPP.G-FORMULA BOX, KOMIX HERBAL PEPPERMINT, PROMAG SUSPENSI 10ML/6, PROMAG HERBAL 15 ML
125007131;Januari 23, 2025;PROMAG SUSPENSI BTL 60 ML, WOODS COUGH SYR ATT  60ML
125007132;Januari 23, 2025;KALPANAX K CREAM 5 GR, PROMAG TABLET
125007133;Januari 23, 2025;WOODS COUGH SYR ATT  60ML, ENTROSTOP 10'S, PROMAG TABLET
125007137;Januari 23, 2025;CEREBROVIT XCEL 10 CAPS, WOODS EXPECTORANT 60 ML
125007148;Januari 23, 2025;SKT ACTIV SIRUP 100 ML, SKT ACTIV SIRUP 300 ML, SAKATONIK ABC ANTARIKSA 30 TAB, SAKATONIK ABC STRAW 30TAB, SAKATONIK ABC ANGGUR30TAB, SAKATONIK ABC ORANGE 30TAB
125007159;Januari 23, 2025;ENTROSTOP HERBAL DEWASA 15 ML, ENTROSTOP HERBAL ANAK, KOMIX JAHE G-FORMULA BOX, KOMIX J.NIPIS G-FORMULA B, KOMIX PEPP.G-FORMULA BOX, KOMIX HERBAL PEPPERMINT, PROMAG SUSPENSI 10ML/6, PROMAG HERBAL 15 ML
125007165;Januari 23, 2025;ENTROSTOP HERBAL DEWASA 15 ML, ENTROSTOP HERBAL ANAK, KOMIX JAHE G-FORMULA BOX, KOMIX J.NIPIS G-FORMULA B, KOMIX PEPP.G-FORMULA BOX, KOMIX HERBAL PEPPERMINT, PROMAG SUSPENSI 10ML/6, PROMAG HERBAL 15 ML
125007166;Januari 23, 2025;BEJO JAHE MERAH HERBAL 12 SC, KOMIX HERBAL JERUK NIPIS, KOMIX HERBAL 15 ML, KOMIX HERBAL PEPPERMINT
125007167;Januari 23, 2025;KALPANAX K CREAM 5 GR, KALPANAX SALEP 6G/12, KALPANAX KRIM 10 GR, WOODS EXPECTORANT 60 ML, WOODS EXPECTORANT 100 ML
125007178;Januari 23, 2025;ENTROSTOP HERBAL DEWASA 15 ML, ENTROSTOP HERBAL ANAK, KOMIX JAHE G-FORMULA BOX, KOMIX J.NIPIS G-FORMULA B, KOMIX PEPP.G-FORMULA BOX, KOMIX HERBAL PEPPERMINT, PROMAG SUSPENSI 10ML/6
125007180;Januari 23, 2025;ENTROSTOP HERBAL DEWASA 15 ML, ENTROSTOP HERBAL ANAK, KOMIX JAHE G-FORMULA BOX, KOMIX J.NIPIS G-FORMULA B, KOMIX PEPP.G-FORMULA BOX, KOMIX HERBAL PEPPERMINT, PROMAG SUSPENSI 10ML/6, PROMAG HERBAL 15 ML
125007204;Januari 23, 2025;WOODS LOZENGES CHERRY 6'S, WOODS LOZ HONEY LEMON, XONCE TAB BOX 50'S
125007216;Januari 23, 2025;KOMIX JAHE G-FORMULA BOX, KOMIX J.NIPIS G-FORMULA B, KOMIX PEPP.G-FORMULA BOX, KOMIX HERBAL PEPPERMINT, KOMIX OBH PE, ENTROSTOP HERBAL DEWASA 15 ML, ENTROSTOP HERBAL ANAK, PROMAG SUSPENSI 10ML/6, PROMAG TABLET
125007232;Januari 23, 2025;ENTROSTOP HERBAL DEWASA 15 ML, ENTROSTOP HERBAL ANAK, KOMIX JAHE G-FORMULA BOX, KOMIX J.NIPIS G-FORMULA B, KOMIX PEPP.G-FORMULA BOX, KOMIX HERBAL PEPPERMINT, PROMAG SUSPENSI 10ML/6, PROMAG HERBAL 15 ML
125007245;Januari 23, 2025;WOODS COUGH SYR ATT  60ML, WOODS LOZENGES CHERRY 6'S, WOODS LOZ HONEY LEMON
125007257;Januari 23, 2025;KALPANAX SALEP 6G/12, SAKATONIK ABC ANTARIKSA 30 TAB, SAKATONIK ABC STRAW 30TAB, SAKATONIK ABC ANGGUR30TAB, SAKATONIK ABC ORANGE 30TAB, WOODS LOZENGES 6'S, WOODS LOZ HONEY LEMON
125007258;Januari 23, 2025;ENTROSTOP HERBAL DEWASA 15 ML, ENTROSTOP HERBAL ANAK, KOMIX JAHE G-FORMULA BOX, KOMIX J.NIPIS G-FORMULA B, KOMIX PEPP.G-FORMULA BOX, KOMIX HERBAL PEPPERMINT, PROMAG SUSPENSI 10ML/6, PROMAG HERBAL 15 ML
125007336;Januari 23, 2025;EXTRA JOSS ACTIVE 6 SCH, EXTRA JOSS GO RASA ANGGUR
125007345;Januari 23, 2025;KOMIX JAHE G-FORMULA BOX, KOMIX J.NIPIS G-FORMULA B, KOMIX PEPP.G-FORMULA BOX, KOMIX KID OBH PE, KOMIX OBH
125007360;Januari 23, 2025;EXTRA JOSS ACTIVE 6 SCH, EXTRA JOSS GO RASA ANGGUR
125007362;Januari 23, 2025;KOMIX JAHE G-FORMULA BOX, KOMIX J.NIPIS G-FORMULA B, KOMIX PEPP.G-FORMULA BOX, KOMIX OBH
125007410;Januari 24, 2025;PUYER OSK BT NO.16/BOX, PROMAG TABLET
125007425;Januari 24, 2025;KOMIX HERBAL 15 ML, SKT ACTIV SIRUP 100 ML, SKT ACTIV SIRUP 300 ML
125007426;Januari 24, 2025;KALPANAX K CREAM 5 GR, PROMAG TABLET
125007430;Januari 24, 2025;CEREBROVIT XCEL 10 CAPS, CEREBROFORT GOLD ORANGE 100 ML, WOODS EXPECTORANT 60 ML, PROMAG TABLET
125007431;Januari 24, 2025;PROMAG HERBAL 15 ML, PROMAG TABLET
125007438;Januari 24, 2025;WAISAN NEW FORMULA  /LUSIN, CEREBROFORT GOLD ORANGE 200 ML, CEREBROFORT GOLD STRAWBERY, PROMAG HERBAL 15 ML, WOODS COUGH SYR ATT  60ML, FATIGON KAPLET 10X6S, WOODS LOZENGES CHERRY 6'S, WOODS LOZ HONEY LEMON
125007452;Januari 24, 2025;KOMIX OBH PE, FATIGON KAPLET 10X6S
125007458;Januari 24, 2025;CEREBROFORT GOLD ORANGE 100 ML, CEREBROFORT GOLD ORANGE 200 ML
125007459;Januari 24, 2025;WAISAN NEW FORMULA  /LUSIN, WOODS EXPECTORANT 60 ML
125007463;Januari 24, 2025;WOODS COUGH SYR ATT  60ML, WOODS EXPECTORANT 60 ML, SAKATONIK ABC STRAW 30TAB, SAKATONIK ABC ORANGE 30TAB
125007468;Januari 24, 2025;ENTROSTOP HERBAL DEWASA 15 ML, ENTROSTOP HERBAL ANAK, KOMIX JAHE G-FORMULA BOX, KOMIX J.NIPIS G-FORMULA B, KOMIX PEPP.G-FORMULA BOX, KOMIX HERBAL PEPPERMINT, PROMAG SUSPENSI 10ML/6, PROMAG HERBAL 15 ML
125007469;Januari 24, 2025;ENTROSTOP HERBAL DEWASA 15 ML, ENTROSTOP HERBAL ANAK, KOMIX JAHE G-FORMULA BOX, KOMIX J.NIPIS G-FORMULA B, KOMIX PEPP.G-FORMULA BOX, KOMIX HERBAL PEPPERMINT, PROMAG SUSPENSI 10ML/6, PROMAG HERBAL 15 ML
125007474;Januari 24, 2025;ENTROSTOP HERBAL DEWASA 15 ML, ENTROSTOP HERBAL ANAK, KOMIX JAHE G-FORMULA BOX, KOMIX J.NIPIS G-FORMULA B, KOMIX PEPP.G-FORMULA BOX, PROMAG SUSPENSI 10ML/6
125007486;Januari 24, 2025;BEJO JAHE MERAH HERBAL 6S MT, BEJO JAHE MERAH HERBAL 12 SC, CEREBROFORT GOLD ORANGE 100 ML, CEREBROFORT GOLD STRAWBERY
125007490;Januari 24, 2025;WOODS COUGH SYR ATT  60ML, WOODS EXPECTORANT 60 ML
125007498;Januari 24, 2025;BEJO JAHE MERAH HERBAL 12 SC, PROCOLD FLU PE
125007507;Januari 24, 2025;ENTROSTOP HERBAL DEWASA 15 ML, ENTROSTOP HERBAL ANAK, KOMIX JAHE G-FORMULA BOX, KOMIX PEPP.G-FORMULA BOX, KOMIX HERBAL PEPPERMINT
125007527;Januari 24, 2025;ENTROSTOP HERBAL ANAK, WOODS COUGH SYR ATT  60ML
125007538;Januari 24, 2025;WOODS COUGH SYR ATT 100ML, WOODS COUGH SYR ATT  60ML, WOODS EXPECTORANT 60 ML, WOODS EXPECTORANT 100 ML, WOODS NATURALS SYR 60 ML, MIXAGRIP FLU KAPLET 25X4, PROCOLD FLU PE, WOODS LOZENGES CHERRY 6'S, WOODS LOZENGES 6'S, WOODS LOZ HONEY LEMON, WOODS LOZENGES LEMON VITAMIN C
125007541;Januari 24, 2025;ENTROSTOP HERBAL DEWASA 15 ML, KOMIX JAHE G-FORMULA BOX, KOMIX J.NIPIS G-FORMULA B, KOMIX PEPP.G-FORMULA BOX, KOMIX HERBAL PEPPERMINT, PROMAG HERBAL 15 ML
125007542;Januari 24, 2025;ENTROSTOP HERBAL DEWASA 15 ML, ENTROSTOP HERBAL ANAK, KOMIX JAHE G-FORMULA BOX, KOMIX J.NIPIS G-FORMULA B, KOMIX PEPP.G-FORMULA BOX, KOMIX HERBAL PEPPERMINT, PROMAG SUSPENSI 10ML/6, PROMAG HERBAL 15 ML
125007550;Januari 24, 2025;KALPANAX SALEP 6G/12, MIXAGRIP HERBAL GREGES, PROMAG SUSPENSI BTL 60 ML, PROMAG SUSPENSI 10ML/6, PROMAG TABLET
125007553;Januari 24, 2025;WOODS COUGH SYR ATT  60ML, WOODS NATURALS SYR 60 ML
125007562;Januari 24, 2025;ENTROSTOP HERBAL DEWASA 15 ML, ENTROSTOP HERBAL ANAK, KOMIX JAHE G-FORMULA BOX, KOMIX J.NIPIS G-FORMULA B, PROMAG SUSPENSI 10ML/6, PROMAG HERBAL 15 ML
125007580;Januari 24, 2025;KOMIX JAHE G-FORMULA BOX, KOMIX J.NIPIS G-FORMULA B
125007593;Januari 24, 2025;KOMIX HERBAL JERUK NIPIS, WOODS COUGH SYR ATT 100ML, SAKATONIK ABC ANTARIKSA 30 TAB, SAKATONIK ABC ANGGUR30TAB, SAKATONIK ABC ORANGE 30TAB
125007595;Januari 24, 2025;KALPANAX SALEP 6G/12, KOMIX OBH PE
125007614;Januari 24, 2025;KALPANAX KRIM 10 GR, SKT ACTIV SIRUP 100 ML, SKT ACTIV SIRUP 300 ML
125007617;Januari 24, 2025;KALPANAX K CREAM 5 GR, KALPANAX KRIM 10 GR, CEREBROFORT GOLD ORANGE 100 ML, CEREBROFORT GOLD STRAWBERY, FATIGON KAPLET 10X6S, FATIGON SPIRIT BOX 10X6S, MIXAGRIP FLU KAPLET 25X4, SAKATONIK ABC ANTARIKSA 30 TAB, SAKATONIK ABC STRAW 30TAB, SAKATONIK ABC ANGGUR30TAB, SAKATONIK ABC ORANGE 30TAB, SKT ABC CURCUMA MADU
125007628;Januari 24, 2025;BEJO JAHE MERAH HERBAL 12 SC, EXTRA JOSS ACTIVE 12SCH
125007639;Januari 24, 2025;PROMAG SUSPENSI BTL 60 ML, SAKATONIK ABC STRAW 30TAB
125007663;Januari 24, 2025;SKT ACTIV SIRUP 100 ML, SKT ACTIV SIRUP 300 ML
125007675;Januari 24, 2025;CEREBROFORT GOLD ORANGE 100 ML, CEREBROFORT GOLD STRAWBERY, FATIGON KAPLET 10X6S, FATIGON SPIRIT BOX 10X6S
125007677;Januari 24, 2025;BEJO JAHE MERAH HERBAL 12 SC, B7 SLASI JERUK NIPIS 12'S, WOODS LOZENGES 6'S
125007680;Januari 24, 2025;EXTRA JOSS ACTIVE 12SCH, WOODS NATURALS SYR 60 ML
125007742;Januari 24, 2025;CEREBROVIT XCEL 10 CAPS, PROMAG HERBAL 15 ML, SAKATONIK ABC ORANGE 30TAB
125007752;Januari 24, 2025;CEREBROFORT M.G. AGGR SCH, CEREBROFORT MG STRAW SCH, CEREBROFORT M.G. TROPICAL FRUIT, SKT ABC CURCUMA MADU
125007765;Januari 24, 2025;KALPANAX K CREAM 5 GR, KALPANAX SALEP 6G/12, KALPANAX KRIM 10 GR, ENTROSTOP HERBAL ANAK, PROMAG HERBAL 15 ML, FATIGON KAPLET 10X6S, FATIGON SPIRIT BOX 10X6S, MIXAGRIP FLU &BATUK PE, MIXAGRIP FLU KAPLET 25X4, SAKATONIK ABC ANTARIKSA 30 TAB, SAKATONIK ABC ORANGE 30TAB, WOODS LOZENGES 6'S
125007771;Januari 24, 2025;KOMIX JAHE G-FORMULA BOX, KOMIX J.NIPIS G-FORMULA B, KOMIX OBH PE
125007772;Januari 24, 2025;BEJO JAHE MERAH HERBAL 12 SC, PUYER OSK BT NO.16/BOX, WOODS NATURALS SYR 60 ML, PROMAG TABLET
125007780;Januari 24, 2025;PROMAG SUSPENSI 10ML/6, PROMAG TABLET
125007781;Januari 24, 2025;KALPANAX SALEP 6G/12, PROMAG HERBAL 15 ML, WOODS NATURALS SYR 60 ML, CEREBROFORT M.G. AGGR SCH, CEREBROFORT MG STRAW SCH, SAKATONIK ACTIV MULTIVIT ZAT BESI - KAPLET 6S, XONCE TAB BOX 50'S
125007787;Januari 24, 2025;MIXAGRIP FLU KAPLET 25X4, PROCOLD FLU PE
125007812;Januari 25, 2025;KALPANAX K CREAM 5 GR, KALPANAX SALEP 6G/12
125007814;Januari 25, 2025;ENTROSTOP HERBAL DEWASA 15 ML, ENTROSTOP HERBAL ANAK, KOMIX JAHE G-FORMULA BOX, KOMIX J.NIPIS G-FORMULA B, KOMIX PEPP.G-FORMULA BOX, KOMIX HERBAL PEPPERMINT, PROMAG SUSPENSI 10ML/6, PROMAG HERBAL 15 ML
125007817;Januari 25, 2025;WOODS COUGH SYR ATT  60ML, WOODS EXPECTORANT 60 ML, WOODS NATURALS SYR 60 ML
125007824;Januari 25, 2025;CEREBROVIT XCEL 10 CAPS, WOODS LOZENGES CHERRY 6'S, WOODS LOZENGES 6'S, WOODS LOZ HONEY LEMON
125007832;Januari 25, 2025;WOODS COUGH SYR ATT  60ML, WOODS EXPECTORANT 60 ML
125007837;Januari 25, 2025;WOODS COUGH SYR ATT 100ML, WOODS COUGH SYR ATT  60ML, WOODS EXPECTORANT 60 ML, WOODS EXPECTORANT 100 ML
125007842;Januari 25, 2025;CEREBROFORT GOLD ORANGE 100 ML, CEREBROFORT GOLD STRAWBERY, PROMAG SUSPENSI BTL 60 ML, PROMAG SUSPENSI 10ML/6
125007843;Januari 25, 2025;WOODS COUGH SYR ATT  60ML, WOODS EXPECTORANT 60 ML, WOODS EXPECTORANT 100 ML, FATIGON SPIRIT BOX 10X6S, SAKATONIK ABC STRAW 30TAB, SAKATONIK ABC ORANGE 30TAB, WOODS LOZENGES CHERRY 6'S, WOODS LOZENGES 6'S, WOODS LOZ HONEY LEMON
125007859;Januari 25, 2025;SAKATONIK ABC STRAW 30TAB, SAKATONIK ABC ANGGUR30TAB
125007860;Januari 25, 2025;KALPANAX KRIM 10 GR, PROMAG TABLET
125007886;Januari 25, 2025;WOODS COUGH SYR ATT  60ML, PROMAG TABLET
125007887;Januari 25, 2025;KALPANAX K CREAM 5 GR, KALPANAX KRIM 10 GR, PROCOLD FLU PE, PROMAG TABLET
125007892;Januari 25, 2025;BEJO JAHE MERAH HERBAL 12 SC, EXTRA JOSS ACTIVE 12SCH
125007897;Januari 25, 2025;WOODS COUGH SYR ATT  60ML, PUYER OSK BT NO.16/BOX
125007906;Januari 25, 2025;CEREBROVIT XCEL 10 CAPS, ENTROSTOP 10'S
125007912;Januari 25, 2025;WOODS COUGH SYR ATT  60ML, ENTROSTOP 10'S, PROMAG TABLET
125007920;Januari 25, 2025;BEJO JAHE MERAH HERBAL 12 SC, EXTRA JOSS ACTIVE 12SCH
125007924;Januari 25, 2025;WOODS COUGH SYR ATT  60ML, WOODS EXPECTORANT 60 ML
125007930;Januari 25, 2025;MIXAGRIP FLU KAPLET 25X4, PROCOLD FLU PE
125007940;Januari 25, 2025;KOMIX J.NIPIS G-FORMULA B, MEXTRIL BATUK-TABLET BOX
125007944;Januari 25, 2025;KALPANAX K CREAM 5 GR, KALPANAX KRIM 10 GR, BEJO JAHE MERAH HERBAL 12 SC
125007951;Januari 25, 2025;KALPANAX K CREAM 5 GR, SAKATONIK ABC ANTARIKSA 30 TAB, SAKATONIK ABC ORANGE 30TAB
125007955;Januari 25, 2025;KOMIX JAHE G-FORMULA BOX, KOMIX J.NIPIS G-FORMULA B, KOMIX PEPP.G-FORMULA BOX
125007956;Januari 25, 2025;PROMAG HERBAL 15 ML, PROMAG TABLET, SAKATONIK ABC STRAW 30TAB
125007959;Januari 25, 2025;PUYER OSK BT NO.16/BOX, PROMAG SUSPENSI 10ML/6, ENTROSTOP 10'S
125007975;Januari 25, 2025;ENTROSTOP HERBAL DEWASA 15 ML, ENTROSTOP HERBAL ANAK, KOMIX JAHE G-FORMULA BOX, KOMIX J.NIPIS G-FORMULA B, KOMIX PEPP.G-FORMULA BOX, KOMIX HERBAL PEPPERMINT, PROMAG SUSPENSI 10ML/6, PROMAG HERBAL 15 ML
125007991;Januari 25, 2025;CEREBROFORT GOLD ORANGE 100 ML, CEREBROFORT GOLD STRAWBERY
125007992;Januari 25, 2025;KOMIX HERBAL JERUK NIPIS, KOMIX HERBAL 15 ML, KOMIX HERBAL PEPPERMINT, KOMIX OBH PE
125008024;Januari 25, 2025;KOMIX HERBAL 15 ML, KOMIX OBH
125008030;Januari 25, 2025;EXTRA JOSS ACTIVE 6 SCH, EXTRA JOSS GO RASA ANGGUR
125008052;Januari 25, 2025;KOMIX JAHE G-FORMULA BOX, KOMIX J.NIPIS G-FORMULA B, KOMIX OBH
125008053;Januari 25, 2025;KOMIX JAHE G-FORMULA BOX, KOMIX J.NIPIS G-FORMULA B, KOMIX PEPP.G-FORMULA BOX, KOMIX KID OBH PE, KOMIX OBH
125008054;Januari 25, 2025;KALPANAX K CREAM 5 GR, MIXAGRIP FLU KAPLET 25X4
125008055;Januari 25, 2025;ENTROSTOP HERBAL DEWASA 15 ML, ENTROSTOP HERBAL ANAK, KOMIX JAHE G-FORMULA BOX, KOMIX J.NIPIS G-FORMULA B, KOMIX PEPP.G-FORMULA BOX, KOMIX HERBAL PEPPERMINT, PROMAG SUSPENSI 10ML/6, PROMAG HERBAL 15 ML
125008056;Januari 25, 2025;KOMIX HERBAL JERUK NIPIS, CEREBROFORT GOLD ORANGE 100 ML
125008061;Januari 25, 2025;KALPANAX K CREAM 5 GR, CEREBROFORT GOLD ORANGE 200 ML, ENTROSTOP HERBAL ANAK, PROMAG TABLET, FATIGON SPIRIT BOX 10X6S
125008076;Januari 25, 2025;KALPANAX K CREAM 5 GR, WOODS EXPECTORANT 60 ML
125008083;Januari 25, 2025;KALPANAX K CREAM 5 GR, PROMAG HERBAL 15 ML, WOODS COUGH SYR ATT  60ML, PROMAG TABLET
125008092;Januari 25, 2025;KALPANAX K CREAM 5 GR, WOODS COUGH SYR ATT  60ML, WOODS EXPECTORANT 60 ML, PROMAG TABLET
125008121;Januari 28, 2025;KOMIX JAHE G-FORMULA BOX, KOMIX J.NIPIS G-FORMULA B, KOMIX PEPP.G-FORMULA BOX
125008128;Januari 28, 2025;KOMIX HERBAL 15 ML, CEREBROFORT GOLD ORANGE 200 ML
125008139;Januari 28, 2025;BEJO JAHE MERAH HERBAL 12 SC, KOMIX HERBAL 15 ML
125008144;Januari 28, 2025;PROMAG SUSPENSI BTL 60 ML, FATIGON KAPLET 10X6S, ENTROSTOP 10'S
125008145;Januari 28, 2025;ENTROSTOP HERBAL DEWASA 15 ML, ENTROSTOP HERBAL ANAK, KOMIX JAHE G-FORMULA BOX, KOMIX J.NIPIS G-FORMULA B, KOMIX PEPP.G-FORMULA BOX, KOMIX HERBAL PEPPERMINT, PROMAG SUSPENSI 10ML/6, PROMAG HERBAL 15 ML
125008165;Januari 28, 2025;KOMIX HERBAL JERUK NIPIS, KOMIX HERBAL 15 ML
125008170;Januari 28, 2025;CEREBROVIT XCEL 10 CAPS, CEREBROFORT GOLD ORANGE 100 ML
125008173;Januari 28, 2025;BEJO JAHE MERAH HERBAL 12 SC, KALPANAX K CREAM 5 GR, SAKATONIK ABC ANTARIKSA 30 TAB, SAKATONIK ABC STRAW 30TAB, SAKATONIK ABC ANGGUR30TAB, SKT ABC CURCUMA MADU
125008179;Januari 28, 2025;KALPANAX K CREAM 5 GR, PROMAG SUSPENSI BTL 60 ML
125008186;Januari 28, 2025;CEREBROFORT GOLD ORANGE 100 ML, CEREBROFORT GOLD ORANGE 200 ML
125008190;Januari 28, 2025;BEJO JAHE MERAH HERBAL 12 SC, KOMIX HERBAL PEPPERMINT, ENTROSTOP 10'S
125008193;Januari 28, 2025;KALPANAX K CREAM 5 GR, BEJO JAHE MERAH HERBAL 12 SC, KOMIX HERBAL 15 ML, PROMAG TABLET
125008195;Januari 28, 2025;SKT ACTIV SIRUP 100 ML, WOODS EXPECTORANT 60 ML, WOODS NATURALS SYR 60 ML, CEREBROFORT MG JRK SCH, PROCOLD FLU PE, PROMAG TABLET, WOODS LOZENGES 6'S
125008208;Januari 28, 2025;WOODS COUGH SYR ATT 100ML, WOODS COUGH SYR ATT  60ML, WOODS EXPECTORANT 60 ML, WOODS EXPECTORANT 100 ML, PROMAG TABLET
125008213;Januari 28, 2025;KALPANAX SALEP 6G/12, PROMAG SUSPENSI 10ML/6, PROMAG HERBAL 15 ML, PROMAG TABLET
125008215;Januari 28, 2025;KOMIX HERBAL JERUK NIPIS, KOMIX OBH PE
125008220;Januari 28, 2025;WAISAN NEW FORMULA  /LUSIN, PROMAG HERBAL 15 ML
125008228;Januari 28, 2025;KOMIX HERBAL 15 ML, WOODS COUGH SYR ATT  60ML, FATIGON KAPLET 10X6S, FATIGON SPIRIT BOX 10X6S
125008233;Januari 28, 2025;WOODS EXPECTORANT 60 ML, ENTROSTOP 10'S
125008238;Januari 28, 2025;BEJO JAHE MERAH HERBAL 6S MT, BEJO JAHE MERAH HERBAL 12 SC, CEREBROFORT GOLD ORANGE 100 ML, CEREBROFORT GOLD STRAWBERY
125008241;Januari 28, 2025;B7 SLASI JERUK NIPIS 12'S, PUYER OSK BT NO.16/BOX, PROMAG HERBAL 15 ML, WOODS COUGH SYR ATT  60ML, SKT ABC CURCUMA MADU
125008255;Januari 28, 2025;KALPANAX SALEP 6G/12, FATIGON KAPLET 10X6S
125008261;Januari 28, 2025;CEREBROFORT GOLD ORANGE 100 ML, PROMAG HERBAL 15 ML, PROMAG TABLET
125008265;Januari 28, 2025;WOODS COUGH SYR ATT  60ML, WOODS EXPECTORANT 60 ML
125008267;Januari 28, 2025;BEJO JAHE MERAH HERBAL 12 SC, KALPANAX K CREAM 5 GR, ENTROSTOP HERBAL ANAK, SKT ACTIV SIRUP 100 ML, WOODS COUGH SYR ATT  60ML, WOODS EXPECTORANT 60 ML, SAKATONIK ABC ANTARIKSA 30 TAB, SAKATONIK ABC STRAW 30TAB, SAKATONIK ABC ANGGUR30TAB, SKT ABC CURCUMA MADU
125008273;Januari 28, 2025;PROMAG SUSPENSI 10ML/6, PROMAG HERBAL 15 ML, PROCOLD FLU PE, PROMAG TABLET
125008283;Januari 28, 2025;KALPANAX K CREAM 5 GR, SAKATONIK ABC ANTARIKSA 30 TAB, SAKATONIK ABC ANGGUR30TAB, SAKATONIK ABC ORANGE 30TAB
125008284;Januari 28, 2025;BEJO JAHE MERAH HERBAL 12 SC, PROMAG HERBAL 15 ML
125008293;Januari 28, 2025;ENTROSTOP HERBAL DEWASA 15 ML, ENTROSTOP HERBAL ANAK, KOMIX JAHE G-FORMULA BOX, KOMIX J.NIPIS G-FORMULA B, KOMIX PEPP.G-FORMULA BOX, KOMIX HERBAL PEPPERMINT, PROMAG SUSPENSI 10ML/6, PROMAG HERBAL 15 ML
125008294;Januari 28, 2025;ENTROSTOP HERBAL DEWASA 15 ML, ENTROSTOP HERBAL ANAK, KOMIX JAHE G-FORMULA BOX, KOMIX J.NIPIS G-FORMULA B, KOMIX PEPP.G-FORMULA BOX, KOMIX HERBAL PEPPERMINT, PROMAG SUSPENSI 10ML/6, PROMAG HERBAL 15 ML
125008295;Januari 28, 2025;ENTROSTOP HERBAL DEWASA 15 ML, ENTROSTOP HERBAL ANAK, KOMIX JAHE G-FORMULA BOX, KOMIX J.NIPIS G-FORMULA B, KOMIX PEPP.G-FORMULA BOX, KOMIX HERBAL PEPPERMINT, PROMAG SUSPENSI 10ML/6, PROMAG HERBAL 15 ML
125008297;Januari 28, 2025;KALPANAX SALEP 6G/12, CEREBROFORT GOLD ORANGE 100 ML, CEREBROFORT GOLD STRAWBERY, PROMAG TABLET
125008309;Januari 28, 2025;WOODS COUGH SYR ATT  60ML, WOODS EXPECTORANT 60 ML
125008313;Januari 28, 2025;ENTROSTOP HERBAL DEWASA 15 ML, ENTROSTOP HERBAL ANAK, KOMIX JAHE G-FORMULA BOX, KOMIX J.NIPIS G-FORMULA B, KOMIX PEPP.G-FORMULA BOX, KOMIX HERBAL PEPPERMINT, PROMAG SUSPENSI 10ML/6, PROMAG HERBAL 15 ML
125008314;Januari 28, 2025;ENTROSTOP HERBAL DEWASA 15 ML, ENTROSTOP HERBAL ANAK, KOMIX JAHE G-FORMULA BOX, KOMIX J.NIPIS G-FORMULA B, KOMIX PEPP.G-FORMULA BOX, KOMIX HERBAL PEPPERMINT, PROMAG SUSPENSI 10ML/6, PROMAG HERBAL 15 ML
125008315;Januari 28, 2025;ENTROSTOP HERBAL DEWASA 15 ML, ENTROSTOP HERBAL ANAK, KOMIX JAHE G-FORMULA BOX, KOMIX J.NIPIS G-FORMULA B, KOMIX PEPP.G-FORMULA BOX, KOMIX HERBAL PEPPERMINT, PROMAG SUSPENSI 10ML/6, PROMAG HERBAL 15 ML
125008317;Januari 28, 2025;WOODS COUGH SYR ATT  60ML, WOODS EXPECTORANT 60 ML, PROMAG TABLET, WOODS LOZENGES 6'S
125008319;Januari 28, 2025;KOMIX HERBAL 15 ML, PUYER OSK BT NO.16/BOX, KALPANAX K CREAM 5 GR, ENTROSTOP HERBAL ANAK, ENTROSTOP 10'S
125008320;Januari 28, 2025;SAKATONIK ABC STRAW 30TAB, SAKATONIK ABC ANGGUR30TAB, SAKATONIK ABC ORANGE 30TAB
125008327;Januari 28, 2025;BEJO JAHE MERAH HERBAL 12 SC, WOODS EXPECTORANT 60 ML
125008328;Januari 28, 2025;KALPANAX K CREAM 5 GR, ENTROSTOP HERBAL ANAK, ENTROSTOP 10'S
125008336;Januari 28, 2025;CEREBROFORT M.G. AGGR SCH, CEREBROFORT MG JRK SCH, CEREBROFORT MG STRAW SCH, ENTROSTOP 10'S
125008338;Januari 28, 2025;KALPANAX K CREAM 5 GR, KALPANAX SALEP 6G/12, WOODS EXPECTORANT 60 ML, FATIGON SPIRIT BOX 10X6S, PROMAG TABLET
125008355;Januari 28, 2025;ENTROSTOP HERBAL DEWASA 15 ML, ENTROSTOP HERBAL ANAK, KOMIX JAHE G-FORMULA BOX, KOMIX J.NIPIS G-FORMULA B, KOMIX PEPP.G-FORMULA BOX, PROMAG SUSPENSI 10ML/6, PROMAG HERBAL 15 ML
125008356;Januari 28, 2025;ENTROSTOP HERBAL DEWASA 15 ML, ENTROSTOP HERBAL ANAK, KOMIX JAHE G-FORMULA BOX, KOMIX J.NIPIS G-FORMULA B, KOMIX PEPP.G-FORMULA BOX, KOMIX HERBAL PEPPERMINT, PROMAG SUSPENSI 10ML/6, PROMAG HERBAL 15 ML
125008357;Januari 28, 2025;ENTROSTOP HERBAL DEWASA 15 ML, ENTROSTOP HERBAL ANAK, KOMIX JAHE G-FORMULA BOX, KOMIX J.NIPIS G-FORMULA B, KOMIX PEPP.G-FORMULA BOX, KOMIX HERBAL PEPPERMINT, PROMAG SUSPENSI 10ML/6, PROMAG HERBAL 15 ML
125008358;Januari 28, 2025;KALPANAX K CREAM 5 GR, ENTROSTOP 10'S, PROMAG TABLET
125008360;Januari 28, 2025;KALPANAX K CREAM 5 GR, ENTROSTOP HERBAL ANAK
125008363;Januari 28, 2025;KALPANAX SALEP 6G/12, PROCOLD FLU PE
125008377;Januari 28, 2025;KALPANAX K CREAM 5 GR, ENTROSTOP 10'S, PROMAG TABLET, PROCOLD FLU PE
125008397;Januari 28, 2025;KOMIX JAHE G-FORMULA 6'S, PROCOLD FLU BATUK PE
125008409;Januari 28, 2025;BEJO JAHE MERAH HERBAL 12 SC, PROMAG HERBAL 15 ML, ENTROSTOP 10'S
125008459;Januari 28, 2025;EXTRA JOSS ACTIVE 6 SCH, EXTRA JOSS GO RASA ANGGUR
125008463;Januari 28, 2025;ENTROSTOP HERBAL DEWASA 15 ML, ENTROSTOP HERBAL ANAK, KOMIX JAHE G-FORMULA BOX, KOMIX J.NIPIS G-FORMULA B, KOMIX PEPP.G-FORMULA BOX, KOMIX HERBAL PEPPERMINT, PROMAG SUSPENSI 10ML/6, PROMAG HERBAL 15 ML
125008464;Januari 28, 2025;ENTROSTOP HERBAL DEWASA 15 ML, ENTROSTOP HERBAL ANAK, KOMIX JAHE G-FORMULA BOX, KOMIX J.NIPIS G-FORMULA B, KOMIX PEPP.G-FORMULA BOX, KOMIX HERBAL PEPPERMINT, PROMAG SUSPENSI 10ML/6, PROMAG HERBAL 15 ML
125008506;Januari 28, 2025;ENTROSTOP HERBAL DEWASA 15 ML, ENTROSTOP HERBAL ANAK, KOMIX JAHE G-FORMULA BOX, KOMIX J.NIPIS G-FORMULA B, KOMIX PEPP.G-FORMULA BOX, KOMIX HERBAL PEPPERMINT, PROMAG SUSPENSI 10ML/6, PROMAG HERBAL 15 ML
125008509;Januari 28, 2025;ENTROSTOP HERBAL DEWASA 15 ML, ENTROSTOP HERBAL ANAK, KOMIX JAHE G-FORMULA BOX, KOMIX J.NIPIS G-FORMULA B, KOMIX PEPP.G-FORMULA BOX, KOMIX HERBAL PEPPERMINT, PROMAG SUSPENSI 10ML/6, PROMAG HERBAL 15 ML
125008510;Januari 28, 2025;ENTROSTOP HERBAL DEWASA 15 ML, ENTROSTOP HERBAL ANAK, KOMIX JAHE G-FORMULA BOX, KOMIX J.NIPIS G-FORMULA B, KOMIX PEPP.G-FORMULA BOX, KOMIX HERBAL PEPPERMINT, PROMAG SUSPENSI 10ML/6, PROMAG HERBAL 15 ML
125008511;Januari 28, 2025;ENTROSTOP HERBAL DEWASA 15 ML, ENTROSTOP HERBAL ANAK, KOMIX JAHE G-FORMULA BOX, KOMIX J.NIPIS G-FORMULA B, KOMIX PEPP.G-FORMULA BOX, KOMIX HERBAL PEPPERMINT, PROMAG SUSPENSI 10ML/6, PROMAG HERBAL 15 ML
125008512;Januari 28, 2025;ENTROSTOP HERBAL DEWASA 15 ML, ENTROSTOP HERBAL ANAK, KOMIX JAHE G-FORMULA BOX, KOMIX J.NIPIS G-FORMULA B, KOMIX PEPP.G-FORMULA BOX, KOMIX HERBAL PEPPERMINT, PROMAG SUSPENSI 10ML/6, PROMAG HERBAL 15 ML
125008513;Januari 28, 2025;SKT ACTIV SIRUP 100 ML, SKT ACTIV SIRUP 300 ML, SAKATONIK ABC ANTARIKSA 30 TAB, SAKATONIK ABC STRAW 30TAB, SAKATONIK ABC ANGGUR30TAB, SAKATONIK ABC ORANGE 30TAB
125008516;Januari 28, 2025;PROMAG SUSPENSI 10ML/6, PROMAG HERBAL 15 ML, WOODS COUGH SYR ATT 100ML, WOODS EXPECTORANT 100 ML
125008517;Januari 28, 2025;KOMIX HERBAL ORI PACK, KALPANAX K CREAM 5 GR, PROMAG SUSPENSI 10ML/6, PROMAG HERBAL 15 ML, WOODS COUGH SYR ATT  60ML, WOODS EXPECTORANT 60 ML, FATIGON SPIRIT BOX 10X6S, SAKATONIK ABC ORANGE 30TAB
125008519;Januari 28, 2025;BEJO JAHE MERAH HERBAL 12 SC, KOMIX HERBAL PEPPERMINT, WOODS COUGH SYR ATT  60ML, WOODS EXPECTORANT 60 ML, SAKATONIK ABC ANTARIKSA 30 TAB, SAKATONIK ABC STRAW 30TAB, SAKATONIK ABC ANGGUR30TAB
125008520;Januari 28, 2025;BEJO JAHE MERAH HERBAL 12 SC, WOODS COUGH SYR ATT 100ML, WOODS EXPECTORANT 60 ML, WOODS EXPECTORANT 100 ML
125008521;Januari 28, 2025;WOODS EXPECTORANT 60 ML, WOODS EXPECTORANT 100 ML
125008524;Januari 28, 2025;PUYER OSK BT NO.16/BOX, PROMAG SUSPENSI BTL 60 ML
125008530;Januari 28, 2025;KOMIX HERBAL ORI PACK, ENTROSTOP HERBAL ANAK, WOODS COUGH SYR ATT 100ML
125008531;Januari 28, 2025;WOODS EXPECTORANT 60 ML, PROCOLD FLU PE
125008532;Januari 28, 2025;FATIGON KAPLET 10X6S, FATIGON SPIRIT BOX 10X6S
125008536;Januari 28, 2025;CEREBROFORT GOLD ORANGE 100 ML, CEREBROFORT GOLD STRAWBERY
125008541;Januari 28, 2025;MIXAGRIP FLU &BATUK PE, PROCOLD FLU BATUK PE
125008578;Januari 28, 2025;ENTROSTOP HERBAL DEWASA 15 ML, ENTROSTOP HERBAL ANAK, KOMIX JAHE G-FORMULA BOX, KOMIX J.NIPIS G-FORMULA B, KOMIX PEPP.G-FORMULA BOX, KOMIX HERBAL PEPPERMINT, PROMAG SUSPENSI 10ML/6, PROMAG HERBAL 15 ML
125008579;Januari 28, 2025;WOODS EXPECTORANT 60 ML, WOODS EXPECTORANT 100 ML
125008584;Januari 28, 2025;SKT ACTIV SIRUP 100 ML, SKT ACTIV SIRUP 300 ML, WOODS EXPECTORANT 60 ML, WOODS LOZENGES 6'S
125008595;Januari 28, 2025;ENTROSTOP HERBAL DEWASA 15 ML, ENTROSTOP HERBAL ANAK, KOMIX JAHE G-FORMULA BOX, KOMIX J.NIPIS G-FORMULA B, KOMIX PEPP.G-FORMULA BOX, KOMIX HERBAL PEPPERMINT, PROMAG SUSPENSI 10ML/6, PROMAG HERBAL 15 ML
125008596;Januari 28, 2025;ENTROSTOP HERBAL DEWASA 15 ML, ENTROSTOP HERBAL ANAK, KOMIX JAHE G-FORMULA BOX, KOMIX J.NIPIS G-FORMULA B, KOMIX PEPP.G-FORMULA BOX, KOMIX HERBAL PEPPERMINT, PROMAG SUSPENSI 10ML/6, PROMAG HERBAL 15 ML
125008597;Januari 28, 2025;PROMAG TABLET, WOODS LOZENGES CHERRY 6'S, WOODS LOZENGES 6'S, WOODS LOZ HONEY LEMON
125008600;Januari 28, 2025;SKT ACTIV SIRUP 100 ML, SKT ABC CURCUMA MADU
125008601;Januari 28, 2025;ENTROSTOP HERBAL DEWASA 15 ML, ENTROSTOP HERBAL ANAK, KOMIX JAHE G-FORMULA BOX, KOMIX J.NIPIS G-FORMULA B, KOMIX PEPP.G-FORMULA BOX, KOMIX HERBAL PEPPERMINT, PROMAG SUSPENSI 10ML/6, PROMAG HERBAL 15 ML
125008612;Januari 28, 2025;KALPANAX SALEP 6G/12, KOMIX HERBAL 15 ML, WAISAN NEW FORMULA  /LUSIN, WOODS COUGH SYR ATT 100ML, WOODS COUGH SYR ATT  60ML, WOODS EXPECTORANT 60 ML, WOODS EXPECTORANT 100 ML
125008622;Januari 30, 2025;ENTROSTOP HERBAL DEWASA 15 ML, ENTROSTOP HERBAL ANAK, KOMIX HERBAL PEPPERMINT, PROMAG HERBAL 15 ML
125008631;Januari 30, 2025;WOODS COUGH SYR ATT  60ML, WOODS EXPECTORANT 60 ML
125008636;Januari 30, 2025;SAKATONIK ABC ANGGUR30TAB, SKT ABC CURCUMA MADU, WOODS LOZENGES CHERRY 6'S
125008637;Januari 30, 2025;SAKATONIK ABC ANTARIKSA 30 TAB, SAKATONIK ABC STRAW 30TAB, SAKATONIK ABC ANGGUR30TAB, SAKATONIK ABC ORANGE 30TAB, SKT ABC CURCUMA MADU
125008638;Januari 30, 2025;BEJO JAHE MERAH HERBAL 12 SC, WOODS EXPECTORANT 60 ML
125008640;Januari 30, 2025;KALPANAX SALEP 6G/12, WOODS COUGH SYR ATT 100ML, WOODS COUGH SYR ATT  60ML, WOODS EXPECTORANT 60 ML, PROMAG TABLET
125008641;Januari 30, 2025;KOMIX HERBAL JERUK NIPIS, KOMIX HERBAL 15 ML, KOMIX OBH PE
125008646;Januari 30, 2025;CEREBROFORT GOLD STRAWBERY, ENTROSTOP HERBAL ANAK
125008658;Januari 30, 2025;CEREBROFORT GOLD STRAWBERY, WOODS EXPECTORANT 60 ML
125008661;Januari 30, 2025;ENTROSTOP HERBAL ANAK, KOMIX JAHE G-FORMULA BOX, KOMIX J.NIPIS G-FORMULA B, KOMIX PEPP.G-FORMULA BOX, KOMIX HERBAL PEPPERMINT, PROMAG SUSPENSI 10ML/6, PROMAG HERBAL 15 ML
125008664;Januari 30, 2025;WOODS EXPECTORANT 60 ML, SAKATONIK ABC ANTARIKSA 30 TAB, SAKATONIK ABC STRAW 30TAB, SAKATONIK ABC ANGGUR30TAB, SAKATONIK ABC ORANGE 30TAB
125008667;Januari 30, 2025;ENTROSTOP 10'S, SAKATONIK ABC ANTARIKSA 30 TAB, SAKATONIK ABC ANGGUR30TAB, SAKATONIK ABC ORANGE 30TAB
125008684;Januari 30, 2025;ENTROSTOP HERBAL DEWASA 15 ML, ENTROSTOP HERBAL ANAK, KOMIX JAHE G-FORMULA BOX, KOMIX J.NIPIS G-FORMULA B, KOMIX PEPP.G-FORMULA BOX, KOMIX HERBAL PEPPERMINT, PROMAG SUSPENSI 10ML/6, PROMAG HERBAL 15 ML
125008698;Januari 30, 2025;ENTROSTOP HERBAL DEWASA 15 ML, ENTROSTOP HERBAL ANAK, KOMIX JAHE G-FORMULA BOX, KOMIX J.NIPIS G-FORMULA B, KOMIX PEPP.G-FORMULA BOX, KOMIX HERBAL PEPPERMINT, PROMAG SUSPENSI 10ML/6, PROMAG HERBAL 15 ML
125008699;Januari 30, 2025;ENTROSTOP HERBAL DEWASA 15 ML, ENTROSTOP HERBAL ANAK, KOMIX JAHE G-FORMULA BOX, KOMIX J.NIPIS G-FORMULA B, KOMIX PEPP.G-FORMULA BOX, KOMIX HERBAL PEPPERMINT, PROMAG SUSPENSI 10ML/6, PROMAG HERBAL 15 ML
125008705;Januari 30, 2025;ENTROSTOP HERBAL DEWASA 15 ML, ENTROSTOP HERBAL ANAK, KOMIX JAHE G-FORMULA BOX, KOMIX J.NIPIS G-FORMULA B, KOMIX PEPP.G-FORMULA BOX, KOMIX HERBAL PEPPERMINT, PROMAG SUSPENSI 10ML/6, PROMAG HERBAL 15 ML
125008706;Januari 30, 2025;ENTROSTOP HERBAL DEWASA 15 ML, ENTROSTOP HERBAL ANAK, KOMIX JAHE G-FORMULA BOX, KOMIX J.NIPIS G-FORMULA B, KOMIX PEPP.G-FORMULA BOX, KOMIX HERBAL PEPPERMINT, PROMAG SUSPENSI 10ML/6, PROMAG HERBAL 15 ML
125008707;Januari 30, 2025;ENTROSTOP HERBAL DEWASA 15 ML, ENTROSTOP HERBAL ANAK, KOMIX JAHE G-FORMULA BOX, KOMIX J.NIPIS G-FORMULA B, KOMIX PEPP.G-FORMULA BOX, KOMIX HERBAL PEPPERMINT, PROMAG SUSPENSI 10ML/6, PROMAG HERBAL 15 ML
125008708;Januari 30, 2025;ENTROSTOP HERBAL DEWASA 15 ML, ENTROSTOP HERBAL ANAK, KOMIX JAHE G-FORMULA BOX, KOMIX J.NIPIS G-FORMULA B, KOMIX PEPP.G-FORMULA BOX, KOMIX HERBAL PEPPERMINT, PROMAG SUSPENSI 10ML/6, PROMAG HERBAL 15 ML
125008709;Januari 30, 2025;ENTROSTOP HERBAL DEWASA 15 ML, ENTROSTOP HERBAL ANAK, KOMIX JAHE G-FORMULA BOX, KOMIX J.NIPIS G-FORMULA B, KOMIX PEPP.G-FORMULA BOX, KOMIX HERBAL PEPPERMINT, PROMAG SUSPENSI 10ML/6, PROMAG HERBAL 15 ML
125008711;Januari 30, 2025;ENTROSTOP HERBAL DEWASA 15 ML, ENTROSTOP HERBAL ANAK, KOMIX JAHE G-FORMULA BOX, KOMIX J.NIPIS G-FORMULA B, KOMIX PEPP.G-FORMULA BOX, KOMIX HERBAL PEPPERMINT, PROMAG SUSPENSI 10ML/6, PROMAG HERBAL 15 ML
125008712;Januari 30, 2025;ENTROSTOP HERBAL DEWASA 15 ML, ENTROSTOP HERBAL ANAK, KOMIX JAHE G-FORMULA BOX, KOMIX J.NIPIS G-FORMULA B, KOMIX PEPP.G-FORMULA BOX, KOMIX HERBAL PEPPERMINT, PROMAG SUSPENSI 10ML/6, PROMAG HERBAL 15 ML
125008713;Januari 30, 2025;ENTROSTOP HERBAL DEWASA 15 ML, ENTROSTOP HERBAL ANAK, KOMIX JAHE G-FORMULA BOX, KOMIX J.NIPIS G-FORMULA B, KOMIX PEPP.G-FORMULA BOX, KOMIX HERBAL PEPPERMINT, PROMAG SUSPENSI 10ML/6, PROMAG HERBAL 15 ML
125008714;Januari 30, 2025;ENTROSTOP HERBAL DEWASA 15 ML, ENTROSTOP HERBAL ANAK, KOMIX JAHE G-FORMULA BOX, KOMIX J.NIPIS G-FORMULA B, KOMIX PEPP.G-FORMULA BOX, KOMIX HERBAL PEPPERMINT, PROMAG SUSPENSI 10ML/6, PROMAG HERBAL 15 ML
125008715;Januari 30, 2025;ENTROSTOP HERBAL DEWASA 15 ML, ENTROSTOP HERBAL ANAK, KOMIX JAHE G-FORMULA BOX, KOMIX J.NIPIS G-FORMULA B, KOMIX PEPP.G-FORMULA BOX, KOMIX HERBAL PEPPERMINT, PROMAG SUSPENSI 10ML/6, PROMAG HERBAL 15 ML
125008723;Januari 30, 2025;ENTROSTOP HERBAL ANAK, KOMIX JAHE G-FORMULA BOX, KOMIX J.NIPIS G-FORMULA B, KOMIX PEPP.G-FORMULA BOX, KOMIX HERBAL PEPPERMINT, PROMAG SUSPENSI 10ML/6, PROMAG HERBAL 15 ML
125008724;Januari 30, 2025;ENTROSTOP HERBAL ANAK, KOMIX HERBAL JERUK NIPIS, KOMIX HERBAL 15 ML, KOMIX HERBAL ORI PACK, KOMIX HERBAL PEPPERMINT, FATIGON SPIRIT BOX 10X6S
125008729;Januari 30, 2025;ENTROSTOP HERBAL ANAK, KOMIX JAHE G-FORMULA BOX, KOMIX J.NIPIS G-FORMULA B, KOMIX PEPP.G-FORMULA BOX, KOMIX HERBAL PEPPERMINT, PROMAG SUSPENSI 10ML/6, PROMAG HERBAL 15 ML
125008730;Januari 30, 2025;ENTROSTOP HERBAL ANAK, KOMIX JAHE G-FORMULA BOX, KOMIX J.NIPIS G-FORMULA B, KOMIX PEPP.G-FORMULA BOX, KOMIX HERBAL PEPPERMINT, PROMAG SUSPENSI 10ML/6, PROMAG HERBAL 15 ML
125008731;Januari 30, 2025;ENTROSTOP HERBAL DEWASA 15 ML, ENTROSTOP HERBAL ANAK, KOMIX JAHE G-FORMULA BOX, KOMIX J.NIPIS G-FORMULA B, KOMIX PEPP.G-FORMULA BOX, KOMIX HERBAL PEPPERMINT, PROMAG SUSPENSI 10ML/6, PROMAG HERBAL 15 ML
125008752;Januari 30, 2025;ENTROSTOP HERBAL DEWASA 15 ML, PROMAG HERBAL 15 ML, CEREBROFORT M.G. AGGR SCH, CEREBROFORT MG JRK SCH, CEREBROFORT MG STRAW SCH, CEREBROFORT M.G. TROPICAL FRUIT, XONCE TAB BOX 50'S
125008764;Januari 30, 2025;ENTROSTOP HERBAL ANAK, KOMIX JAHE G-FORMULA BOX, KOMIX J.NIPIS G-FORMULA B, KOMIX PEPP.G-FORMULA BOX, KOMIX HERBAL PEPPERMINT, PROMAG SUSPENSI 10ML/6, PROMAG HERBAL 15 ML
125008771;Januari 30, 2025;ENTROSTOP HERBAL ANAK, KOMIX JAHE G-FORMULA BOX, KOMIX J.NIPIS G-FORMULA B, KOMIX PEPP.G-FORMULA BOX, KOMIX HERBAL PEPPERMINT, PROMAG SUSPENSI 10ML/6, PROMAG HERBAL 15 ML
125008775;Januari 30, 2025;KOMIX HERBAL JERUK NIPIS, KOMIX HERBAL 15 ML, KOMIX HERBAL ORI PACK, ENTROSTOP HERBAL ANAK, PROMAG SUSPENSI BTL 60 ML, PROMAG HERBAL 15 ML, SKT ACTIV SIRUP 300 ML, ENTROSTOP 10'S, SAKATONIK ABC ANGGUR30TAB
125008778;Januari 30, 2025;KALPANAX SALEP 6G/12, KOMIX HERBAL 15 ML, SAKATONIK ABC ANGGUR30TAB
125008779;Januari 30, 2025;BEJO JAHE MERAH HERBAL 12 SC, PROMAG TABLET
125008787;Januari 30, 2025;SAKATONIK ABC ANTARIKSA 30 TAB, SAKATONIK ABC STRAW 30TAB, SAKATONIK ABC ANGGUR30TAB, SAKATONIK ABC ORANGE 30TAB
125008797;Januari 30, 2025;MIXAGRIP FLU &BATUK PE, PROCOLD FLU BATUK PE
125008805;Januari 30, 2025;KOMIX HERBAL ORI PACK, KOMIX OBH PE
125008827;Januari 30, 2025;CEREBROFORT GOLD ORANGE 100 ML, PROCOLD FLU PE
125008834;Januari 30, 2025;CEREBROFORT MG JRK SCH, CEREBROFORT MG STRAW SCH
125008836;Januari 30, 2025;KOMIX HERBAL 15 ML, WOODS COUGH SYR ATT 100ML, WOODS COUGH SYR ATT  60ML, WOODS EXPECTORANT 100 ML
125008838;Januari 30, 2025;CEREBROFORT GOLD STRAWBERY, KOMIX HERBAL 15 ML, WOODS EXPECTORANT 60 ML
125008850;Januari 30, 2025;EJ SPORT GEL ORANGE 5 TB, EXTRA JOSS SPORT 5 TB
125008858;Januari 30, 2025;ENTROSTOP HERBAL ANAK, KOMIX JAHE G-FORMULA BOX, KOMIX J.NIPIS G-FORMULA B, KOMIX PEPP.G-FORMULA BOX, KOMIX HERBAL PEPPERMINT, PROMAG SUSPENSI 10ML/6, PROMAG HERBAL 15 ML
125008859;Januari 30, 2025;ENTROSTOP HERBAL ANAK, KOMIX JAHE G-FORMULA BOX, KOMIX J.NIPIS G-FORMULA B, KOMIX PEPP.G-FORMULA BOX, KOMIX HERBAL PEPPERMINT, PROMAG SUSPENSI 10ML/6, PROMAG HERBAL 15 ML
125008860;Januari 30, 2025;ENTROSTOP HERBAL ANAK, KOMIX JAHE G-FORMULA BOX, KOMIX J.NIPIS G-FORMULA B, KOMIX PEPP.G-FORMULA BOX, KOMIX HERBAL PEPPERMINT, PROMAG SUSPENSI 10ML/6, PROMAG HERBAL 15 ML
125008861;Januari 30, 2025;ENTROSTOP HERBAL ANAK, KOMIX JAHE G-FORMULA BOX, KOMIX J.NIPIS G-FORMULA B, KOMIX PEPP.G-FORMULA BOX, KOMIX HERBAL PEPPERMINT, PROMAG SUSPENSI 10ML/6, PROMAG HERBAL 15 ML
125008862;Januari 30, 2025;ENTROSTOP HERBAL ANAK, KOMIX JAHE G-FORMULA BOX, KOMIX J.NIPIS G-FORMULA B, KOMIX PEPP.G-FORMULA BOX, KOMIX HERBAL PEPPERMINT, PROMAG SUSPENSI 10ML/6, PROMAG HERBAL 15 ML
125008864;Januari 30, 2025;ENTROSTOP HERBAL ANAK, KOMIX JAHE G-FORMULA BOX, KOMIX J.NIPIS G-FORMULA B, KOMIX PEPP.G-FORMULA BOX, KOMIX HERBAL PEPPERMINT, PROMAG SUSPENSI 10ML/6, PROMAG HERBAL 15 ML
125008865;Januari 30, 2025;ENTROSTOP HERBAL ANAK, KOMIX JAHE G-FORMULA BOX, KOMIX J.NIPIS G-FORMULA B, KOMIX PEPP.G-FORMULA BOX, KOMIX HERBAL PEPPERMINT, PROMAG SUSPENSI 10ML/6, PROMAG HERBAL 15 ML
125008866;Januari 30, 2025;ENTROSTOP HERBAL ANAK, KOMIX JAHE G-FORMULA BOX, KOMIX J.NIPIS G-FORMULA B, KOMIX PEPP.G-FORMULA BOX, KOMIX HERBAL PEPPERMINT, PROMAG SUSPENSI 10ML/6, PROMAG HERBAL 15 ML
125008867;Januari 30, 2025;CEREBROFORT GOLD ORANGE 100 ML, CEREBROFORT GOLD STRAWBERY, SAKATONIK ABC ANTARIKSA 30 TAB, SAKATONIK ABC ORANGE 30TAB
125008869;Januari 30, 2025;ENTROSTOP HERBAL ANAK, KOMIX JAHE G-FORMULA BOX, KOMIX J.NIPIS G-FORMULA B, KOMIX PEPP.G-FORMULA BOX, KOMIX HERBAL PEPPERMINT, PROMAG SUSPENSI 10ML/6, PROMAG HERBAL 15 ML
125008890;Januari 30, 2025;ENTROSTOP HERBAL ANAK, KOMIX JAHE G-FORMULA BOX, KOMIX J.NIPIS G-FORMULA B, KOMIX PEPP.G-FORMULA BOX, KOMIX HERBAL PEPPERMINT, PROMAG SUSPENSI 10ML/6, PROMAG HERBAL 15 ML
125008894;Januari 30, 2025;FATIGON SPIRIT BOX 10X6S, SAKATONIK ABC STRAW 30TAB
125008906;Januari 30, 2025;KALPANAX K CREAM 5 GR, PROMAG TABLET
125008909;Januari 30, 2025;ENTROSTOP HERBAL ANAK, B7 SLASI JERUK NIPIS 12'S
125008913;Januari 30, 2025;ENTROSTOP HERBAL ANAK, KOMIX JAHE G-FORMULA BOX, KOMIX J.NIPIS G-FORMULA B, KOMIX PEPP.G-FORMULA BOX, KOMIX HERBAL PEPPERMINT, PROMAG SUSPENSI 10ML/6, PROMAG HERBAL 15 ML
125008914;Januari 30, 2025;ENTROSTOP HERBAL ANAK, KOMIX JAHE G-FORMULA BOX, KOMIX J.NIPIS G-FORMULA B, KOMIX PEPP.G-FORMULA BOX, KOMIX HERBAL PEPPERMINT, PROMAG SUSPENSI 10ML/6, PROMAG HERBAL 15 ML
125008919;Januari 30, 2025;BEJO JAHE MERAH HERBAL 12 SC, EXTRA JOSS ACTIVE 12SCH, MIXAGRIP HERBAL GREGES
125008945;Januari 30, 2025;ENTROSTOP HERBAL ANAK, KOMIX JAHE G-FORMULA BOX, KOMIX J.NIPIS G-FORMULA B, KOMIX PEPP.G-FORMULA BOX, KOMIX HERBAL PEPPERMINT, PROMAG SUSPENSI 10ML/6, PROMAG HERBAL 15 ML
125008946;Januari 30, 2025;WOODS COUGH SYR ATT  60ML, MIXAGRIP FLU KAPLET 25X4
125008947;Januari 30, 2025;KALPANAX SALEP 6G/12, PROMAG SUSPENSI BTL 60 ML, PROMAG HERBAL 15 ML, PROMAG TABLET
125008948;Januari 30, 2025;ENTROSTOP HERBAL ANAK, KOMIX JAHE G-FORMULA BOX, KOMIX J.NIPIS G-FORMULA B, KOMIX PEPP.G-FORMULA BOX, KOMIX HERBAL PEPPERMINT, PROMAG SUSPENSI 10ML/6, PROMAG HERBAL 15 ML
125008955;Januari 30, 2025;WOODS COUGH SYR ATT 100ML, WOODS COUGH SYR ATT  60ML, WOODS EXPECTORANT 100 ML
125008959;Januari 30, 2025;ENTROSTOP HERBAL ANAK, ENTROSTOP 10'S, PROCOLD FLU PE, PROMAG TABLET
125008961;Januari 30, 2025;KALPANAX SALEP 6G/12, WOODS EXPECTORANT 100 ML
125008963;Januari 30, 2025;BEJO JAHE MERAH HERBAL 12 SC, PROMAG SUSPENSI BTL 60 ML
125008971;Januari 30, 2025;CEREBROFORT GOLD STRAWBERY, FATIGON SPIRIT BOX 10X6S
125008980;Januari 30, 2025;KALPANAX K CREAM 5 GR, KALPANAX SALEP 6G/12, PROMAG SUSPENSI BTL 60 ML, PROMAG HERBAL 15 ML, PROMAG TABLET
125009013;Januari 30, 2025;KALPANAX K CREAM 5 GR, ENTROSTOP HERBAL ANAK, KOMIX JAHE G-FORMULA BOX, KOMIX J.NIPIS G-FORMULA B, PROMAG SUSPENSI 10ML/6
125009014;Januari 30, 2025;BEJO JAHE MERAH HERBAL 12 SC, KOMIX HERBAL JERUK NIPIS, KOMIX HERBAL PEPPERMINT, SKT ACTIV SIRUP 100 ML
125009015;Januari 30, 2025;B7 SLASI JERUK NIPIS 12'S, KALPANAX K CREAM 5 GR, CEREBROFORT GOLD ORANGE 200 ML
125009020;Januari 30, 2025;KOMIX HERBAL JERUK NIPIS, KOMIX HERBAL PEPPERMINT
125009024;Januari 30, 2025;KOMIX HERBAL JERUK NIPIS, KOMIX HERBAL 15 ML, ENTROSTOP 10'S
125009090;Januari 30, 2025;KOMIX JAHE G-FORMULA BOX, KOMIX J.NIPIS G-FORMULA B, KOMIX OBH
125009095;Januari 30, 2025;KOMIX JAHE G-FORMULA BOX, KOMIX J.NIPIS G-FORMULA B, KOMIX PEPP.G-FORMULA BOX, PROMAG SUSPENSI 10ML/6
125009097;Januari 30, 2025;KOMIX HERBAL PEPPERMINT, ENTROSTOP HERBAL ANAK, PROMAG HERBAL 15 ML
125009163;Januari 30, 2025;MIXAGRIP FLU KAPLET 25X4, SAKATONIK ABC ANTARIKSA 30 TAB, SAKATONIK ABC STRAW 30TAB, SAKATONIK ABC ANGGUR30TAB, SAKATONIK ABC ORANGE 30TAB, SKT ABC CURCUMA MADU
125009168;Januari 30, 2025;BEJO JAHE MERAH HERBAL 12 SC, KOMIX HERBAL 15 ML
125009171;Januari 30, 2025;KALPANAX K CREAM 5 GR, WOODS COUGH SYR ATT  60ML
125009176;Januari 30, 2025;MIXAGRIP FLU &BATUK PE, PROCOLD FLU BATUK PE
125009185;Januari 30, 2025;PUYER OSK BT NO.16/BOX, WOODS COUGH SYR ATT 100ML, WOODS EXPECTORANT 60 ML, FATIGON KAPLET 10X6S, FATIGON SPIRIT BOX 10X6S
125009186;Januari 30, 2025;PROMAG SUSPENSI BTL 60 ML, SKT ACTIV SIRUP 300 ML
125009228;Januari 30, 2025;FATIGON KAPLET 10X6S, FATIGON SPIRIT BOX 10X6S, SAKATONIK ABC ANTARIKSA 30 TAB, SAKATONIK ABC STRAW 30TAB
125009244;Januari 30, 2025;ENTROSTOP HERBAL ANAK, KOMIX JAHE G-FORMULA BOX, KOMIX J.NIPIS G-FORMULA B, KOMIX PEPP.G-FORMULA BOX, KOMIX HERBAL PEPPERMINT, PROMAG SUSPENSI 10ML/6, PROMAG HERBAL 15 ML
125009252;Januari 30, 2025;KALPANAX K CREAM 5 GR, KALPANAX SALEP 6G/12, ENTROSTOP HERBAL ANAK, PROMAG SUSPENSI 10ML/6, PROMAG HERBAL 15 ML, WOODS NATURALS SYR 60 ML
125009282;Januari 30, 2025;CEREBROFORT MG STRAW SCH, SAKATONIK ABC ORANGE 30TAB
125009311;Januari 30, 2025;WOODS COUGH SYR ATT  60ML, PROCOLD FLU BATUK PE
125009314;Januari 30, 2025;KALPANAX K CREAM 5 GR, PROMAG SUSPENSI 10ML/6, PROMAG TABLET
125009316;Januari 30, 2025;PROMAG HERBAL 15 ML, CEREBROFORT M.G. AGGR SCH, FATIGON SPIRIT BOX 10X6S, SAKATONIK ABC STRAW 30TAB
125009321;Januari 30, 2025;KALPANAX SALEP 6G/12, PROMAG HERBAL 15 ML, CEREBROFORT M.G. AGGR SCH, CEREBROFORT MG STRAW SCH, FATIGON SPIRIT BOX 10X6S, SAKATONIK ACTIV MULTIVIT ZAT BESI - KAPLET 6S, SAKATONIK ABC ANTARIKSA 30 TAB, SAKATONIK ABC STRAW 30TAB
125009322;Januari 30, 2025;BEJO JAHE MERAH HERBAL 6S MT, BEJO JAHE MERAH HERBAL 12 SC, EXTRA JOSS SPORT GEL 2 TB, KOMIX HERBAL 15 ML
125009323;Januari 30, 2025;KALPANAX K CREAM 5 GR, PROMAG SUSPENSI 10ML/6, WOODS EXPECTORANT 60 ML, ENTROSTOP 10'S, PROMAG TABLET
125009337;Januari 30, 2025;BEJO JAHE MERAH HERBAL 6S MT, BEJO JAHE MERAH HERBAL 12 SC, EXTRA JOSS SPORT GEL 2 TB, KOMIX HERBAL 15 ML, EXTRA JOSS ACTIVE 6 SCH
125009347;Januari 31, 2025;SKT ACTIV SIRUP 100 ML, WOODS LOZENGES 6'S
125009358;Januari 31, 2025;SAKATONIK ABC ANTARIKSA 30 TAB, SAKATONIK ABC STRAW 30TAB, SAKATONIK ABC ANGGUR30TAB, SAKATONIK ABC ORANGE 30TAB, SKT ABC CURCUMA MADU
125009360;Januari 31, 2025;BEJO JAHE MERAH HERBAL 6S MT, BEJO JAHE MERAH HERBAL 12 SC
125009385;Januari 31, 2025;FATIGON KAPLET 10X6S, ENTROSTOP 10'S
125009386;Januari 31, 2025;KALPANAX K CREAM 5 GR, FATIGON KAPLET 10X6S
125009388;Januari 31, 2025;ENTROSTOP HERBAL ANAK, KOMIX JAHE G-FORMULA BOX, KOMIX J.NIPIS G-FORMULA B, KOMIX PEPP.G-FORMULA BOX, KOMIX HERBAL PEPPERMINT, PROMAG SUSPENSI 10ML/6, PROMAG HERBAL 15 ML
125009390;Januari 31, 2025;PROMAG SUSPENSI BTL 60 ML, WOODS COUGH SYR ATT 100ML, PROMAG TABLET, SAKATONIK ABC STRAW 30TAB, SAKATONIK ABC ANGGUR30TAB
125009395;Januari 31, 2025;ENTROSTOP HERBAL ANAK, KOMIX JAHE G-FORMULA BOX, KOMIX J.NIPIS G-FORMULA B, KOMIX PEPP.G-FORMULA BOX, KOMIX HERBAL PEPPERMINT, PROMAG SUSPENSI 10ML/6, PROMAG HERBAL 15 ML
125009396;Januari 31, 2025;ENTROSTOP HERBAL ANAK, KOMIX JAHE G-FORMULA BOX, KOMIX J.NIPIS G-FORMULA B, KOMIX PEPP.G-FORMULA BOX, KOMIX HERBAL PEPPERMINT, PROMAG SUSPENSI 10ML/6, PROMAG HERBAL 15 ML
125009397;Januari 31, 2025;ENTROSTOP HERBAL ANAK, KOMIX JAHE G-FORMULA BOX, KOMIX J.NIPIS G-FORMULA B, KOMIX PEPP.G-FORMULA BOX, KOMIX HERBAL PEPPERMINT, PROMAG SUSPENSI 10ML/6, PROMAG HERBAL 15 ML
125009398;Januari 31, 2025;ENTROSTOP HERBAL ANAK, KOMIX JAHE G-FORMULA BOX, KOMIX J.NIPIS G-FORMULA B, KOMIX PEPP.G-FORMULA BOX, KOMIX HERBAL PEPPERMINT, PROMAG SUSPENSI 10ML/6, PROMAG HERBAL 15 ML
125009399;Januari 31, 2025;ENTROSTOP HERBAL ANAK, KOMIX JAHE G-FORMULA BOX, KOMIX J.NIPIS G-FORMULA B, KOMIX PEPP.G-FORMULA BOX, KOMIX HERBAL PEPPERMINT, PROMAG SUSPENSI 10ML/6, PROMAG HERBAL 15 ML
125009401;Januari 31, 2025;ENTROSTOP HERBAL ANAK, KOMIX JAHE G-FORMULA BOX, KOMIX J.NIPIS G-FORMULA B, KOMIX PEPP.G-FORMULA BOX, KOMIX HERBAL PEPPERMINT, PROMAG SUSPENSI 10ML/6, PROMAG HERBAL 15 ML
125009402;Januari 31, 2025;ENTROSTOP HERBAL ANAK, KOMIX JAHE G-FORMULA BOX, KOMIX J.NIPIS G-FORMULA B, KOMIX PEPP.G-FORMULA BOX, KOMIX HERBAL PEPPERMINT, PROMAG SUSPENSI 10ML/6, PROMAG HERBAL 15 ML
125009403;Januari 31, 2025;ENTROSTOP HERBAL ANAK, KOMIX JAHE G-FORMULA BOX, KOMIX J.NIPIS G-FORMULA B, KOMIX PEPP.G-FORMULA BOX, KOMIX HERBAL PEPPERMINT, PROMAG SUSPENSI 10ML/6, PROMAG HERBAL 15 ML
125009407;Januari 31, 2025;ENTROSTOP HERBAL ANAK, KOMIX JAHE G-FORMULA BOX, KOMIX J.NIPIS G-FORMULA B, KOMIX PEPP.G-FORMULA BOX, KOMIX HERBAL PEPPERMINT, PROMAG SUSPENSI 10ML/6, PROMAG HERBAL 15 ML
125009408;Januari 31, 2025;ENTROSTOP HERBAL ANAK, KOMIX JAHE G-FORMULA BOX, KOMIX J.NIPIS G-FORMULA B, KOMIX PEPP.G-FORMULA BOX, KOMIX HERBAL PEPPERMINT, PROMAG SUSPENSI 10ML/6, PROMAG HERBAL 15 ML
125009409;Januari 31, 2025;ENTROSTOP HERBAL ANAK, KOMIX JAHE G-FORMULA BOX, KOMIX J.NIPIS G-FORMULA B, KOMIX PEPP.G-FORMULA BOX, KOMIX HERBAL PEPPERMINT, PROMAG SUSPENSI 10ML/6, PROMAG HERBAL 15 ML
125009410;Januari 31, 2025;ENTROSTOP HERBAL ANAK, KOMIX JAHE G-FORMULA BOX, KOMIX J.NIPIS G-FORMULA B, KOMIX PEPP.G-FORMULA BOX, KOMIX HERBAL PEPPERMINT, PROMAG SUSPENSI 10ML/6, PROMAG HERBAL 15 ML
125009411;Januari 31, 2025;ENTROSTOP HERBAL ANAK, KOMIX JAHE G-FORMULA BOX, KOMIX J.NIPIS G-FORMULA B, KOMIX PEPP.G-FORMULA BOX, KOMIX HERBAL PEPPERMINT, PROMAG SUSPENSI 10ML/6, PROMAG HERBAL 15 ML
125009412;Januari 31, 2025;ENTROSTOP HERBAL ANAK, KOMIX JAHE G-FORMULA BOX, KOMIX J.NIPIS G-FORMULA B, KOMIX PEPP.G-FORMULA BOX, KOMIX HERBAL PEPPERMINT, PROMAG SUSPENSI 10ML/6, PROMAG HERBAL 15 ML
125009413;Januari 31, 2025;ENTROSTOP HERBAL ANAK, KOMIX JAHE G-FORMULA BOX, KOMIX J.NIPIS G-FORMULA B, KOMIX PEPP.G-FORMULA BOX, KOMIX HERBAL PEPPERMINT, PROMAG SUSPENSI 10ML/6, PROMAG HERBAL 15 ML
125009414;Januari 31, 2025;ENTROSTOP HERBAL ANAK, KOMIX JAHE G-FORMULA BOX, KOMIX J.NIPIS G-FORMULA B, KOMIX PEPP.G-FORMULA BOX, KOMIX HERBAL PEPPERMINT, PROMAG SUSPENSI 10ML/6, PROMAG HERBAL 15 ML
125009415;Januari 31, 2025;ENTROSTOP HERBAL ANAK, KOMIX JAHE G-FORMULA BOX, KOMIX J.NIPIS G-FORMULA B, KOMIX PEPP.G-FORMULA BOX, KOMIX HERBAL PEPPERMINT, PROMAG SUSPENSI 10ML/6, PROMAG HERBAL 15 ML
125009416;Januari 31, 2025;ENTROSTOP HERBAL ANAK, KOMIX JAHE G-FORMULA BOX, KOMIX J.NIPIS G-FORMULA B, KOMIX PEPP.G-FORMULA BOX, KOMIX HERBAL PEPPERMINT, PROMAG SUSPENSI 10ML/6, PROMAG HERBAL 15 ML
125009417;Januari 31, 2025;ENTROSTOP HERBAL ANAK, KOMIX JAHE G-FORMULA BOX, KOMIX J.NIPIS G-FORMULA B, KOMIX PEPP.G-FORMULA BOX, KOMIX HERBAL PEPPERMINT, PROMAG SUSPENSI 10ML/6, PROMAG HERBAL 15 ML
125009418;Januari 31, 2025;ENTROSTOP HERBAL ANAK, KOMIX JAHE G-FORMULA BOX, KOMIX J.NIPIS G-FORMULA B, KOMIX PEPP.G-FORMULA BOX, KOMIX HERBAL PEPPERMINT, PROMAG SUSPENSI 10ML/6, PROMAG HERBAL 15 ML
125009419;Januari 31, 2025;ENTROSTOP HERBAL ANAK, KOMIX JAHE G-FORMULA BOX, KOMIX J.NIPIS G-FORMULA B, KOMIX PEPP.G-FORMULA BOX, KOMIX HERBAL PEPPERMINT, PROMAG SUSPENSI 10ML/6, PROMAG HERBAL 15 ML
125009420;Januari 31, 2025;ENTROSTOP HERBAL ANAK, KOMIX JAHE G-FORMULA BOX, KOMIX J.NIPIS G-FORMULA B, KOMIX PEPP.G-FORMULA BOX, KOMIX HERBAL PEPPERMINT, PROMAG SUSPENSI 10ML/6, PROMAG HERBAL 15 ML
125009421;Januari 31, 2025;ENTROSTOP HERBAL ANAK, KOMIX JAHE G-FORMULA BOX, KOMIX J.NIPIS G-FORMULA B, KOMIX PEPP.G-FORMULA BOX, KOMIX HERBAL PEPPERMINT, PROMAG SUSPENSI 10ML/6, PROMAG HERBAL 15 ML
125009422;Januari 31, 2025;ENTROSTOP HERBAL ANAK, KOMIX JAHE G-FORMULA BOX, KOMIX J.NIPIS G-FORMULA B, KOMIX PEPP.G-FORMULA BOX, KOMIX HERBAL PEPPERMINT, PROMAG SUSPENSI 10ML/6, PROMAG HERBAL 15 ML
125009463;Januari 31, 2025;PROCOLD FLU PE, SAKATONIK ABC ANTARIKSA 30 TAB, SAKATONIK ABC STRAW 30TAB, SAKATONIK ABC ANGGUR30TAB
125009467;Januari 31, 2025;KOMIX HERBAL 15 ML, KALPANAX K CREAM 5 GR
125009484;Januari 31, 2025;CEREBROVIT XCEL 10 CAPS, KOMIX HERBAL JERUK NIPIS, KOMIX HERBAL 15 ML, KOMIX HERBAL PEPPERMINT, PROMAG SUSPENSI BTL 60 ML, FATIGON KAPLET 10X6S
125009501;Januari 31, 2025;CEREBROFORT GOLD ORANGE 100 ML, CEREBROFORT GOLD STRAWBERY
125009504;Januari 31, 2025;BEJO ANAK JAHE MERAH 5S, BEJO JAHE MERAH HERBAL 12 SC, KOMIX HERBAL JERUK NIPIS, KOMIX HERBAL PEPPERMINT, B7 SLASI JERUK NIPIS 12'S, EXTRA JOSS GO RASA ANGGUR, EXTRA JOSS MANGGA LAKI
125009520;Januari 31, 2025;PROMAG SUSPENSI BTL 60 ML, PROMAG HERBAL 15 ML
125009523;Januari 31, 2025;CEREBROFORT GOLD ORANGE 100 ML, PROMAG TABLET
125009527;Januari 31, 2025;WOODS EXPECTORANT 100 ML, SAKATONIK ABC STRAW 30TAB, WOODS LOZENGES ORANGE VITAMIN C
125009558;Januari 31, 2025;BEJO JAHE MERAH HERBAL 6S MT, PUYER OSK BT NO.16/BOX, PROMAG TABLET, FATIGON KAPLET 10X6S, SAKATONIK ABC STRAW 30TAB, SAKATONIK ABC ANGGUR30TAB, SAKATONIK ABC ORANGE 30TAB, WOODS LOZENGES 6'S
125009563;Januari 31, 2025;CEREBROVIT XCEL 10 CAPS, KOMIX HERBAL JERUK NIPIS, KOMIX HERBAL PEPPERMINT
125009567;Januari 31, 2025;WOODS EXPECTORANT 60 ML, PROMAG TABLET
125009569;Januari 31, 2025;PROMAG TABLET, SAKATONIK ABC STRAW 30TAB, SAKATONIK ABC ANGGUR30TAB
125009573;Januari 31, 2025;KOMIX HERBAL 15 ML, PROMAG SUSPENSI 10ML/6
125009576;Januari 31, 2025;PROMAG SUSPENSI 10ML/6, PROMAG HERBAL 15 ML
125009585;Januari 31, 2025;KOMIX HERBAL 15 ML, KOMIX HERBAL PEPPERMINT, CEREBROFORT MG JRK SCH, MIXAGRIP FLU KAPLET 25X4, ENTROSTOP 10'S, SAKATONIK ABC ANGGUR30TAB, SAKATONIK ABC ORANGE 30TAB, SKT ABC CURCUMA MADU
125009586;Januari 31, 2025;KOMIX HERBAL JERUK NIPIS, KALPANAX K CREAM 5 GR, CEREBROFORT GOLD ORANGE 100 ML, CEREBROFORT GOLD STRAWBERY, WOODS LOZENGES CHERRY 6'S, WOODS LOZENGES 6'S, WOODS LOZ HONEY LEMON
125009588;Januari 31, 2025;ENTROSTOP 10'S, SAKATONIK ABC STRAW 30TAB
125009624;Januari 31, 2025;SAKATONIK ABC ANTARIKSA 30 TAB, SAKATONIK ABC STRAW 30TAB, SAKATONIK ABC ANGGUR30TAB
125009641;Januari 31, 2025;CEREBROFORT GOLD ORANGE 100 ML, WOODS NATURALS SYR 60 ML, PROMAG TABLET
125009644;Januari 31, 2025;KOMIX HERBAL 15 ML, WOODS COUGH SYR ATT 100ML, WOODS COUGH SYR ATT  60ML, WOODS EXPECTORANT 60 ML
125009672;Januari 31, 2025;ENTROSTOP HERBAL ANAK, KOMIX JAHE G-FORMULA BOX, KOMIX J.NIPIS G-FORMULA B, KOMIX PEPP.G-FORMULA BOX, KOMIX HERBAL PEPPERMINT, PROMAG SUSPENSI 10ML/6, PROMAG HERBAL 15 ML
125009673;Januari 31, 2025;ENTROSTOP HERBAL ANAK, KOMIX JAHE G-FORMULA BOX, KOMIX J.NIPIS G-FORMULA B, KOMIX PEPP.G-FORMULA BOX, KOMIX HERBAL PEPPERMINT, PROMAG SUSPENSI 10ML/6, PROMAG HERBAL 15 ML
125009674;Januari 31, 2025;ENTROSTOP HERBAL ANAK, KOMIX JAHE G-FORMULA BOX, KOMIX J.NIPIS G-FORMULA B, KOMIX PEPP.G-FORMULA BOX, KOMIX HERBAL PEPPERMINT, PROMAG SUSPENSI 10ML/6, PROMAG HERBAL 15 ML
125009675;Januari 31, 2025;ENTROSTOP HERBAL ANAK, KOMIX JAHE G-FORMULA BOX, KOMIX J.NIPIS G-FORMULA B, KOMIX PEPP.G-FORMULA BOX, KOMIX HERBAL PEPPERMINT, PROMAG SUSPENSI 10ML/6, PROMAG HERBAL 15 ML
125009676;Januari 31, 2025;ENTROSTOP HERBAL ANAK, KOMIX JAHE G-FORMULA BOX, KOMIX J.NIPIS G-FORMULA B, KOMIX PEPP.G-FORMULA BOX, KOMIX HERBAL PEPPERMINT, PROMAG SUSPENSI 10ML/6, PROMAG HERBAL 15 ML
125009677;Januari 31, 2025;ENTROSTOP HERBAL ANAK, KOMIX JAHE G-FORMULA BOX, KOMIX J.NIPIS G-FORMULA B, KOMIX PEPP.G-FORMULA BOX, KOMIX HERBAL PEPPERMINT, PROMAG SUSPENSI 10ML/6, PROMAG HERBAL 15 ML
125009681;Januari 31, 2025;ENTROSTOP HERBAL ANAK, KOMIX JAHE G-FORMULA BOX, KOMIX J.NIPIS G-FORMULA B, KOMIX PEPP.G-FORMULA BOX, KOMIX HERBAL PEPPERMINT, PROMAG SUSPENSI 10ML/6, PROMAG HERBAL 15 ML
125009682;Januari 31, 2025;ENTROSTOP HERBAL ANAK, KOMIX JAHE G-FORMULA BOX, KOMIX J.NIPIS G-FORMULA B, KOMIX PEPP.G-FORMULA BOX, KOMIX HERBAL PEPPERMINT, PROMAG SUSPENSI 10ML/6, PROMAG HERBAL 15 ML
125009690;Januari 31, 2025;ENTROSTOP HERBAL ANAK, KOMIX JAHE G-FORMULA BOX, KOMIX J.NIPIS G-FORMULA B, KOMIX PEPP.G-FORMULA BOX, KOMIX HERBAL PEPPERMINT, PROMAG SUSPENSI 10ML/6, PROMAG HERBAL 15 ML
125009708;Januari 31, 2025;MIXAGRIP FLU KAPLET 25X4, PROCOLD FLU PE, PROMAG TABLET
125009747;Januari 31, 2025;BEJO ANAK JAHE MERAH 5S, BEJO JAHE MERAH HERBAL 12 SC, B7 SLASI JERUK NIPIS 12'S
125009759;Januari 31, 2025;ENTROSTOP HERBAL ANAK, KOMIX JAHE G-FORMULA BOX, KOMIX J.NIPIS G-FORMULA B, KOMIX PEPP.G-FORMULA BOX, KOMIX HERBAL PEPPERMINT, PROMAG SUSPENSI 10ML/6, PROMAG HERBAL 15 ML
125009762;Januari 31, 2025;CEREBROFORT GOLD ORANGE 100 ML, CEREBROFORT GOLD ORANGE 200 ML, CEREBROFORT GOLD STRAWBERY, PROMAG SUSPENSI BTL 60 ML, PROMAG HERBAL 15 ML, CEREBROFORT M.G. AGGR SCH, CEREBROFORT MG JRK SCH, CEREBROFORT MG STRAW SCH, MIXAGRIP FLU KAPLET 25X4, SAKATONIK ABC STRAW 30TAB, SAKATONIK ABC ANGGUR30TAB, SAKATONIK ABC ORANGE 30TAB
125009775;Januari 31, 2025;CEREBROFORT GOLD ORANGE 100 ML, CEREBROFORT GOLD STRAWBERY, ENTROSTOP HERBAL ANAK, PROMAG SUSPENSI 10ML/6, PROMAG HERBAL 15 ML, SKT ACTIV SIRUP 100 ML, WOODS COUGH SYR ATT  60ML, WOODS EXPECTORANT 60 ML, FATIGON SPIRIT BOX 10X6S, MIXAGRIP FLU &BATUK PE, MEXTRIL BATUK-TABLET BOX, ENTROSTOP 10'S, PROCOLD FLU PE, SAKATONIK ABC STRAW 30TAB, SAKATONIK ABC ANGGUR30TAB, SAKATONIK ABC ORANGE 30TAB
125009777;Januari 31, 2025;KOMIX JAHE G-FORMULA BOX, KOMIX J.NIPIS G-FORMULA B, KOMIX OBH PE
125009778;Januari 31, 2025;KOMIX JAHE G-FORMULA BOX, KOMIX J.NIPIS G-FORMULA B
125009781;Januari 31, 2025;ENTROSTOP HERBAL ANAK, KOMIX JAHE G-FORMULA BOX, KOMIX J.NIPIS G-FORMULA B, KOMIX PEPP.G-FORMULA BOX, KOMIX HERBAL PEPPERMINT, PROMAG SUSPENSI 10ML/6, PROMAG HERBAL 15 ML
125009784;Januari 31, 2025;ENTROSTOP HERBAL ANAK, KOMIX JAHE G-FORMULA BOX, KOMIX J.NIPIS G-FORMULA B, KOMIX PEPP.G-FORMULA BOX, KOMIX HERBAL PEPPERMINT, PROMAG SUSPENSI 10ML/6, PROMAG HERBAL 15 ML
125009785;Januari 31, 2025;KOMIX HERBAL JERUK NIPIS, KOMIX HERBAL 15 ML
125009864;Januari 31, 2025;KOMIX JAHE G-FORMULA BOX, KOMIX J.NIPIS G-FORMULA B, KOMIX PEPP.G-FORMULA BOX, KOMIX KID OBH PE, KOMIX OBH
125009887;Januari 31, 2025;ENTROSTOP HERBAL ANAK, KOMIX JAHE G-FORMULA BOX, KOMIX J.NIPIS G-FORMULA B, KOMIX PEPP.G-FORMULA BOX, KOMIX HERBAL PEPPERMINT, PROMAG SUSPENSI 10ML/6, PROMAG HERBAL 15 ML
125009890;Januari 31, 2025;KALPANAX K CREAM 5 GR, KALPANAX KRIM 10 GR
125009892;Januari 31, 2025;KOMIX HERBAL JERUK NIPIS, KOMIX HERBAL PEPPERMINT
125009893;Januari 31, 2025;KOMIX HERBAL 15 ML, WOODS COUGH SYR ATT  60ML
125009900;Januari 31, 2025;KOMIX HERBAL JERUK NIPIS, KOMIX HERBAL 15 ML, KOMIX HERBAL PEPPERMINT, KOMIX OBH PE, PROMAG HERBAL 15 ML, PROMAG TABLET
125009901;Januari 31, 2025;CEREBROFORT GOLD ORANGE 100 ML, WOODS COUGH SYR ATT 100ML, ENTROSTOP 10'S
125009949;Januari 31, 2025;WOODS LOZENGES 6'S, WOODS LOZENGES LEMON VITAMIN C
125009950;Januari 31, 2025;WOODS COUGH SYR ATT  60ML, PROCOLD FLU BATUK PE
125009951;Januari 31, 2025;KALPANAX SALEP 6G/12, PROMAG HERBAL 15 ML, WOODS NATURALS SYR 60 ML, CEREBROFORT M.G. AGGR SCH, CEREBROFORT MG STRAW SCH, FATIGON SPIRIT BOX 10X6S, SAKATONIK ACTIV MULTIVIT ZAT BESI - KAPLET 6S, SAKATONIK ABC ANTARIKSA 30 TAB, SAKATONIK ABC STRAW 30TAB, XONCE TAB BOX 50'S
125009969;Januari 31, 2025;BEJO JAHE MERAH HERBAL 12 SC, KOMIX HERBAL JERUK NIPIS, KOMIX HERBAL PEPPERMINT
125009998;Januari 31, 2025;BEJO JAHE MERAH HERBAL 12 SC, MIXAGRIP HERBAL GREGES, FATIGON SPIRIT BOX 10X6S
125009999;Januari 31, 2025;BEJO JAHE MERAH HERBAL 12 SC, MIXAGRIP HERBAL GREGES, FATIGON SPIRIT BOX 10X6S
125010013;Januari 31, 2025;WOODS COUGH SYR ATT 100ML, WOODS COUGH SYR ATT  60ML, WOODS EXPECTORANT 60 ML, WOODS EXPECTORANT 100 ML
125010027;Januari 31, 2025;ENTROSTOP HERBAL ANAK, ENTROSTOP 10'S
125010030;Januari 31, 2025;WOODS'LOZ BLACKCURRANT, WOODS LOZENGES CHERRY 6'S, WOODS LOZENGES 6'S, WOODS LOZ HONEY LEMON, WOODS LOZENGES ORANGE VITAMIN C, WOODS LOZENGES LEMON VITAMIN C
125010033;Januari 31, 2025;WOODS EXPECTORANT 60 ML, WOODS EXPECTORANT 100 ML
125010055;Januari 31, 2025;WOODS COUGH SYR ATT  60ML, WOODS EXPECTORANT 60 ML
125010057;Januari 31, 2025;ENTROSTOP HERBAL ANAK, KOMIX JAHE G-FORMULA BOX, KOMIX J.NIPIS G-FORMULA B, KOMIX PEPP.G-FORMULA BOX, KOMIX HERBAL PEPPERMINT, PROMAG SUSPENSI 10ML/6, PROMAG HERBAL 15 ML
125010076;Januari 31, 2025;ENTROSTOP HERBAL ANAK, KOMIX JAHE G-FORMULA BOX, KOMIX J.NIPIS G-FORMULA B, KOMIX PEPP.G-FORMULA BOX, KOMIX HERBAL PEPPERMINT, PROMAG SUSPENSI 10ML/6, PROMAG HERBAL 15 ML
125010099;Januari 31, 2025;PROMAG TABLET, SAKATONIK ABC ANTARIKSA 30 TAB, SAKATONIK ABC STRAW 30TAB, SAKATONIK ABC ANGGUR30TAB, SAKATONIK ABC ORANGE 30TAB
125010101;Januari 31, 2025;PROMAG SUSPENSI 10ML/6, PROMAG TABLET, WOODS EXPECTORANT 100 ML
125010105;Januari 31, 2025;BEJO JAHE MERAH HERBAL 12 SC, KOMIX HERBAL PEPPERMINT, MIXAGRIP HERBAL GREGES
125010136;Januari 31, 2025;ENTROSTOP HERBAL ANAK, KOMIX JAHE G-FORMULA BOX, KOMIX J.NIPIS G-FORMULA B, KOMIX PEPP.G-FORMULA BOX, KOMIX HERBAL PEPPERMINT, PROMAG SUSPENSI 10ML/6, PROMAG HERBAL 15 ML
125010137;Januari 31, 2025;ENTROSTOP HERBAL ANAK, KOMIX JAHE G-FORMULA BOX, KOMIX J.NIPIS G-FORMULA B, KOMIX PEPP.G-FORMULA BOX, KOMIX HERBAL PEPPERMINT, PROMAG SUSPENSI 10ML/6, PROMAG HERBAL 15 ML
125010138;Januari 31, 2025;PROMAG HERBAL 15 ML, SKT ACTIV SIRUP 100 ML, CEREBROFORT M.G. AGGR SCH, CEREBROFORT MG JRK SCH, CEREBROFORT MG STRAW SCH, FATIGON SPIRIT BOX 10X6S
125010159;Januari 31, 2025;ENTROSTOP HERBAL ANAK, KOMIX JAHE G-FORMULA BOX, KOMIX J.NIPIS G-FORMULA B, KOMIX PEPP.G-FORMULA BOX, KOMIX HERBAL PEPPERMINT, PROMAG SUSPENSI 10ML/6, PROMAG HERBAL 15 ML
125010160;Januari 31, 2025;ENTROSTOP HERBAL ANAK, KOMIX JAHE G-FORMULA BOX, KOMIX J.NIPIS G-FORMULA B, KOMIX PEPP.G-FORMULA BOX, KOMIX HERBAL PEPPERMINT, PROMAG SUSPENSI 10ML/6, PROMAG HERBAL 15 ML
125010161;Januari 31, 2025;ENTROSTOP HERBAL ANAK, KOMIX JAHE G-FORMULA BOX, KOMIX J.NIPIS G-FORMULA B, KOMIX PEPP.G-FORMULA BOX, KOMIX HERBAL PEPPERMINT, PROMAG SUSPENSI 10ML/6, PROMAG HERBAL 15 ML
125010188;Januari 31, 2025;KALPANAX K CREAM 5 GR, KALPANAX KRIM 10 GR, CEREBROVIT XCEL 10 CAPS, BEJO JAHE MERAH HERBAL 12 SC, CEREBROFORT GOLD ORANGE 100 ML, CEREBROFORT GOLD ORANGE 200 ML, ENTROSTOP HERBAL ANAK, PROMAG SUSPENSI BTL 60 ML, WAISAN NEW FORMULA  /LUSIN, MIXAGRIP FLU KAPLET 25X4, ENTROSTOP 10'S, SAKATONIK ABC ANTARIKSA 30 TAB, SAKATONIK ABC STRAW 30TAB, SAKATONIK ABC ANGGUR30TAB, SAKATONIK ABC ORANGE 30TAB
125010199;Januari 31, 2025;KOMIX HERBAL JERUK NIPIS, KOMIX HERBAL 15 ML
125010218;Januari 31, 2025;KOMIX JAHE G-FORMULA BOX, KOMIX J.NIPIS G-FORMULA B, KOMIX OBH PE
125010226;Januari 31, 2025;CEREBROFORT M.G. AGGR SCH, CEREBROFORT MG MGA SCH, CEREBROFORT MG JRK SCH, CEREBROFORT MG STRAW SCH
125010259;Januari 31, 2025;ENTROSTOP HERBAL ANAK, KOMIX JAHE G-FORMULA BOX, KOMIX J.NIPIS G-FORMULA B, KOMIX PEPP.G-FORMULA BOX, KOMIX HERBAL PEPPERMINT, PROMAG SUSPENSI 10ML/6, PROMAG HERBAL 15 ML
125010260;Januari 31, 2025;ENTROSTOP HERBAL ANAK, KOMIX JAHE G-FORMULA BOX, KOMIX J.NIPIS G-FORMULA B, KOMIX PEPP.G-FORMULA BOX, KOMIX HERBAL PEPPERMINT, PROMAG SUSPENSI 10ML/6, PROMAG HERBAL 15 ML
125010267;Januari 31, 2025;ENTROSTOP HERBAL ANAK, KOMIX JAHE G-FORMULA BOX, KOMIX J.NIPIS G-FORMULA B, KOMIX PEPP.G-FORMULA BOX, KOMIX HERBAL PEPPERMINT, PROMAG SUSPENSI 10ML/6, PROMAG HERBAL 15 ML
125010268;Januari 31, 2025;ENTROSTOP HERBAL ANAK, KOMIX JAHE G-FORMULA BOX, KOMIX J.NIPIS G-FORMULA B, KOMIX PEPP.G-FORMULA BOX, KOMIX HERBAL PEPPERMINT, PROMAG SUSPENSI 10ML/6, PROMAG HERBAL 15 ML
125010269;Januari 31, 2025;ENTROSTOP HERBAL ANAK, KOMIX JAHE G-FORMULA BOX, KOMIX J.NIPIS G-FORMULA B, KOMIX PEPP.G-FORMULA BOX, KOMIX HERBAL PEPPERMINT, PROMAG SUSPENSI 10ML/6, PROMAG HERBAL 15 ML
125010270;Januari 31, 2025;ENTROSTOP HERBAL ANAK, KOMIX JAHE G-FORMULA BOX, KOMIX J.NIPIS G-FORMULA B, KOMIX PEPP.G-FORMULA BOX, KOMIX HERBAL PEPPERMINT, PROMAG SUSPENSI 10ML/6, PROMAG HERBAL 15 ML
125010271;Januari 31, 2025;ENTROSTOP HERBAL ANAK, KOMIX JAHE G-FORMULA BOX, KOMIX J.NIPIS G-FORMULA B, KOMIX PEPP.G-FORMULA BOX, KOMIX HERBAL PEPPERMINT, PROMAG SUSPENSI 10ML/6, PROMAG HERBAL 15 ML
125010272;Januari 31, 2025;ENTROSTOP HERBAL ANAK, KOMIX JAHE G-FORMULA BOX, KOMIX J.NIPIS G-FORMULA B, KOMIX PEPP.G-FORMULA BOX, KOMIX HERBAL PEPPERMINT, PROMAG SUSPENSI 10ML/6, PROMAG HERBAL 15 ML
125010273;Januari 31, 2025;ENTROSTOP HERBAL ANAK, KOMIX JAHE G-FORMULA BOX, KOMIX J.NIPIS G-FORMULA B, KOMIX PEPP.G-FORMULA BOX, KOMIX HERBAL PEPPERMINT, PROMAG SUSPENSI 10ML/6, PROMAG HERBAL 15 ML
125010274;Januari 31, 2025;ENTROSTOP HERBAL ANAK, KOMIX JAHE G-FORMULA BOX, KOMIX J.NIPIS G-FORMULA B, KOMIX PEPP.G-FORMULA BOX, KOMIX HERBAL PEPPERMINT, PROMAG SUSPENSI 10ML/6, PROMAG HERBAL 15 ML
125010275;Januari 31, 2025;ENTROSTOP HERBAL ANAK, KOMIX JAHE G-FORMULA BOX, KOMIX J.NIPIS G-FORMULA B, KOMIX PEPP.G-FORMULA BOX, KOMIX HERBAL PEPPERMINT, PROMAG SUSPENSI 10ML/6, PROMAG HERBAL 15 ML
125010311;Januari 31, 2025;ENTROSTOP HERBAL ANAK, KOMIX JAHE G-FORMULA BOX, KOMIX J.NIPIS G-FORMULA B, KOMIX PEPP.G-FORMULA BOX, KOMIX HERBAL PEPPERMINT, PROMAG SUSPENSI 10ML/6, PROMAG HERBAL 15 ML
125010315;Januari 31, 2025;KOMIX HERBAL JERUK NIPIS, EXTRA JOSS ACTIVE 12SCH
125010321;Januari 31, 2025;MIXAGRIP FLU KAPLET 25X4, ENTROSTOP 10'S
125010343;Januari 31, 2025;CEREBROFORT GOLD ORANGE 100 ML, CEREBROFORT GOLD ORANGE 200 ML
125010344;Januari 31, 2025;KALPANAX K CREAM 5 GR, PROMAG SUSPENSI 10ML/6, WOODS EXPECTORANT 60 ML, ENTROSTOP 10'S, PROMAG TABLET
125010353;Januari 31, 2025;CEREBROFORT M.G. AGGR SCH, CEREBROFORT MG MGA SCH, CEREBROFORT MG STRAW SCH
125010366;Januari 31, 2025;ENTROSTOP HERBAL ANAK, KOMIX JAHE G-FORMULA BOX, KOMIX J.NIPIS G-FORMULA B, KOMIX PEPP.G-FORMULA BOX, KOMIX HERBAL PEPPERMINT, PROMAG SUSPENSI 10ML/6, PROMAG HERBAL 15 ML
125010402;Januari 31, 2025;KALPANAX K CREAM 5 GR, FATIGON SPIRIT BOX 10X6S, MIXAGRIP FLU &BATUK PE, MIXAGRIP FLU KAPLET 25X4
125010403;Januari 31, 2025;EXTRA JOSS ACTIVE 12SCH, PUYER OSK BT NO.16/BOX
125010404;Januari 31, 2025;KOMIX JAHE G-FORMULA BOX, KOMIX J.NIPIS G-FORMULA B, KOMIX OBH PE, PUYER OSK BT NO.16/BOX
125010405;Januari 31, 2025;KOMIX JAHE G-FORMULA BOX, KOMIX J.NIPIS G-FORMULA B, KOMIX OBH PE, PUYER OSK BT NO.16/BOX
125010406;Januari 31, 2025;KALPANAX K CREAM 5 GR, PROMAG HERBAL 15 ML, MIXAGRIP FLU KAPLET 25X4
125010438;Januari 31, 2025;KOMIX HERBAL JERUK NIPIS, KOMIX HERBAL PEPPERMINT, PUYER OSK BT NO.16/BOX
125010439;Januari 31, 2025;MIXAGRIP FLU KAPLET 25X4, ENTROSTOP 10'S
125010440;Januari 31, 2025;BEJO JAHE MERAH HERBAL 12 SC, KOMIX HERBAL PEPPERMINT, MIXAGRIP HERBAL GREGES
125010441;Januari 31, 2025;EXTRA JOSS ACTIVE 12SCH, FATIGON SPIRIT BOX 10X6S
125010442;Januari 31, 2025;BEJO JAHE MERAH HERBAL 12 SC, KOMIX HERBAL PEPPERMINT, MIXAGRIP HERBAL GREGES
125010443;Januari 31, 2025;CEREBROFORT GOLD ORANGE 100 ML, CEREBROFORT GOLD STRAWBERY, MIXAGRIP HERBAL GREGES, PROMAG HERBAL 15 ML, CEREBROFORT M.G. AGGR SCH, CEREBROFORT MG JRK SCH, CEREBROFORT MG STRAW SCH, CEREBROFORT M.G. TROPICAL FRUIT, SAKATONIK ABC ANTARIKSA 30 TAB, SAKATONIK ABC STRAW 30TAB, SAKATONIK ABC ANGGUR30TAB, SAKATONIK ABC ORANGE 30TAB
125010449;Januari 31, 2025;BEJO JAHE MERAH HERBAL 12 SC, KOMIX HERBAL PEPPERMINT, FATIGON SPIRIT BOX 10X6S, SAKATONIK ACTIV MULTIVIT ZAT BESI - KAPLET 6S
125010451;Januari 31, 2025;BEJO JAHE MERAH HERBAL 12 SC, KOMIX HERBAL PEPPERMINT, FATIGON SPIRIT BOX 10X6S
125010454;Januari 31, 2025;KALPANAX K CREAM 5 GR, KOMIX JAHE G-FORMULA 6'S, MIXAGRIP HERBAL GREGES, PROMAG SUSPENSI 10ML/6, PROMAG HERBAL 15 ML, WOODS COUGH SYR ATT 100ML, WOODS COUGH SYR ATT  60ML, WOODS EXPECTORANT 60 ML, WOODS NATURALS SYR 60 ML, PUYER OSK BT NO.16/BOX, WAISAN NEW FORMULA  /LUSIN, MIXAGRIP FLU &BATUK PE, MIXAGRIP FLU KAPLET 25X4, PROCOLD FLU BATUK PE, PROCOLD FLU PE, PROMAG TABLET, SAKATONIK ABC ANTARIKSA 30 TAB, SAKATONIK ABC STRAW 30TAB, SAKATONIK ABC ANGGUR30TAB, SAKATONIK ABC ORANGE 30TAB
125010458;Januari 31, 2025;KALPANAX K CREAM 5 GR, CEREBROFORT GOLD ORANGE 200 ML, PROMAG SUSPENSI BTL 60 ML, PROMAG SUSPENSI 10ML/6, PROMAG HERBAL 15 ML, SKT ACTIV SIRUP 100 ML, WOODS COUGH SYR ATT 100ML, WOODS COUGH SYR ATT  60ML, WOODS EXPECTORANT 60 ML, WOODS EXPECTORANT 100 ML, FATIGON SPIRIT BOX 10X6S, MIXAGRIP FLU KAPLET 25X4, ENTROSTOP 10'S, SAKATONIK ABC ANTARIKSA 30 TAB, SAKATONIK ABC STRAW 30TAB, SAKATONIK ABC ANGGUR30TAB, SAKATONIK ABC ORANGE 30TAB
125010462;Januari 31, 2025;KOMIX JAHE G-FORMULA 6'S, MIXAGRIP FLU &BATUK PE, PROCOLD FLU BATUK PE, PROCOLD FLU PE
125010463;Januari 31, 2025;KOMIX JAHE G-FORMULA BOX, KOMIX KID STRAWBERRY PACK, KOMIX J.NIPIS G-FORMULA B, KOMIX KID OBH PE, KOMIX OBH PE, WOODS COUGH SYR ATT  60ML, WOODS EXPECTORANT 60 ML, PUYER OSK BT NO.16/BOX, ENTROSTOP 10'S, PROMAG TABLET
125010466;Januari 31, 2025;KOMIX HERBAL JERUK NIPIS, EXTRA JOSS ACTIVE 12SCH
125010487;Januari 31, 2025;CEREBROFORT GOLD ORANGE 100 ML, CEREBROFORT GOLD STRAWBERY, PROMAG TABLET, SAKATONIK ABC ANTARIKSA 30 TAB, SAKATONIK ABC STRAW 30TAB, SAKATONIK ABC ORANGE 30TAB
125010521;Januari 31, 2025;KOMIX HERBAL 15 ML, PROMAG HERBAL 15 ML
125010578;Januari 31, 2025;BEJO JAHE MERAH HERBAL 6S MT, EXTRA JOSS SPORT GEL 2 TB, KOMIX HERBAL 15 ML, EXTRA JOSS ACTIVE 6 SCH
125010586;Februari 01, 2025;BEJO JAHE MERAH HERBAL 12 SC, ENTROSTOP 10'S
125010593;Februari 01, 2025;KALPANAX K CREAM 5 GR, CEREBROFORT GOLD ORANGE 200 ML
125010596;Februari 01, 2025;BEJO JAHE MERAH HERBAL 6S MT, PROMAG HERBAL 15 ML, CEREBROFORT MG STRAW SCH, PROMAG TABLET
125010599;Februari 01, 2025;CEREBROFORT M.G. AGGR SCH, CEREBROFORT MG MGA SCH, CEREBROFORT MG STRAW SCH
125010604;Februari 01, 2025;WOODS EXPECTORANT 60 ML, WOODS EXPECTORANT 100 ML
125010609;Februari 01, 2025;KALPANAX K CREAM 5 GR, PROMAG SUSPENSI 10ML/6, PROMAG HERBAL 15 ML
125010612;Februari 01, 2025;KOMIX OBH PE, CEREBROFORT GOLD ORANGE 200 ML, ENTROSTOP HERBAL ANAK
125010613;Februari 01, 2025;KALPANAX K CREAM 5 GR, PROMAG TABLET
125010647;Februari 01, 2025;KALPANAX K CREAM 5 GR, CEREBROVIT XCEL 10 CAPS, WOODS COUGH SYR ATT  60ML, ENTROSTOP 10'S, SAKATONIK ABC STRAW 30TAB, SAKATONIK ABC ORANGE 30TAB
125010648;Februari 01, 2025;PUYER OSK BT NO.16/BOX, KALPANAX SALEP 6G/12, CEREBROVIT XCEL 10 CAPS, PROMAG TABLET
125010656;Februari 01, 2025;SAKATONIK ABC ANTARIKSA 30 TAB, SAKATONIK ABC STRAW 30TAB, SAKATONIK ABC ANGGUR30TAB, SAKATONIK ABC ORANGE 30TAB
125010657;Februari 01, 2025;WOODS COUGH SYR ATT  60ML, WOODS EXPECTORANT 60 ML
125010662;Februari 01, 2025;KOMIX HERBAL JERUK NIPIS, KOMIX HERBAL PEPPERMINT
125010664;Februari 01, 2025;PUYER OSK BT NO.16/BOX, PROMAG TABLET, WOODS LOZENGES 6'S
125010665;Februari 01, 2025;PROCOLD FLU PE, WOODS LOZENGES 6'S
125010676;Februari 01, 2025;KOMIX HERBAL JERUK NIPIS, KOMIX HERBAL 15 ML, KOMIX HERBAL PEPPERMINT
125010681;Februari 01, 2025;KOMIX HERBAL 15 ML, WOODS EXPECTORANT 60 ML, MIXAGRIP FLU KAPLET 25X4, ENTROSTOP 10'S, PROMAG TABLET
125010687;Februari 01, 2025;CEREBROFORT GOLD ORANGE 100 ML, CEREBROFORT GOLD STRAWBERY, SAKATONIK ABC ANTARIKSA 30 TAB, SAKATONIK ABC STRAW 30TAB, SAKATONIK ABC ANGGUR30TAB, SAKATONIK ABC ORANGE 30TAB
125010694;Februari 01, 2025;SAKATONIK ABC ANTARIKSA 30 TAB, SAKATONIK ABC STRAW 30TAB, SAKATONIK ABC ANGGUR30TAB, SAKATONIK ABC ORANGE 30TAB
125010719;Februari 01, 2025;MIXAGRIP FLU &BATUK PE, PROCOLD FLU BATUK PE
125010721;Februari 01, 2025;SAKATONIK ABC STRAW 30TAB, SAKATONIK ABC ORANGE 30TAB
125010722;Februari 01, 2025;CEREBROFORT M.G. AGGR SCH, CEREBROFORT MG MGA SCH
125010724;Februari 01, 2025;CEREBROFORT GOLD ORANGE 100 ML, SKT ABC CURCUMA MADU
125010759;Februari 03, 2025;KOMIX OBH PE, PROMAG HERBAL 15 ML, ENTROSTOP 10'S, PROMAG TABLET, WOODS COUGH SYR ATT  60ML
125010763;Februari 03, 2025;KALPANAX K CREAM 5 GR, KALPANAX SALEP 6G/12
125010765;Februari 03, 2025;ENTROSTOP HERBAL ANAK, WOODS EXPECTORANT 60 ML, WOODS EXPECTORANT 100 ML
125010768;Februari 03, 2025;BEJO JAHE MERAH HERBAL 12 SC, WOODS'LOZ BLACKCURRANT, WOODS LOZENGES CHERRY 6'S, WOODS LOZENGES 6'S
125010769;Februari 03, 2025;SKT ACTIV SIRUP 300 ML, SAKATONIK ABC ANTARIKSA 30 TAB, SAKATONIK ABC STRAW 30TAB, SAKATONIK ABC ANGGUR30TAB, SAKATONIK ABC ORANGE 30TAB
125010770;Februari 03, 2025;KOMIX HERBAL 15 ML, WOODS COUGH SYR ATT  60ML, WOODS EXPECTORANT 60 ML, FATIGON SPIRIT BOX 10X6S
125010771;Februari 03, 2025;PROMAG SUSPENSI 10ML/6, PROMAG HERBAL 15 ML
125010812;Februari 03, 2025;KOMIX HERBAL JERUK NIPIS, PROMAG SUSPENSI 10ML/6, WOODS EXPECTORANT 60 ML
125010825;Februari 03, 2025;WOODS COUGH SYR ATT  60ML, WOODS EXPECTORANT 60 ML, WOODS NATURALS SYR 60 ML
125010841;Februari 03, 2025;BEJO JAHE MERAH HERBAL 12 SC, MIXAGRIP FLU KAPLET 25X4
125010842;Februari 03, 2025;WOODS COUGH SYR ATT  60ML, WOODS EXPECTORANT 60 ML, FATIGON SPIRIT BOX 10X6S
125010844;Februari 03, 2025;KOMIX OBH PE, KALPANAX K CREAM 5 GR, ENTROSTOP HERBAL ANAK, PROCOLD FLU PE, SAKATONIK ABC STRAW 30TAB, SAKATONIK ABC ANGGUR30TAB, SAKATONIK ABC ORANGE 30TAB
125010855;Februari 03, 2025;BEJO ANAK JAHE MERAH 5S, BEJO JAHE MERAH HERBAL 6S MT, WOODS COUGH SYR ATT 100ML, WOODS COUGH SYR ATT  60ML
125010868;Februari 03, 2025;KOMIX OBH PE, KALPANAX K CREAM 5 GR
125010869;Februari 03, 2025;CEREBROFORT GOLD ORANGE 100 ML, WOODS NATURALS SYR 60 ML
125010872;Februari 03, 2025;PROMAG SUSPENSI 10ML/6, PROMAG HERBAL 15 ML, WOODS EXPECTORANT 60 ML, WOODS EXPECTORANT 100 ML, ENTROSTOP 10'S, PROMAG TABLET
125010880;Februari 03, 2025;PUYER OSK BT NO.16/BOX, WAISAN NEW FORMULA  /LUSIN
125010910;Februari 03, 2025;KALPANAX K CREAM 5 GR, SAKATONIK ABC ANTARIKSA 30 TAB
125010911;Februari 03, 2025;PROMAG TABLET, SAKATONIK ABC STRAW 30TAB, SAKATONIK ABC ANGGUR30TAB
125010941;Februari 03, 2025;KOMIX HERBAL JERUK NIPIS, KOMIX HERBAL 15 ML, KOMIX HERBAL PEPPERMINT, KOMIX OBH PE, PUYER OSK BT NO.16/BOX
125010944;Februari 03, 2025;KOMIX JAHE G-FORMULA BOX, KOMIX KID STRAWBERRY PACK, KOMIX J.NIPIS G-FORMULA B, KOMIX PEPP.G-FORMULA BOX, KOMIX KID OBH PE
125010970;Februari 03, 2025;CEREBROFORT GOLD ORANGE 200 ML, WOODS LOZENGES 6'S
125010971;Februari 03, 2025;ENTROSTOP HERBAL ANAK, PROMAG HERBAL 15 ML, MIXAGRIP FLU KAPLET 25X4
125010984;Februari 03, 2025;ENTROSTOP HERBAL ANAK, WOODS EXPECTORANT 60 ML, WOODS EXPECTORANT 100 ML
125010989;Februari 03, 2025;KOMIX OBH PE, WOODS COUGH SYR ATT  60ML, WOODS EXPECTORANT 60 ML, MIXAGRIP FLU KAPLET 25X4, ENTROSTOP 10'S, PROMAG TABLET
125010995;Februari 03, 2025;KOMIX HERBAL JERUK NIPIS, WOODS COUGH SYR ATT  60ML
125011007;Februari 03, 2025;KOMIX HERBAL 15 ML, PROMAG SUSPENSI 10ML/6, ENTROSTOP 10'S, PROMAG TABLET
125011015;Februari 03, 2025;ENTROSTOP HERBAL ANAK, MIXAGRIP FLU KAPLET 25X4, PROMAG TABLET
125011028;Februari 03, 2025;KOMIX HERBAL JERUK NIPIS, KOMIX OBH PE
125011030;Februari 03, 2025;SAKATONIK ABC STRAW 30TAB, SAKATONIK ABC ANGGUR30TAB, SAKATONIK ABC ORANGE 30TAB
125011036;Februari 03, 2025;WOODS COUGH SYR ATT 100ML, SAKATONIK ABC ORANGE 30TAB
125011040;Februari 03, 2025;KALPANAX K CREAM 5 GR, KOMIX OBH PE
125011061;Februari 03, 2025;KOMIX JAHE G-FORMULA BOX, KOMIX J.NIPIS G-FORMULA B, KOMIX OBH
125011065;Februari 03, 2025;BEJO JAHE MERAH HERBAL 12 SC, KOMIX HERBAL JERUK NIPIS, KOMIX HERBAL 15 ML, KOMIX HERBAL PEPPERMINT, ENTROSTOP HERBAL ANAK
125011108;Februari 03, 2025;KOMIX JAHE G-FORMULA BOX, KOMIX KID STRAWBERRY PACK, MIXAGRIP FLU KAPLET 25X4
125011116;Februari 03, 2025;KOMIX JAHE G-FORMULA BOX, KOMIX J.NIPIS G-FORMULA B, KOMIX OBH PE, PUYER OSK BT NO.16/BOX, WAISAN NEW FORMULA  /LUSIN
125011119;Februari 03, 2025;MIXAGRIP FLU &BATUK PE, MEXTRIL BATUK-TABLET BOX
125011122;Februari 03, 2025;CEREBROFORT GOLD ORANGE 100 ML, ENTROSTOP HERBAL ANAK, WOODS NATURALS SYR 60 ML, WOODS LOZENGES 6'S
125011127;Februari 03, 2025;BEJO JAHE MERAH HERBAL 12 SC, WAISAN NEW FORMULA  /LUSIN, PROMAG SUSPENSI 10ML/6, WOODS COUGH SYR ATT 100ML, WOODS COUGH SYR ATT  60ML, WOODS EXPECTORANT 60 ML, WOODS EXPECTORANT 100 ML, PROMAG TABLET
125011128;Februari 03, 2025;WOODS COUGH SYR ATT  60ML, SAKATONIK ABC STRAW 30TAB
125011130;Februari 03, 2025;KALPANAX K CREAM 5 GR, PROMAG TABLET
125011131;Februari 03, 2025;SAKATONIK ABC STRAW 30TAB, SAKATONIK ABC ANGGUR30TAB, SKT ABC CURCUMA MADU
125011132;Februari 03, 2025;SAKATONIK ABC STRAW 30TAB, SAKATONIK ABC ANGGUR30TAB, SAKATONIK ABC ORANGE 30TAB
125011134;Februari 03, 2025;PROMAG TABLET, SAKATONIK ABC STRAW 30TAB, SAKATONIK ABC ANGGUR30TAB, SAKATONIK ABC ORANGE 30TAB
125011135;Februari 03, 2025;PROMAG TABLET, WOODS EXPECTORANT 60 ML, SAKATONIK ABC STRAW 30TAB
125011136;Februari 03, 2025;WOODS COUGH SYR ATT 100ML, WOODS COUGH SYR ATT  60ML, WOODS EXPECTORANT 60 ML, PROCOLD FLU PE
125011137;Februari 03, 2025;KOMIX HERBAL 15 ML, KALPANAX K CREAM 5 GR, CEREBROFORT GOLD ORANGE 100 ML
125011148;Februari 03, 2025;SAKATONIK ABC STRAW 30TAB, SAKATONIK ABC ORANGE 30TAB
125011149;Februari 03, 2025;WOODS EXPECTORANT 100 ML, PROCOLD FLU PE, SAKATONIK ABC STRAW 30TAB
125011151;Februari 03, 2025;BEJO JAHE MERAH HERBAL 12 SC, KOMIX HERBAL JERUK NIPIS, KOMIX HERBAL 15 ML, KALPANAX SALEP 6G/12, WOODS EXPECTORANT 60 ML
125011162;Februari 03, 2025;KOMIX OBH PE, WOODS EXPECTORANT 60 ML
125011172;Februari 03, 2025;BEJO JAHE MERAH HERBAL 6S MT, BEJO JAHE MERAH HERBAL 12 SC, PROMAG TABLET
125011176;Februari 03, 2025;WOODS COUGH SYR ATT  60ML, WOODS'LOZ BLACKCURRANT, WOODS LOZ HONEY LEMON
125011193;Februari 04, 2025;SAKATONIK ABC STRAW 30TAB, SAKATONIK ABC ANGGUR30TAB, SAKATONIK ABC ORANGE 30TAB, SKT ABC CURCUMA MADU
125011198;Februari 04, 2025;KOMIX HERBAL JERUK NIPIS, KOMIX HERBAL PEPPERMINT, WOODS'LOZ BLACKCURRANT
125011216;Februari 04, 2025;KOMIX HERBAL JERUK NIPIS, WOODS NATURALS SYR 60 ML, SAKATONIK ABC ANGGUR30TAB
125011217;Februari 04, 2025;CEREBROFORT MG JRK SCH, PROMAG TABLET, SKT ABC CURCUMA MADU
125011218;Februari 04, 2025;B7 SLASI JERUK NIPIS 12'S, SKT ACTIV SIRUP 300 ML
125011229;Februari 04, 2025;WOODS COUGH SYR ATT  60ML, WOODS EXPECTORANT 60 ML, WOODS EXPECTORANT 100 ML, SAKATONIK ABC STRAW 30TAB, SAKATONIK ABC ANGGUR30TAB
125011230;Februari 04, 2025;WOODS COUGH SYR ATT 100ML, WOODS COUGH SYR ATT  60ML, WOODS EXPECTORANT 60 ML, WOODS EXPECTORANT 100 ML
125011234;Februari 04, 2025;CEREBROFORT M.G. AGGR SCH, CEREBROFORT MG JRK SCH, CEREBROFORT MG STRAW SCH
125011247;Februari 04, 2025;BEJO JAHE MERAH HERBAL 12 SC, KOMIX HERBAL JERUK NIPIS
125011255;Februari 04, 2025;KOMIX HERBAL JERUK NIPIS, KOMIX HERBAL ORI PACK, KOMIX HERBAL PEPPERMINT, WOODS'LOZ BLACKCURRANT
125011258;Februari 04, 2025;BEJO JAHE MERAH HERBAL 12 SC, KOMIX HERBAL 15 ML, FATIGON SPIRIT BOX 10X6S
125011285;Februari 04, 2025;ENTROSTOP 10'S, PROMAG TABLET
125011287;Februari 04, 2025;WOODS COUGH SYR ATT 100ML, WOODS COUGH SYR ATT  60ML, MIXAGRIP FLU KAPLET 25X4
125011291;Februari 04, 2025;ENTROSTOP 10'S, PROMAG TABLET
125011294;Februari 04, 2025;WOODS COUGH SYR ATT  60ML, WOODS EXPECTORANT 60 ML
125011314;Februari 04, 2025;BEJO JAHE MERAH HERBAL 12 SC, CEREBROFORT MG MGA SCH, CEREBROFORT MG STRAW SCH, ENTROSTOP 10'S, SAKATONIK ABC ORANGE 30TAB
125011315;Februari 04, 2025;KALPANAX SALEP 6G/12, PROMAG TABLET
125011317;Februari 04, 2025;KALPANAX K CREAM 5 GR, KOMIX HERBAL JERUK NIPIS, KOMIX HERBAL 15 ML
125011323;Februari 04, 2025;B7 SLASI JERUK NIPIS 12'S, CEREBROFORT MG MGA SCH, CEREBROFORT MG JRK SCH
125011326;Februari 04, 2025;CEREBROFORT GOLD ORANGE 100 ML, CEREBROFORT GOLD STRAWBERY
125011341;Februari 04, 2025;BEJO JAHE MERAH HERBAL 12 SC, KOMIX JAHE G-FORMULA BOX, KOMIX J.NIPIS G-FORMULA B
125011342;Februari 04, 2025;CEREBROFORT M.G. AGGR SCH, CEREBROFORT MG MGA SCH, CEREBROFORT MG JRK SCH, CEREBROFORT MG STRAW SCH, SAKATONIK ABC STRAW 30TAB, SKT ABC CURCUMA MADU
125011346;Februari 04, 2025;ENTROSTOP HERBAL ANAK, PROMAG TABLET
125011413;Februari 04, 2025;KOMIX HERBAL 15 ML, KALPANAX K CREAM 5 GR, WOODS EXPECTORANT 60 ML, WOODS EXPECTORANT 100 ML, WOODS LOZENGES CHERRY 6'S
125011416;Februari 04, 2025;BEJO JAHE MERAH HERBAL 12 SC, KOMIX HERBAL 15 ML, PUYER OSK BT NO.16/BOX
125011424;Februari 04, 2025;ENTROSTOP 10'S, SAKATONIK ABC ORANGE 30TAB
125011425;Februari 04, 2025;CEREBROFORT M.G. AGGR SCH, CEREBROFORT MG JRK SCH, CEREBROFORT MG STRAW SCH
125011427;Februari 04, 2025;KOMIX OBH PE, PROMAG SUSPENSI 10ML/6, ENTROSTOP 10'S, PROMAG TABLET
125011445;Februari 04, 2025;KALPANAX K CREAM 5 GR, KALPANAX SALEP 6G/12, BEJO JAHE MERAH HERBAL 12 SC, CEREBROFORT GOLD ORANGE 100 ML, CEREBROFORT GOLD STRAWBERY, KOMIX HERBAL 15 ML, KOMIX KID OBH PE, KOMIX OBH PE, WOODS EXPECTORANT 60 ML, WOODS EXPECTORANT 100 ML, PUYER OSK BT NO.16/BOX, CEREBROFORT M.G. AGGR SCH, CEREBROFORT MG JRK SCH, FATIGON SPIRIT BOX 10X6S, ENTROSTOP 10'S, PROCOLD FLU PE, PROMAG TABLET, SAKATONIK ABC STRAW 30TAB, SAKATONIK ABC ANGGUR30TAB, BEJO JAHE MERAH HERBAL 6S MT
125011452;Februari 04, 2025;BEJO JAHE MERAH HERBAL 12 SC, WOODS COUGH SYR ATT 100ML, WOODS COUGH SYR ATT  60ML, WOODS EXPECTORANT 60 ML, WOODS EXPECTORANT 100 ML
125011456;Februari 04, 2025;CEREBROFORT GOLD ORANGE 100 ML, CEREBROFORT GOLD STRAWBERY, ENTROSTOP 10'S, WOODS COUGH SYR ATT  60ML
125011458;Februari 04, 2025;WOODS EXPECTORANT 100 ML, WAISAN NEW FORMULA  /LUSIN
125011459;Februari 04, 2025;KALPANAX K CREAM 5 GR, MIXAGRIP FLU KAPLET 25X4
125011465;Februari 04, 2025;PROMAG SUSPENSI 10ML/6, PROMAG TABLET
125011475;Februari 04, 2025;WOODS COUGH SYR ATT  60ML, WOODS EXPECTORANT 60 ML
125011479;Februari 04, 2025;FATIGON SPIRIT BOX 10X6S, PROCOLD FLU PE
125011482;Februari 04, 2025;KALPANAX K CREAM 5 GR, FATIGON SPIRIT BOX 10X6S, ENTROSTOP 10'S, PROMAG TABLET
125011493;Februari 04, 2025;WOODS COUGH SYR ATT  60ML, WOODS LOZENGES 6'S
125011494;Februari 04, 2025;SKT ACTIV SIRUP 300 ML, PROMAG TABLET
125011510;Februari 04, 2025;BEJO JAHE MERAH HERBAL 12 SC, KOMIX HERBAL 15 ML, EXTRA JOSS MANGGA LAKI, ENTROSTOP HERBAL ANAK, MIXAGRIP HERBAL GREGES
125011519;Februari 04, 2025;BEJO JAHE MERAH HERBAL 6S MT, WOODS LOZENGES CHERRY 6'S
125011524;Februari 04, 2025;SAKATONIK ABC STRAW 30TAB, SAKATONIK ABC ORANGE 30TAB
125011539;Februari 04, 2025;KOMIX HERBAL JERUK NIPIS, EXTRA JOSS ACTIVE 12SCH
125011545;Februari 04, 2025;WOODS NATURALS SYR 60 ML, WOODS LOZENGES 6'S, WOODS LOZ HONEY LEMON, XONCE TAB BOX 50'S
125011550;Februari 04, 2025;KOMIX JAHE G-FORMULA BOX, KOMIX KID STRAWBERRY PACK, KOMIX J.NIPIS G-FORMULA B, KOMIX PEPP.G-FORMULA BOX, WOODS COUGH SYR ATT 100ML, WOODS COUGH SYR ATT  60ML, PROCOLD FLU BATUK PE
125011555;Februari 04, 2025;ENTROSTOP HERBAL ANAK, ENTROSTOP 10'S, PROMAG TABLET, SAKATONIK ACTIV MULTIVIT ZAT BESI - KAPLET 6S
125011587;Februari 04, 2025;PROMAG HERBAL 15 ML, PROMAG TABLET
125011599;Februari 04, 2025;WOODS EXPECTORANT 60 ML, WOODS NATURALS SYR 60 ML
125011601;Februari 04, 2025;MIXAGRIP FLU &BATUK PE, MIXAGRIP FLU KAPLET 25X4
125011603;Februari 04, 2025;KOMIX HERBAL 15 ML, KOMIX OBH
125011616;Februari 04, 2025;KOMIX JAHE G-FORMULA BOX, KOMIX J.NIPIS G-FORMULA B, KOMIX OBH
125011617;Februari 04, 2025;KOMIX JAHE G-FORMULA BOX, KOMIX J.NIPIS G-FORMULA B, KOMIX OBH
125011623;Februari 04, 2025;WOODS COUGH SYR ATT  60ML, WOODS EXPECTORANT 60 ML, PUYER OSK BT NO.16/BOX, WAISAN NEW FORMULA  /LUSIN
125011624;Februari 04, 2025;CEREBROFORT GOLD ORANGE 100 ML, CEREBROFORT GOLD STRAWBERY, KOMIX HERBAL 15 ML
125011626;Februari 04, 2025;MIXAGRIP HERBAL GREGES, EXTRA JOSS ACTIVE 12SCH
125011647;Februari 04, 2025;BEJO JAHE MERAH HERBAL 12 SC, SKT ACTIV SIRUP 300 ML
125011650;Februari 04, 2025;BEJO JAHE MERAH HERBAL 12 SC, CEREBROFORT GOLD STRAWBERY, ENTROSTOP 10'S
125011719;Februari 05, 2025;KOMIX KID STRAWBERRY PACK, KOMIX KID OBH PE, PROMAG SUSPENSI 10ML/6, WAISAN NEW FORMULA  /LUSIN, PROMAG TABLET
125011726;Februari 05, 2025;KOMIX JAHE G-FORMULA BOX, KOMIX JAHE G-FORMULA 6'S, KOMIX KID STRAWBERRY PACK, KOMIX J.NIPIS G-FORMULA B, KOMIX HERBAL JERUK NIPIS, KOMIX KID OBH PE, KOMIX OBH PE
125011727;Februari 05, 2025;BEJO JAHE MERAH HERBAL 12 SC, CEREBROFORT GOLD ORANGE 100 ML, CEREBROFORT GOLD STRAWBERY, ENTROSTOP HERBAL ANAK, KOMIX KID STRAWBERRY PACK, KOMIX KID OBH PE, PROMAG SUSPENSI 10ML/6, WOODS COUGH SYR ATT  60ML, WOODS EXPECTORANT 60 ML, WAISAN NEW FORMULA  /LUSIN, FATIGON SPIRIT BOX 10X6S, ENTROSTOP 10'S, SAKATONIK ABC STRAW 30TAB, SAKATONIK ABC ANGGUR30TAB, SAKATONIK ABC ORANGE 30TAB, SKT ABC CURCUMA MADU
125011732;Februari 05, 2025;BEJO ANAK JAHE MERAH 5S, KOMIX HERBAL 15 ML, PUYER OSK BT NO.16/BOX
125011734;Februari 05, 2025;WOODS EXPECTORANT 60 ML, FATIGON SPIRIT BOX 10X6S
125011744;Februari 05, 2025;PROMAG SUSPENSI 10ML/6, ENTROSTOP 10'S
125011747;Februari 05, 2025;CEREBROFORT GOLD ORANGE 100 ML, CEREBROFORT GOLD STRAWBERY, CEREBROFORT M.G. TROPICAL FRUIT
125011750;Februari 05, 2025;KOMIX OBH PE, PROMAG TABLET
125011751;Februari 05, 2025;WOODS COUGH SYR ATT  60ML, PROMAG TABLET
125011754;Februari 05, 2025;CEREBROVIT XCEL 10 CAPS, CEREBROFORT GOLD ORANGE 200 ML, SAKATONIK ABC STRAW 30TAB, SAKATONIK ABC ORANGE 30TAB
125011756;Februari 05, 2025;CEREBROFORT GOLD ORANGE 200 ML, FATIGON SPIRIT BOX 10X6S, ENTROSTOP 10'S
125011765;Februari 05, 2025;WOODS'LOZ BLACKCURRANT, WOODS LOZENGES CHERRY 6'S, WOODS LOZENGES 6'S, WOODS LOZ HONEY LEMON
125011766;Februari 05, 2025;KALPANAX K CREAM 5 GR, WOODS COUGH SYR ATT  60ML, WOODS EXPECTORANT 60 ML, PROMAG TABLET
125011799;Februari 05, 2025;PROMAG SUSPENSI 10ML/6, WOODS LOZENGES 6'S
125011801;Februari 05, 2025;B7 SLASI JERUK NIPIS 12'S, SAKATONIK ABC ANGGUR30TAB, SKT ABC CURCUMA MADU
125011808;Februari 05, 2025;KOMIX OBH PE, ENTROSTOP 10'S
125011809;Februari 05, 2025;BEJO JAHE MERAH HERBAL 12 SC, WOODS COUGH SYR ATT  60ML, WOODS EXPECTORANT 60 ML
125011816;Februari 05, 2025;ENTROSTOP HERBAL ANAK, ENTROSTOP 10'S, PROMAG TABLET
125011840;Februari 05, 2025;BEJO JAHE MERAH HERBAL 12 SC, EXTRA JOSS ACTIVE 12SCH
125011842;Februari 05, 2025;KOMIX HERBAL JERUK NIPIS, KOMIX HERBAL PEPPERMINT
125011848;Februari 05, 2025;CEREBROFORT GOLD ORANGE 200 ML, SAKATONIK ABC STRAW 30TAB
125011859;Februari 05, 2025;KOMIX HERBAL 15 ML, PROMAG TABLET
125011861;Februari 05, 2025;ENTROSTOP HERBAL ANAK, FATIGON SPIRIT BOX 10X6S
125011880;Februari 05, 2025;BEJO JAHE MERAH HERBAL 12 SC, KOMIX HERBAL 15 ML, KOMIX KID OBH PE, KOMIX OBH PE, MIXAGRIP HERBAL GREGES, MIXAGRIP FLU &BATUK PE, MIXAGRIP FLU KAPLET 25X4, PROCOLD FLU BATUK PE, PROCOLD FLU PE, WOODS LOZENGES 6'S
125011885;Februari 05, 2025;PUYER OSK BT NO.16/BOX, WAISAN NEW FORMULA  /LUSIN, KALPANAX K CREAM 5 GR, CEREBROFORT GOLD STRAWBERY, WOODS COUGH SYR ATT  60ML, WOODS EXPECTORANT 60 ML, MIXAGRIP FLU KAPLET 25X4, ENTROSTOP 10'S, PROMAG TABLET, SAKATONIK ABC STRAW 30TAB
125011900;Februari 05, 2025;KOMIX HERBAL JERUK NIPIS, EXTRA JOSS GO RASA ANGGUR, EXTRA JOSS MANGGA LAKI
125011907;Februari 05, 2025;ENTROSTOP 10'S, SAKATONIK ABC ORANGE 30TAB
125011909;Februari 05, 2025;CEREBROFORT M.G. AGGR SCH, CEREBROFORT MG MGA SCH, CEREBROFORT MG JRK SCH, CEREBROFORT MG STRAW SCH
125011912;Februari 05, 2025;BEJO JAHE MERAH HERBAL 12 SC, MIXAGRIP HERBAL GREGES
125011928;Februari 05, 2025;KALPANAX SALEP 6G/12, FATIGON SPIRIT BOX 10X6S
125011929;Februari 05, 2025;KOMIX OBH PE, FATIGON SPIRIT BOX 10X6S
125011932;Februari 05, 2025;KOMIX OBH PE, KALPANAX K CREAM 5 GR, ENTROSTOP 10'S
125011938;Februari 05, 2025;B7 SLASI JERUK NIPIS 12'S, EXTRA JOSS ACTIVE 12SCH
125011941;Februari 05, 2025;BEJO JAHE MERAH HERBAL 12 SC, ENTROSTOP HERBAL ANAK, KOMIX OBH PE, PROMAG SUSPENSI 10ML/6, PUYER OSK BT NO.16/BOX, ENTROSTOP 10'S, PROMAG TABLET
125011948;Februari 05, 2025;CEREBROFORT GOLD ORANGE 100 ML, CEREBROFORT GOLD STRAWBERY, PROCOLD FLU PE
125011951;Februari 05, 2025;SAKATONIK ABC STRAW 30TAB, SAKATONIK ABC ANGGUR30TAB
125011952;Februari 05, 2025;ENTROSTOP 10'S, PROMAG TABLET
125011959;Februari 05, 2025;KOMIX HERBAL 15 ML, CEREBROFORT GOLD ORANGE 100 ML, CEREBROFORT GOLD STRAWBERY
125011992;Februari 05, 2025;BEJO JAHE MERAH PACK 12SC, BEJO JAHE MERAH HERBAL 12 SC, KOMIX HERBAL 15 ML, MIXAGRIP HERBAL GREGES
125012002;Februari 05, 2025;KOMIX HERBAL JERUK NIPIS, KOMIX HERBAL PEPPERMINT
125012005;Februari 05, 2025;KOMIX HERBAL JERUK NIPIS, KOMIX HERBAL PEPPERMINT
125012008;Februari 05, 2025;WOODS COUGH SYR ATT  60ML, WOODS EXPECTORANT 60 ML, PUYER OSK BT NO.16/BOX, WAISAN NEW FORMULA  /LUSIN
125012014;Februari 05, 2025;CEREBROFORT M.G. TROPICAL FRUIT, SAKATONIK ABC STRAW 30TAB
125012099;Februari 06, 2025;SAKATONIK ABC ORANGE 30TAB, SKT ABC CURCUMA MADU
125012101;Februari 06, 2025;CEREBROFORT M.G. AGGR SCH, CEREBROFORT MG MGA SCH, CEREBROFORT MG JRK SCH, CEREBROFORT MG STRAW SCH, CEREBROFORT M.G. TROPICAL FRUIT
125012104;Februari 06, 2025;BEJO JAHE MERAH HERBAL 12 SC, KOMIX HERBAL 15 ML, PROMAG HERBAL 15 ML, MIXAGRIP HERBAL GREGES
125012107;Februari 06, 2025;BEJO JAHE MERAH HERBAL 12 SC, PROMAG HERBAL 15 ML, WOODS LOZENGES 6'S
125012110;Februari 06, 2025;BEJO JAHE MERAH HERBAL 12 SC, KOMIX HERBAL 15 ML, PROMAG HERBAL 15 ML, MIXAGRIP HERBAL GREGES
125012120;Februari 06, 2025;BEJO JAHE MERAH HERBAL 12 SC, KOMIX HERBAL JERUK NIPIS, KOMIX HERBAL PEPPERMINT
125012130;Februari 06, 2025;KALPANAX K CREAM 5 GR, KALPANAX SALEP 6G/12, KOMIX HERBAL 15 ML, KOMIX OBH PE, ENTROSTOP 10'S, PROMAG TABLET, WOODS EXPECTORANT 60 ML, WOODS LOZENGES 6'S
125012149;Februari 06, 2025;PROMAG HERBAL 15 ML, FATIGON SPIRIT BOX 10X6S
125012155;Februari 06, 2025;CEREBROFORT MG JRK SCH, CEREBROFORT MG STRAW SCH
125012161;Februari 06, 2025;WOODS COUGH SYR ATT  60ML, ENTROSTOP 10'S
125012166;Februari 06, 2025;KOMIX HERBAL ORI PACK, PROMAG HERBAL 15 ML
125012167;Februari 06, 2025;CEREBROFORT GOLD ORANGE 100 ML, PROMAG HERBAL 15 ML, MIXAGRIP FLU KAPLET 25X4, PROMAG TABLET, SAKATONIK ABC ANGGUR30TAB
125012172;Februari 06, 2025;KOMIX HERBAL 15 ML, WOODS EXPECTORANT 60 ML, PROMAG TABLET
125012181;Februari 06, 2025;KALPANAX SALEP 6G/12, FATIGON SPIRIT BOX 10X6S
125012183;Februari 06, 2025;SAKATONIK ABC ANTARIKSA 30 TAB, SAKATONIK ABC ANGGUR30TAB, SKT ABC CURCUMA MADU
125012185;Februari 06, 2025;KOMIX HERBAL ORI PACK, PROMAG HERBAL 15 ML, WOODS LOZENGES 6'S
125012187;Februari 06, 2025;WOODS EXPECTORANT 100 ML, SAKATONIK ABC STRAW 30TAB, SAKATONIK ABC ANGGUR30TAB, SAKATONIK ABC ORANGE 30TAB, SKT ABC CURCUMA MADU
125012195;Februari 06, 2025;KOMIX JAHE G-FORMULA BOX, PROCOLD FLU BATUK PE
125012200;Februari 06, 2025;BEJO JAHE MERAH HERBAL 12 SC, KOMIX HERBAL 15 ML, PROMAG HERBAL 15 ML
125012201;Februari 06, 2025;PROMAG HERBAL 15 ML, FATIGON SPIRIT BOX 10X6S
125012205;Februari 06, 2025;KOMIX JAHE G-FORMULA BOX, KOMIX J.NIPIS G-FORMULA B
125012206;Februari 06, 2025;KALPANAX K CREAM 5 GR, MEXTRIL BATUK-TABLET BOX, PROMAG TABLET
125012207;Februari 06, 2025;MIXAGRIP FLU &BATUK PE, MEXTRIL BATUK-TABLET BOX
125012245;Februari 06, 2025;KALPANAX K CREAM 5 GR, PROMAG TABLET
125012257;Februari 06, 2025;KOMIX HERBAL ORI PACK, PROMAG HERBAL 15 ML, WOODS LOZENGES CHERRY 6'S, WOODS LOZENGES 6'S, WOODS LOZ HONEY LEMON
125012275;Februari 06, 2025;PUYER OSK BT NO.16/BOX, WOODS COUGH SYR ATT  60ML, PROCOLD FLU PE, SAKATONIK ABC ANGGUR30TAB, SKT ABC CURCUMA MADU
125012285;Februari 06, 2025;KOMIX HERBAL ORI PACK, KALPANAX K CREAM 5 GR, WOODS COUGH SYR ATT  60ML, WOODS EXPECTORANT 100 ML
125012289;Februari 06, 2025;BEJO JAHE MERAH HERBAL 12 SC, WOODS COUGH SYR ATT  60ML
125012294;Februari 06, 2025;ENTROSTOP 10'S, PROMAG TABLET
125012299;Februari 06, 2025;KOMIX JAHE G-FORMULA BOX, KOMIX J.NIPIS G-FORMULA B, PUYER OSK BT NO.16/BOX, WAISAN NEW FORMULA  /LUSIN, FATIGON SPIRIT BOX 10X6S, PROMAG TABLET
125012301;Februari 06, 2025;KOMIX HERBAL ORI PACK, CEREBROFORT GOLD ORANGE 200 ML
125012308;Februari 06, 2025;PROMAG HERBAL 15 ML, CEREBROFORT MG STRAW SCH
125012327;Februari 06, 2025;KALPANAX K CREAM 5 GR, KALPANAX KRIM 10 GR
125012329;Februari 06, 2025;BEJO JAHE MERAH HERBAL 12 SC, KOMIX HERBAL 15 ML
125012338;Februari 06, 2025;KALPANAX K CREAM 5 GR, KALPANAX SALEP 6G/12, MIXAGRIP FLU KAPLET 25X4, MEXTRIL BATUK-TABLET BOX
125012350;Februari 06, 2025;BEJO JAHE MERAH HERBAL 12 SC, KOMIX HERBAL 15 ML, MIXAGRIP HERBAL GREGES, PROMAG HERBAL 15 ML
125012351;Februari 06, 2025;KOMIX JAHE G-FORMULA BOX, KOMIX J.NIPIS G-FORMULA B, MIXAGRIP FLU &BATUK PE
125012356;Februari 06, 2025;BEJO JAHE MERAH HERBAL 12 SC, KOMIX HERBAL 15 ML, MIXAGRIP HERBAL GREGES, PROMAG HERBAL 15 ML
125012357;Februari 06, 2025;BEJO JAHE MERAH HERBAL 12 SC, KOMIX HERBAL 15 ML, MIXAGRIP HERBAL GREGES, PROMAG HERBAL 15 ML
125012363;Februari 06, 2025;KOMIX HERBAL JERUK NIPIS, KOMIX HERBAL ORI PACK, KOMIX HERBAL PEPPERMINT
125012369;Februari 06, 2025;BEJO JAHE MERAH HERBAL 12 SC, MIXAGRIP HERBAL GREGES, PROMAG HERBAL 15 ML
125012374;Februari 06, 2025;KALPANAX K CREAM 5 GR, KALPANAX KRIM 10 GR, ENTROSTOP 10'S
125012380;Februari 06, 2025;KOMIX HERBAL 15 ML, KOMIX HERBAL ORI PACK
125012389;Februari 06, 2025;BEJO JAHE MERAH HERBAL 6S MT, KOMIX HERBAL ORI PACK, PROMAG HERBAL 15 ML
125012413;Februari 06, 2025;BEJO JAHE MERAH HERBAL 12 SC, KOMIX HERBAL 15 ML, MIXAGRIP HERBAL GREGES, PROMAG HERBAL 15 ML, WOODS LOZENGES 6'S
125012430;Februari 06, 2025;BEJO JAHE MERAH HERBAL 12 SC, KOMIX HERBAL 15 ML, PROMAG HERBAL 15 ML, MIXAGRIP HERBAL GREGES, WOODS LOZENGES 6'S
125012502;Februari 06, 2025;KOMIX HERBAL JERUK NIPIS, KOMIX HERBAL 15 ML, KOMIX HERBAL ORI PACK, EXTRA JOSS ACTIVE 12SCH
125012504;Februari 06, 2025;BEJO JAHE MERAH HERBAL 12 SC, KOMIX HERBAL 15 ML, MIXAGRIP HERBAL GREGES, PROMAG HERBAL 15 ML
125012514;Februari 06, 2025;BEJO JAHE MERAH HERBAL 12 SC, KALPANAX K CREAM 5 GR, KALPANAX SALEP 6G/12, CEREBROFORT GOLD ORANGE 100 ML, CEREBROFORT GOLD STRAWBERY, PROMAG HERBAL 15 ML, WOODS COUGH SYR ATT  60ML, WOODS EXPECTORANT 60 ML, WOODS NATURALS SYR 60 ML, CEREBROFORT M.G. AGGR SCH, CEREBROFORT MG JRK SCH, CEREBROFORT MG STRAW SCH, FATIGON SPIRIT BOX 10X6S, MIXAGRIP FLU KAPLET 25X4, ENTROSTOP 10'S, PROMAG TABLET, SAKATONIK ABC ANTARIKSA 30 TAB, SAKATONIK ABC STRAW 30TAB, SAKATONIK ABC ANGGUR30TAB, SAKATONIK ABC ORANGE 30TAB
125012534;Februari 07, 2025;KALPANAX KRIM 10 GR, SKT ACTIV SIRUP 300 ML
125012537;Februari 07, 2025;BEJO JAHE MERAH HERBAL 12 SC, PUYER OSK BT NO.16/BOX
125012547;Februari 07, 2025;KOMIX HERBAL 15 ML, SAKATONIK ABC ANGGUR30TAB, SAKATONIK ABC ORANGE 30TAB
125012555;Februari 07, 2025;BEJO JAHE MERAH HERBAL 12 SC, KOMIX HERBAL 15 ML, MIXAGRIP HERBAL GREGES, PROMAG HERBAL 15 ML
125012560;Februari 07, 2025;BEJO JAHE MERAH HERBAL 12 SC, KOMIX JAHE G-FORMULA 6'S, KOMIX HERBAL 15 ML, KOMIX OBH PE, PROMAG HERBAL 15 ML, PUYER OSK BT NO.16/BOX, MIXAGRIP HERBAL GREGES, WOODS EXPECTORANT 60 ML, MEXTRIL BATUK-TABLET BOX, PROCOLD FLU BATUK PE
125012577;Februari 07, 2025;MIXAGRIP FLU &BATUK PE, PROCOLD FLU BATUK PE
125012579;Februari 07, 2025;BEJO JAHE MERAH HERBAL 12 SC, ENTROSTOP HERBAL ANAK, SKT ABC CURCUMA MADU
125012595;Februari 07, 2025;ENTROSTOP HERBAL ANAK, PROMAG SUSPENSI 10ML/6
125012597;Februari 07, 2025;CEREBROFORT GOLD ORANGE 100 ML, SAKATONIK ABC STRAW 30TAB
125012606;Februari 07, 2025;WOODS COUGH SYR ATT  60ML, WOODS EXPECTORANT 60 ML
125012648;Februari 07, 2025;KALPANAX K CREAM 5 GR, WOODS COUGH SYR ATT  60ML
125012659;Februari 07, 2025;BEJO JAHE MERAH HERBAL 12 SC, WOODS LOZENGES 6'S
125012660;Februari 07, 2025;BEJO JAHE MERAH HERBAL 12 SC, KOMIX HERBAL 15 ML, MIXAGRIP HERBAL GREGES, PROMAG HERBAL 15 ML
125012676;Februari 07, 2025;BEJO JAHE MERAH HERBAL 12 SC, KOMIX HERBAL 15 ML, MIXAGRIP HERBAL GREGES, PROMAG HERBAL 15 ML
125012679;Februari 07, 2025;KALPANAX SALEP 6G/12, CEREBROFORT GOLD STRAWBERY
125012680;Februari 07, 2025;PROMAG HERBAL 15 ML, WOODS LOZENGES 6'S, XONCE TAB BOX 50'S
125012712;Februari 07, 2025;SAKATONIK ABC STRAW 30TAB, SAKATONIK ABC ORANGE 30TAB
125012714;Februari 07, 2025;BEJO JAHE MERAH HERBAL 12 SC, KOMIX HERBAL 15 ML, MIXAGRIP HERBAL GREGES, PROMAG HERBAL 15 ML, WOODS LOZENGES 6'S
125012716;Februari 07, 2025;B7 SLASI JERUK NIPIS 12'S, MIXAGRIP HERBAL GREGES
125012754;Februari 07, 2025;KOMIX HERBAL 15 ML, WOODS LOZENGES 6'S
125012762;Februari 07, 2025;EJ SPORT GEL ORANGE 5 TB, EXTRA JOSS SPORT 5 TB, KOMIX HERBAL 15 ML, ENTROSTOP HERBAL ANAK, PROMAG SUSPENSI 10ML/6, PROMAG HERBAL 15 ML
125012770;Februari 07, 2025;KOMIX HERBAL 15 ML, ENTROSTOP 10'S
125012798;Februari 07, 2025;WOODS LOZENGES 6'S, WOODS LOZ HONEY LEMON
125012800;Februari 07, 2025;MIXAGRIP FLU KAPLET 25X4, PROCOLD FLU PE
125012804;Februari 07, 2025;PROMAG SUSPENSI 10ML/6, ENTROSTOP 10'S
125012805;Februari 07, 2025;KALPANAX K CREAM 5 GR, KALPANAX SALEP 6G/12, WOODS EXPECTORANT 60 ML
125012868;Februari 07, 2025;ENTROSTOP HERBAL ANAK, WOODS COUGH SYR ATT  60ML, PROMAG TABLET
125012871;Februari 07, 2025;WOODS COUGH SYR ATT  60ML, PROMAG TABLET
125012879;Februari 07, 2025;BEJO JAHE MERAH HERBAL 12 SC, KOMIX HERBAL 15 ML, KOMIX HERBAL ORI PACK, EXTRA JOSS MANGGA LAKI, ENTROSTOP HERBAL ANAK, MIXAGRIP HERBAL GREGES, WOODS LOZENGES 6'S
125012892;Februari 07, 2025;BEJO JAHE MERAH HERBAL 12 SC, KOMIX HERBAL 15 ML, ENTROSTOP HERBAL ANAK, MIXAGRIP HERBAL GREGES, PROMAG HERBAL 15 ML, WOODS LOZENGES 6'S
125012894;Februari 07, 2025;BEJO JAHE MERAH HERBAL 12 SC, KOMIX HERBAL JERUK NIPIS, KOMIX HERBAL 15 ML, KOMIX HERBAL ORI PACK
125012907;Februari 07, 2025;KOMIX JAHE G-FORMULA BOX, KOMIX J.NIPIS G-FORMULA B, KOMIX OBH PE
125012917;Februari 07, 2025;PUYER OSK BT NO.16/BOX, PROCOLD FLU PE
125012919;Februari 07, 2025;CEREBROFORT GOLD ORANGE 200 ML, SKT ACTIV SIRUP 300 ML
125012920;Februari 07, 2025;KALPANAX K CREAM 5 GR, WOODS COUGH SYR ATT  60ML
125012925;Februari 07, 2025;KALPANAX K CREAM 5 GR, KALPANAX SALEP 6G/12, CEREBROFORT GOLD ORANGE 100 ML, CEREBROFORT GOLD ORANGE 200 ML, CEREBROFORT GOLD STRAWBERY, PROMAG TABLET
125012928;Februari 07, 2025;KOMIX HERBAL JERUK NIPIS, KOMIX HERBAL 15 ML, KOMIX HERBAL ORI PACK, CEREBROFORT GOLD ORANGE 200 ML, CEREBROFORT GOLD STRAWBERY, PROMAG HERBAL 15 ML, WOODS EXPECTORANT 100 ML, ENTROSTOP 10'S
125012935;Februari 07, 2025;KOMIX HERBAL 15 ML, KOMIX HERBAL ORI PACK, KOMIX OBH PE, PUYER OSK BT NO.16/BOX, WAISAN NEW FORMULA  /LUSIN, ENTROSTOP HERBAL ANAK, WOODS COUGH SYR ATT  60ML, SAKATONIK ABC ANTARIKSA 30 TAB, SAKATONIK ABC STRAW 30TAB, SAKATONIK ABC ANGGUR30TAB, SAKATONIK ABC ORANGE 30TAB
125012962;Februari 07, 2025;EXTRA JOSS ACTIVE 12SCH, WOODS LOZENGES 6'S
125012968;Februari 07, 2025;KOMIX JAHE G-FORMULA BOX, KOMIX J.NIPIS G-FORMULA B, KOMIX HERBAL JERUK NIPIS, KOMIX HERBAL ORI PACK, KOMIX OBH PE
125012979;Februari 08, 2025;KOMIX HERBAL ORI PACK, KALPANAX KRIM 10 GR, WOODS EXPECTORANT 60 ML, WOODS EXPECTORANT 100 ML, SAKATONIK ABC ANTARIKSA 30 TAB, SAKATONIK ABC ANGGUR30TAB, SAKATONIK ABC ORANGE 30TAB, SKT ABC CURCUMA MADU
125012980;Februari 08, 2025;FATIGON SPIRIT BOX 10X6S, PROMAG TABLET
125012986;Februari 08, 2025;CEREBROFORT M.G. AGGR SCH, CEREBROFORT MG JRK SCH, CEREBROFORT MG STRAW SCH, PROCOLD FLU PE
125013002;Februari 08, 2025;WOODS NATURALS SYR 60 ML, WOODS LOZENGES 6'S, BEJO JAHE MERAH HERBAL 12 SC
125013011;Februari 08, 2025;BEJO JAHE MERAH HERBAL 12 SC, EXTRA JOSS ACTIVE 12SCH, WOODS'LOZ BLACKCURRANT, WOODS LOZENGES CHERRY 6'S, WOODS LOZENGES 6'S
125013035;Februari 08, 2025;BEJO JAHE MERAH HERBAL 12 SC, PROMAG TABLET
125013042;Februari 08, 2025;SKT ACTIV SIRUP 300 ML, SAKATONIK ABC STRAW 30TAB, SAKATONIK ABC ORANGE 30TAB
125013053;Februari 08, 2025;SAKATONIK ABC STRAW 30TAB, SAKATONIK ABC ANGGUR30TAB, SAKATONIK ABC ORANGE 30TAB
125013075;Februari 08, 2025;ENTROSTOP HERBAL ANAK, ENTROSTOP 10'S
125013112;Februari 08, 2025;WOODS EXPECTORANT 60 ML, WOODS EXPECTORANT 100 ML, WOODS LOZENGES 6'S
125013116;Februari 08, 2025;KALPANAX K CREAM 5 GR, PROMAG TABLET
125013120;Februari 08, 2025;ENTROSTOP 10'S, PROMAG TABLET, WOODS EXPECTORANT 60 ML, WOODS EXPECTORANT 100 ML
125013129;Februari 08, 2025;KALPANAX K CREAM 5 GR, KALPANAX SALEP 6G/12
125013137;Februari 08, 2025;PROMAG SUSPENSI BTL 60 ML, PROMAG SUSPENSI 10ML/6
125013144;Februari 08, 2025;PROMAG SUSPENSI BTL 60 ML, PROMAG SUSPENSI 10ML/6, PROMAG TABLET
125013163;Februari 08, 2025;PROMAG HERBAL 15 ML, WOODS NATURALS SYR 60 ML, CEREBROFORT M.G. AGGR SCH, SKT ABC CURCUMA MADU, XONCE TAB BOX 50'S
125013171;Februari 08, 2025;WOODS COUGH SYR ATT  60ML, SAKATONIK ABC ANTARIKSA 30 TAB
125013173;Februari 08, 2025;CEREBROFORT M.G. AGGR SCH, CEREBROFORT MG MGA SCH, CEREBROFORT MG JRK SCH, CEREBROFORT MG STRAW SCH
125013181;Februari 08, 2025;CEREBROFORT GOLD ORANGE 100 ML, CEREBROFORT GOLD STRAWBERY, PROMAG HERBAL 15 ML
125013195;Februari 08, 2025;MIXAGRIP FLU &BATUK PE, MIXAGRIP FLU KAPLET 25X4
125013198;Februari 08, 2025;WOODS EXPECTORANT 60 ML, WOODS NATURALS SYR 60 ML
125013201;Februari 08, 2025;KOMIX HERBAL 15 ML, KOMIX OBH
125013255;Februari 08, 2025;ENTROSTOP HERBAL ANAK, PROMAG SUSPENSI BTL 60 ML, ENTROSTOP 10'S, PROMAG TABLET
125013256;Februari 08, 2025;WOODS COUGH SYR ATT 100ML, WOODS COUGH SYR ATT  60ML, WOODS EXPECTORANT 60 ML, WOODS EXPECTORANT 100 ML, SAKATONIK ABC STRAW 30TAB, SKT ABC CURCUMA MADU
125013282;Februari 08, 2025;CEREBROFORT GOLD STRAWBERY, WOODS EXPECTORANT 60 ML, SAKATONIK ABC ORANGE 30TAB
125013305;Februari 10, 2025;WOODS EXPECTORANT 60 ML, WOODS EXPECTORANT 100 ML, ENTROSTOP 10'S
125013308;Februari 10, 2025;KALPANAX K CREAM 5 GR, SAKATONIK ABC ANTARIKSA 30 TAB, SAKATONIK ABC ANGGUR30TAB
125013316;Februari 10, 2025;KOMIX HERBAL PEPPERMINT, PUYER OSK BT NO.16/BOX
125013365;Februari 10, 2025;KOMIX HERBAL JERUK NIPIS, B7 SLASI JERUK NIPIS 12'S, PROMAG TABLET
125013370;Februari 10, 2025;PROMAG SUSPENSI 10ML/6, PROMAG HERBAL 15 ML, FATIGON SPIRIT BOX 10X6S
125013379;Februari 10, 2025;PROMAG SUSPENSI BTL 60 ML, PROMAG HERBAL 15 ML, WOODS COUGH SYR ATT 100ML, WOODS EXPECTORANT 60 ML, WOODS EXPECTORANT 100 ML, WOODS NATURALS SYR 60 ML, PROMAG TABLET, SKT ABC CURCUMA MADU
125013384;Februari 10, 2025;KALPANAX K CREAM 5 GR, WOODS EXPECTORANT 100 ML, WOODS LOZENGES 6'S
125013385;Februari 10, 2025;WOODS COUGH SYR ATT 100ML, WOODS COUGH SYR ATT  60ML
125013386;Februari 10, 2025;KOMIX HERBAL 15 ML, KOMIX HERBAL ORI PACK, FATIGON SPIRIT BOX 10X6S
125013387;Februari 10, 2025;KALPANAX K CREAM 5 GR, KALPANAX SALEP 6G/12, KALPANAX KRIM 10 GR, PROMAG HERBAL 15 ML, PROMAG TABLET, SAKATONIK ABC STRAW 30TAB, SAKATONIK ABC ORANGE 30TAB, SKT ABC CURCUMA MADU
125013389;Februari 10, 2025;CEREBROFORT GOLD ORANGE 200 ML, CEREBROFORT GOLD STRAWBERY, ENTROSTOP 10'S
125013403;Februari 10, 2025;WOODS COUGH SYR ATT  60ML, WOODS EXPECTORANT 60 ML
125013418;Februari 10, 2025;WOODS EXPECTORANT 100 ML, FATIGON SPIRIT BOX 10X6S
125013424;Februari 10, 2025;KALPANAX K CREAM 5 GR, KALPANAX KRIM 10 GR
125013434;Februari 10, 2025;KALPANAX KRIM 10 GR, PROMAG SUSPENSI 10ML/6, PROMAG TABLET
125013436;Februari 10, 2025;PROMAG TABLET, WOODS LOZENGES 6'S
125013439;Februari 10, 2025;ENTROSTOP 10'S, PROMAG TABLET
125013446;Februari 10, 2025;KALPANAX K CREAM 5 GR, BEJO JAHE MERAH HERBAL 12 SC, KOMIX HERBAL 15 ML, WOODS LOZENGES 6'S
125013447;Februari 10, 2025;KOMIX HERBAL ORI PACK, B7 SLASI JERUK NIPIS 12'S, ENTROSTOP HERBAL ANAK, PROMAG TABLET
125013448;Februari 10, 2025;KALPANAX K CREAM 5 GR, KALPANAX KRIM 10 GR, CEREBROFORT GOLD ORANGE 100 ML, CEREBROFORT GOLD STRAWBERY, SAKATONIK ABC ANGGUR30TAB
125013449;Februari 10, 2025;ENTROSTOP 10'S, PROCOLD FLU PE, PROMAG TABLET
125013456;Februari 10, 2025;MIXAGRIP HERBAL GREGES, EXTRA JOSS ACTIVE 12SCH
125013482;Februari 10, 2025;KOMIX JAHE G-FORMULA BOX, KOMIX J.NIPIS G-FORMULA B, KOMIX PEPP.G-FORMULA BOX, KOMIX OBH PE
125013483;Februari 10, 2025;KALPANAX K CREAM 5 GR, PROMAG SUSPENSI 10ML/6, WOODS EXPECTORANT 60 ML
125013489;Februari 10, 2025;KOMIX OBH PE, WOODS COUGH SYR ATT 100ML, WOODS EXPECTORANT 100 ML
125013492;Februari 10, 2025;ENTROSTOP 10'S, PROMAG TABLET
125013497;Februari 10, 2025;ENTROSTOP 10'S, PROMAG TABLET
125013499;Februari 10, 2025;PROMAG HERBAL 15 ML, PROMAG TABLET
125013502;Februari 10, 2025;PROMAG SUSPENSI BTL 60 ML, WOODS COUGH SYR ATT 100ML, WOODS EXPECTORANT 60 ML
125013517;Februari 10, 2025;BEJO JAHE MERAH HERBAL 6S MT, BEJO JAHE MERAH HERBAL 12 SC, KOMIX HERBAL JERUK NIPIS, KOMIX OBH PE
125013554;Februari 10, 2025;KALPANAX SALEP 6G/12, KOMIX HERBAL JERUK NIPIS, KOMIX HERBAL ORI PACK, PROMAG HERBAL 15 ML
125013561;Februari 10, 2025;BEJO JAHE MERAH HERBAL 12 SC, KOMIX HERBAL 15 ML, MIXAGRIP HERBAL GREGES
125013603;Februari 10, 2025;BEJO JAHE MERAH HERBAL 12 SC, B7 SLASI JERUK NIPIS 12'S
125013609;Februari 10, 2025;KOMIX HERBAL 15 ML, EXTRA JOSS ACTIVE 12SCH, EXTRA JOSS GO RASA ANGGUR, EXTRA JOSS MANGGA LAKI, MIXAGRIP HERBAL GREGES, PROMAG HERBAL 15 ML
125013643;Februari 10, 2025;KOMIX JAHE G-FORMULA BOX, KOMIX KID STRAWBERRY PACK, KOMIX J.NIPIS G-FORMULA B
125013644;Februari 10, 2025;CEREBROFORT GOLD ORANGE 100 ML, CEREBROFORT GOLD ORANGE 200 ML, CEREBROFORT GOLD STRAWBERY, ENTROSTOP HERBAL DEWASA 15 ML, ENTROSTOP HERBAL ANAK, PROMAG SUSPENSI 10ML/6, PROMAG HERBAL 15 ML, WOODS COUGH SYR ATT  60ML, WOODS EXPECTORANT 60 ML, WOODS NATURALS SYR 60 ML, MEXTRIL BATUK-TABLET BOX, PROCOLD FLU BATUK PE, SAKATONIK ABC STRAW 30TAB, SAKATONIK ABC ANGGUR30TAB, SAKATONIK ABC ORANGE 30TAB, WOODS LOZENGES 6'S, XONCE TAB BOX 50'S
125013648;Februari 10, 2025;SAKATONIK ABC ANTARIKSA 30 TAB, SAKATONIK ABC STRAW 30TAB, SAKATONIK ABC ORANGE 30TAB
125013651;Februari 10, 2025;KALPANAX K CREAM 5 GR, KALPANAX SALEP 6G/12, WOODS COUGH SYR ATT 100ML, WOODS COUGH SYR ATT  60ML
125013654;Februari 10, 2025;KOMIX HERBAL ORI PACK, PROMAG TABLET
125013656;Februari 10, 2025;WOODS COUGH SYR ATT 100ML, WOODS COUGH SYR ATT  60ML
125013660;Februari 10, 2025;KALPANAX SALEP 6G/12, WOODS COUGH SYR ATT 100ML
125013662;Februari 10, 2025;WOODS COUGH SYR ATT  60ML, WOODS EXPECTORANT 60 ML, CEREBROFORT MG STRAW SCH, WOODS LOZENGES CHERRY 6'S, WOODS LOZENGES 6'S, WOODS LOZ HONEY LEMON
125013674;Februari 10, 2025;PROMAG SUSPENSI BTL 60 ML, PROMAG TABLET
125013679;Februari 10, 2025;KOMIX JAHE G-FORMULA BOX, KOMIX JAHE G-FORMULA 6'S, KOMIX KID STRAWBERRY PACK, KOMIX J.NIPIS G-FORMULA B, KOMIX KID OBH PE
125013690;Februari 10, 2025;KOMIX OBH PE, KALPANAX SALEP 6G/12, SAKATONIK ABC ANTARIKSA 30 TAB, SAKATONIK ABC ANGGUR30TAB
125013691;Februari 10, 2025;BEJO JAHE MERAH HERBAL 12 SC, WOODS COUGH SYR ATT  60ML, WOODS EXPECTORANT 60 ML, WOODS EXPECTORANT 100 ML, MIXAGRIP FLU KAPLET 25X4
125013693;Februari 10, 2025;KOMIX HERBAL 15 ML, KOMIX HERBAL ORI PACK, WOODS COUGH SYR ATT  60ML
125013703;Februari 10, 2025;WOODS COUGH SYR ATT  60ML, WOODS EXPECTORANT 60 ML
125013708;Februari 10, 2025;KOMIX HERBAL JERUK NIPIS, KOMIX HERBAL ORI PACK, KOMIX OBH PE, PUYER OSK BT NO.16/BOX, WAISAN NEW FORMULA  /LUSIN, CEREBROFORT GOLD ORANGE 100 ML, CEREBROFORT GOLD STRAWBERY, ENTROSTOP HERBAL ANAK, WOODS COUGH SYR ATT  60ML, WOODS EXPECTORANT 60 ML, SAKATONIK ABC ORANGE 30TAB, WOODS LOZENGES 6'S
125013711;Februari 10, 2025;MIXAGRIP HERBAL GREGES, PROMAG HERBAL 15 ML, WOODS LOZENGES 6'S
125013717;Februari 10, 2025;BEJO JAHE MERAH PACK 12SC, KOMIX HERBAL 15 ML, MIXAGRIP HERBAL GREGES
125013725;Februari 10, 2025;BEJO JAHE MERAH HERBAL 12 SC, EXTRA JOSS ACTIVE 12SCH
125013737;Februari 10, 2025;BEJO JAHE MERAH PACK 12SC, BEJO JAHE MERAH HERBAL 12 SC, KOMIX HERBAL 15 ML, MIXAGRIP HERBAL GREGES
125013750;Februari 10, 2025;KOMIX JAHE G-FORMULA BOX, KOMIX JAHE G-FORMULA 6'S, KOMIX J.NIPIS G-FORMULA B, KOMIX HERBAL JERUK NIPIS, KOMIX HERBAL ORI PACK
125013764;Februari 10, 2025;KOMIX HERBAL 15 ML, WOODS COUGH SYR ATT  60ML
125013766;Februari 10, 2025;KOMIX HERBAL 15 ML, PROMAG SUSPENSI BTL 60 ML
125013767;Februari 10, 2025;WOODS EXPECTORANT 60 ML, ENTROSTOP 10'S
125013769;Februari 10, 2025;PUYER OSK BT NO.16/BOX, WAISAN NEW FORMULA  /LUSIN
125013780;Februari 10, 2025;KOMIX HERBAL JERUK NIPIS, KOMIX HERBAL ORI PACK, EXTRA JOSS ACTIVE 12SCH
125013783;Februari 10, 2025;WOODS EXPECTORANT 60 ML, WOODS NATURALS SYR 60 ML, FATIGON KAPLET 10X6S, FATIGON SPIRIT BOX 10X6S
125013785;Februari 10, 2025;PROMAG HERBAL 15 ML, PROMAG TABLET
125013797;Februari 10, 2025;CEREBROFORT MG STRAW SCH, SAKATONIK ABC STRAW 30TAB
125013804;Februari 10, 2025;PROMAG SUSPENSI BTL 60 ML, PROMAG SUSPENSI 10ML/6, PUYER OSK BT NO.16/BOX
125013805;Februari 10, 2025;KALPANAX K CREAM 5 GR, KALPANAX KRIM 10 GR, CEREBROFORT GOLD ORANGE 100 ML
125013807;Februari 11, 2025;KALPANAX SALEP 6G/12, SAKATONIK ABC ANTARIKSA 30 TAB, SAKATONIK ABC STRAW 30TAB, SAKATONIK ABC ANGGUR30TAB, SKT ABC CURCUMA MADU
125013808;Februari 11, 2025;BEJO JAHE MERAH HERBAL 12 SC, WOODS EXPECTORANT 60 ML
125013809;Februari 11, 2025;BEJO JAHE MERAH HERBAL 12 SC, KOMIX HERBAL 15 ML, MIXAGRIP HERBAL GREGES, PROMAG HERBAL 15 ML, WOODS LOZENGES 6'S
125013810;Februari 11, 2025;KOMIX HERBAL 15 ML, WOODS EXPECTORANT 60 ML
125013822;Februari 11, 2025;BEJO JAHE MERAH HERBAL 12 SC, KOMIX HERBAL 15 ML, EXTRA JOSS ACTIVE 12SCH, SAKATONIK ABC ANTARIKSA 30 TAB, SAKATONIK ABC STRAW 30TAB, SAKATONIK ABC ANGGUR30TAB, SAKATONIK ABC ORANGE 30TAB
125013840;Februari 11, 2025;SAKATONIK ABC ANTARIKSA 30 TAB, SAKATONIK ABC STRAW 30TAB, SAKATONIK ABC ANGGUR30TAB
125013851;Februari 11, 2025;WOODS COUGH SYR ATT  60ML, WOODS LOZENGES CHERRY 6'S, WOODS LOZENGES LEMON VITAMIN C
125013863;Februari 11, 2025;BEJO JAHE MERAH HERBAL 12 SC, KOMIX HERBAL 15 ML, MIXAGRIP HERBAL GREGES, PROMAG HERBAL 15 ML, WOODS LOZENGES 6'S
125013876;Februari 11, 2025;ENTROSTOP HERBAL ANAK, PROMAG TABLET
125013878;Februari 11, 2025;WOODS EXPECTORANT 60 ML, MIXAGRIP FLU KAPLET 25X4
125013879;Februari 11, 2025;PROMAG SUSPENSI 10ML/6, PROMAG HERBAL 15 ML, PROMAG TABLET
125013882;Februari 11, 2025;SKT ACTIV SIRUP 300 ML, WOODS LOZENGES 6'S, WOODS LOZ HONEY LEMON
125013883;Februari 11, 2025;BEJO JAHE MERAH HERBAL 12 SC, KALPANAX SALEP 6G/12, ENTROSTOP HERBAL ANAK, SKT ACTIV SIRUP 100 ML, ENTROSTOP 10'S, SAKATONIK ABC STRAW 30TAB, SAKATONIK ABC ANGGUR30TAB
125013885;Februari 11, 2025;PUYER OSK BT NO.16/BOX, PROCOLD FLU PE
125013886;Februari 11, 2025;BEJO ANAK JAHE MERAH 5S, BEJO JAHE MERAH HERBAL 12 SC, KOMIX HERBAL JERUK NIPIS, KOMIX HERBAL 15 ML, KOMIX HERBAL ORI PACK, KOMIX HERBAL PEPPERMINT, B7 SLASI JERUK NIPIS 12'S, EXTRA JOSS MANGGA LAKI
125013902;Februari 11, 2025;WOODS COUGH SYR ATT  60ML, WOODS EXPECTORANT 60 ML, WOODS LOZENGES 6'S
125013905;Februari 11, 2025;SAKATONIK ABC STRAW 30TAB, SAKATONIK ABC ANGGUR30TAB
125013910;Februari 11, 2025;KOMIX HERBAL ORI PACK, KALPANAX K CREAM 5 GR, KALPANAX SALEP 6G/12, PROMAG SUSPENSI BTL 60 ML, SKT ACTIV SIRUP 100 ML, WOODS COUGH SYR ATT  60ML, WOODS EXPECTORANT 60 ML, PROCOLD FLU PE, PROMAG TABLET, SKT ABC CURCUMA MADU, WOODS LOZENGES CHERRY 6'S, WOODS LOZ HONEY LEMON
125013913;Februari 11, 2025;KALPANAX K CREAM 5 GR, CEREBROFORT GOLD ORANGE 200 ML, CEREBROFORT GOLD STRAWBERY, WOODS COUGH SYR ATT  60ML, CEREBROFORT MG STRAW SCH, ENTROSTOP 10'S, SAKATONIK ABC STRAW 30TAB, SKT ABC CURCUMA MADU
125013936;Februari 11, 2025;KOMIX JAHE G-FORMULA 6'S, MIXAGRIP FLU &BATUK PE
125013964;Februari 11, 2025;KOMIX JAHE G-FORMULA 6'S, KOMIX J.NIPIS G-FORMULA B, KOMIX OBH PE, PUYER OSK BT NO.16/BOX, WAISAN NEW FORMULA  /LUSIN
125013979;Februari 11, 2025;BEJO JAHE MERAH HERBAL 12 SC, KOMIX HERBAL 15 ML, CEREBROFORT M.G. AGGR SCH, CEREBROFORT MG MGA SCH, CEREBROFORT MG JRK SCH, CEREBROFORT MG STRAW SCH, SAKATONIK ABC ANTARIKSA 30 TAB, SAKATONIK ABC STRAW 30TAB, SAKATONIK ABC ANGGUR30TAB, SKT ABC CURCUMA MADU
125013985;Februari 11, 2025;KALPANAX K CREAM 5 GR, SKT ACTIV SIRUP 100 ML, SKT ACTIV SIRUP 300 ML, ENTROSTOP 10'S, PROMAG TABLET, SAKATONIK ABC STRAW 30TAB, SAKATONIK ABC ANGGUR30TAB, XONCE TAB BOX 50'S
125013987;Februari 11, 2025;WOODS COUGH SYR ATT  60ML, WOODS EXPECTORANT 60 ML
125013991;Februari 11, 2025;KOMIX KID STRAWBERRY PACK, KOMIX HERBAL JERUK NIPIS, KOMIX HERBAL ORI PACK, KOMIX HERBAL PEPPERMINT, KOMIX KID OBH PE, SKT ACTIV SIRUP 100 ML, SKT ACTIV SIRUP 300 ML, PUYER OSK BT NO.16/BOX, FATIGON KAPLET 10X6S, WOODS LOZ HONEY LEMON, XONCE TAB BOX 50'S
125013992;Februari 11, 2025;BEJO JAHE MERAH HERBAL 12 SC, KOMIX HERBAL 15 ML, MIXAGRIP HERBAL GREGES, PROMAG HERBAL 15 ML, WOODS LOZENGES 6'S
125014003;Februari 11, 2025;BEJO JAHE MERAH HERBAL 12 SC, KOMIX HERBAL JERUK NIPIS, KOMIX HERBAL 15 ML, KOMIX HERBAL ORI PACK
125014006;Februari 11, 2025;EJ SPORT GEL ORANGE 5 TB, EXTRA JOSS SPORT 5 TB
125014023;Februari 11, 2025;SAKATONIK ABC ANTARIKSA 30 TAB, SAKATONIK ABC STRAW 30TAB, SAKATONIK ABC ANGGUR30TAB
125014024;Februari 11, 2025;KOMIX HERBAL JERUK NIPIS, KOMIX HERBAL ORI PACK, KOMIX HERBAL PEPPERMINT
125014026;Februari 11, 2025;BEJO JAHE MERAH HERBAL 12 SC, KOMIX OBH PE, KALPANAX K CREAM 5 GR, KALPANAX SALEP 6G/12, ENTROSTOP 10'S
125014030;Februari 11, 2025;PROMAG HERBAL 15 ML, PROMAG TABLET
125014035;Februari 11, 2025;CEREBROFORT GOLD ORANGE 200 ML, CEREBROFORT GOLD STRAWBERY, SAKATONIK ABC STRAW 30TAB, SAKATONIK ABC ANGGUR30TAB, SKT ABC CURCUMA MADU
125014082;Februari 11, 2025;KALPANAX K CREAM 5 GR, ENTROSTOP 10'S, PROMAG TABLET
125014084;Februari 11, 2025;KOMIX HERBAL JERUK NIPIS, KOMIX HERBAL ORI PACK, KOMIX HERBAL PEPPERMINT, KOMIX OBH PE
125014085;Februari 11, 2025;CEREBROFORT M.G. AGGR SCH, CEREBROFORT MG JRK SCH, CEREBROFORT MG STRAW SCH
125014100;Februari 11, 2025;KOMIX OBH PE, PUYER OSK BT NO.16/BOX
125014102;Februari 11, 2025;ENTROSTOP 10'S, PROMAG TABLET
125014104;Februari 11, 2025;PROMAG HERBAL 15 ML, ENTROSTOP 10'S, PROMAG TABLET
125014105;Februari 11, 2025;SAKATONIK ABC STRAW 30TAB, SAKATONIK ABC ANGGUR30TAB, SKT ABC CURCUMA MADU
125014106;Februari 11, 2025;KALPANAX K CREAM 5 GR, WOODS EXPECTORANT 60 ML
125014181;Februari 11, 2025;MIXAGRIP HERBAL GREGES, EXTRA JOSS ACTIVE 12SCH
125014182;Februari 11, 2025;KOMIX HERBAL 15 ML, MIXAGRIP HERBAL GREGES
125014183;Februari 11, 2025;MIXAGRIP HERBAL GREGES, PROMAG HERBAL 15 ML
125014198;Februari 11, 2025;PROMAG HERBAL 15 ML, WOODS LOZENGES 6'S, WOODS LOZENGES LEMON VITAMIN C
125014209;Februari 11, 2025;KOMIX HERBAL 15 ML, KOMIX HERBAL ORI PACK
125014212;Februari 11, 2025;KOMIX HERBAL 15 ML, MIXAGRIP HERBAL GREGES, PROMAG HERBAL 15 ML
125014226;Februari 11, 2025;KOMIX HERBAL 15 ML, ENTROSTOP 10'S
125014228;Februari 11, 2025;CEREBROFORT GOLD STRAWBERY, MIXAGRIP HERBAL GREGES, BEJO JAHE MERAH HERBAL 6S MT, KOMIX HERBAL JERUK NIPIS, KOMIX HERBAL 15 ML, KOMIX HERBAL ORI PACK, KOMIX HERBAL PEPPERMINT
125014230;Februari 11, 2025;PROMAG TABLET, FATIGON KAPLET 10X6S, FATIGON SPIRIT BOX 10X6S
125014234;Februari 11, 2025;KOMIX HERBAL JERUK NIPIS, KOMIX HERBAL 15 ML, MIXAGRIP HERBAL GREGES, PROMAG HERBAL 15 ML, SKT ABC CURCUMA MADU
125014235;Februari 11, 2025;ENTROSTOP HERBAL ANAK, MIXAGRIP HERBAL GREGES, PROMAG HERBAL 15 ML
125014256;Februari 11, 2025;KOMIX HERBAL JERUK NIPIS, KOMIX HERBAL ORI PACK, KOMIX HERBAL PEPPERMINT, B7 SLASI JERUK NIPIS 12'S, EXTRA JOSS ACTIVE 12SCH
125014267;Februari 11, 2025;PROMAG TABLET, SAKATONIK ABC STRAW 30TAB
125014282;Februari 11, 2025;KOMIX HERBAL 15 ML, MIXAGRIP HERBAL GREGES
125014286;Februari 11, 2025;CEREBROFORT GOLD STRAWBERY, FATIGON KAPLET 10X6S, SAKATONIK ABC ANTARIKSA 30 TAB
125014325;Februari 11, 2025;EXTRA JOSS SPORT GEL 2 TB, EXTRA JOSS ACTIVE 6 SCH
125014328;Februari 11, 2025;WOODS EXPECTORANT 60 ML, ENTROSTOP 10'S, PROMAG TABLET
125014332;Februari 11, 2025;PROMAG HERBAL 15 ML, WOODS NATURALS SYR 60 ML, CEREBROFORT M.G. AGGR SCH, SKT ABC CURCUMA MADU
125014352;Februari 12, 2025;KOMIX HERBAL 15 ML, MIXAGRIP HERBAL GREGES, SAKATONIK ABC ANTARIKSA 30 TAB, SAKATONIK ABC ORANGE 30TAB
125014355;Februari 12, 2025;KALPANAX SALEP 6G/12, MIXAGRIP HERBAL GREGES, SAKATONIK ABC ANTARIKSA 30 TAB, SAKATONIK ABC STRAW 30TAB, SAKATONIK ABC ORANGE 30TAB
125014368;Februari 12, 2025;KALPANAX K CREAM 5 GR, BEJO JAHE MERAH HERBAL 12 SC, CEREBROFORT GOLD ORANGE 200 ML, CEREBROFORT GOLD STRAWBERY, ENTROSTOP HERBAL ANAK, KOMIX HERBAL 15 ML, MIXAGRIP HERBAL GREGES, FATIGON SPIRIT BOX 10X6S, MIXAGRIP FLU &BATUK PE
125014369;Februari 12, 2025;EJ SPORT GEL ORANGE 5 TB, EXTRA JOSS SPORT 5 TB
125014376;Februari 12, 2025;KOMIX HERBAL 15 ML, PUYER OSK BT NO.16/BOX
125014377;Februari 12, 2025;KOMIX HERBAL 15 ML, WAISAN NEW FORMULA  /LUSIN, KALPANAX K CREAM 5 GR, KALPANAX KRIM 10 GR
125014394;Februari 12, 2025;KOMIX HERBAL JERUK NIPIS, KOMIX HERBAL 15 ML, KOMIX HERBAL PEPPERMINT, MIXAGRIP HERBAL GREGES, PROMAG HERBAL 15 ML, SKT ACTIV SIRUP 100 ML, SKT ACTIV SIRUP 300 ML, WOODS NATURALS SYR 60 ML, SAKATONIK ACTIV MULTIVIT ZAT BESI - KAPLET 6S, WOODS LOZENGES CHERRY 6'S, WOODS LOZENGES 6'S, XONCE TAB BOX 50'S
125014425;Februari 12, 2025;KOMIX HERBAL 15 ML, EXTRA JOSS ACTIVE 12SCH, CEREBROFORT GOLD STRAWBERY, MIXAGRIP HERBAL GREGES, CEREBROFORT M.G. AGGR SCH, CEREBROFORT MG MGA SCH, CEREBROFORT MG JRK SCH, CEREBROFORT MG STRAW SCH
125014435;Februari 12, 2025;PUYER OSK BT NO.16/BOX, CEREBROFORT GOLD ORANGE 200 ML, CEREBROFORT GOLD STRAWBERY
125014436;Februari 12, 2025;SKT ACTIV SIRUP 100 ML, CEREBROFORT M.G. AGGR SCH, CEREBROFORT MG MGA SCH, CEREBROFORT MG STRAW SCH
125014437;Februari 12, 2025;KOMIX OBH PE, SAKATONIK ABC ANTARIKSA 30 TAB
125014442;Februari 12, 2025;KALPANAX K CREAM 5 GR, KALPANAX SALEP 6G/12, WOODS COUGH SYR ATT  60ML, WOODS EXPECTORANT 60 ML
125014472;Februari 12, 2025;KOMIX HERBAL 15 ML, MIXAGRIP HERBAL GREGES
125014478;Februari 12, 2025;KOMIX HERBAL ORI PACK, EXTRA JOSS ACTIVE 12SCH
125014485;Februari 12, 2025;KOMIX HERBAL 15 ML, MIXAGRIP HERBAL GREGES
125014488;Februari 12, 2025;KOMIX JAHE G-FORMULA BOX, KOMIX J.NIPIS G-FORMULA B, KOMIX HERBAL JERUK NIPIS, KOMIX HERBAL ORI PACK, WAISAN NEW FORMULA  /LUSIN
125014489;Februari 12, 2025;BEJO JAHE MERAH HERBAL 6S MT, KOMIX HERBAL 15 ML, KOMIX HERBAL ORI PACK, KOMIX HERBAL PEPPERMINT
125014491;Februari 12, 2025;BEJO ANAK JAHE MERAH 5S, KOMIX HERBAL ORI PACK, KALPANAX K CREAM 5 GR, KALPANAX SALEP 6G/12, PROMAG SUSPENSI 10ML/6, PROMAG HERBAL 15 ML, WOODS NATURALS SYR 60 ML, PROMAG TABLET
125014496;Februari 12, 2025;PROMAG SUSPENSI BTL 60 ML, PROMAG TABLET
125014498;Februari 12, 2025;PROMAG HERBAL 15 ML, PROMAG TABLET
125014499;Februari 12, 2025;KALPANAX SALEP 6G/12, KALPANAX KRIM 10 GR
125014511;Februari 12, 2025;PROMAG SUSPENSI BTL 60 ML, PROMAG SUSPENSI 10ML/6, PROMAG HERBAL 15 ML, FATIGON SPIRIT BOX 10X6S, ENTROSTOP 10'S, PROCOLD FLU PE, PROMAG TABLET
125014513;Februari 12, 2025;BEJO ANAK JAHE MERAH 5S, BEJO JAHE MERAH HERBAL 6S MT, CEREBROFORT GOLD ORANGE 200 ML, PROMAG SUSPENSI BTL 60 ML, PROMAG SUSPENSI 10ML/6, ENTROSTOP 10'S, PROMAG TABLET, SKT ACTIV SIRUP 100 ML, WOODS COUGH SYR ATT  60ML, WOODS EXPECTORANT 60 ML
125014523;Februari 12, 2025;WOODS EXPECTORANT 60 ML, PROMAG TABLET
125014530;Februari 12, 2025;KALPANAX SALEP 6G/12, PROMAG TABLET, FATIGON SPIRIT BOX 10X6S
125014542;Februari 12, 2025;H2 HEMORID 36 KAPS, SKT ACTIV SIRUP 100 ML, WOODS EXPECTORANT 60 ML
125014558;Februari 12, 2025;KOMIX HERBAL 15 ML, MIXAGRIP HERBAL GREGES
125014574;Februari 12, 2025;KOMIX HERBAL 15 ML, PUYER OSK BT NO.16/BOX, CEREBROFORT GOLD ORANGE 200 ML
125014576;Februari 12, 2025;WOODS COUGH SYR ATT  60ML, WOODS EXPECTORANT 60 ML
125014599;Februari 12, 2025;WOODS COUGH SYR ATT  60ML, WOODS EXPECTORANT 60 ML
125014610;Februari 12, 2025;KALPANAX SALEP 6G/12, SAKATONIK ACTIV MULTIVIT ZAT BESI - KAPLET 6S
125014613;Februari 12, 2025;EXTRA JOSS ACTIVE 12SCH, MIXAGRIP HERBAL GREGES
125014614;Februari 12, 2025;EXTRA JOSS ACTIVE 12SCH, MIXAGRIP HERBAL GREGES, CEREBROFORT MG STRAW SCH
125014642;Februari 12, 2025;SAKATONIK ABC ANTARIKSA 30 TAB, SAKATONIK ABC ORANGE 30TAB, SKT ABC CURCUMA MADU
125014664;Februari 12, 2025;PUYER OSK BT NO.16/BOX, PROCOLD FLU PE
125014689;Februari 12, 2025;EXTRA JOSS ACTIVE 12SCH, EXTRA JOSS GO RASA ANGGUR, EXTRA JOSS MANGGA LAKI, CEREBROFORT GOLD ORANGE 200 ML, CEREBROFORT GOLD STRAWBERY, PROMAG HERBAL 15 ML, WOODS LOZENGES CHERRY 6'S, WOODS LOZENGES 6'S, WOODS LOZ HONEY LEMON
125014712;Februari 12, 2025;KOMIX JAHE G-FORMULA 6'S, KOMIX J.NIPIS G-FORMULA B, KOMIX OBH PE, WOODS COUGH SYR ATT 100ML, WOODS COUGH SYR ATT  60ML, WOODS EXPECTORANT 60 ML, PROMAG TABLET, SAKATONIK ABC ANTARIKSA 30 TAB, SAKATONIK ABC ORANGE 30TAB
125014714;Februari 12, 2025;KOMIX HERBAL 15 ML, KOMIX HERBAL ORI PACK, EXTRA JOSS ACTIVE 12SCH, FATIGON SPIRIT BOX 10X6S
125014716;Februari 12, 2025;KOMIX HERBAL 15 ML, MIXAGRIP HERBAL GREGES
125014734;Februari 12, 2025;CEREBROFORT GOLD STRAWBERY, KOMIX HERBAL 15 ML, PUYER OSK BT NO.16/BOX, WAISAN NEW FORMULA  /LUSIN, WOODS COUGH SYR ATT  60ML, WOODS EXPECTORANT 60 ML
125014742;Februari 12, 2025;ENTROSTOP HERBAL ANAK, PROMAG HERBAL 15 ML, SKT ACTIV SIRUP 100 ML, ENTROSTOP 10'S, PROMAG TABLET, SAKATONIK ABC ORANGE 30TAB
125014754;Februari 12, 2025;KOMIX HERBAL 15 ML, PROMAG SUSPENSI 10ML/6, PROMAG HERBAL 15 ML
125014759;Februari 12, 2025;KOMIX HERBAL 15 ML, MIXAGRIP HERBAL GREGES, PROMAG HERBAL 15 ML, WOODS LOZENGES 6'S
125014760;Februari 12, 2025;KOMIX HERBAL 15 ML, MIXAGRIP HERBAL GREGES, PROMAG HERBAL 15 ML, FATIGON SPIRIT BOX 10X6S
125014776;Februari 12, 2025;KOMIX HERBAL ORI PACK, KOMIX HERBAL PEPPERMINT, KOMIX OBH PE, PROMAG TABLET
125014778;Februari 12, 2025;WOODS LOZENGES CHERRY 6'S, WOODS LOZENGES 6'S
125014803;Februari 12, 2025;KALPANAX K CREAM 5 GR, KALPANAX KRIM 10 GR
125014813;Februari 12, 2025;CEREBROFORT GOLD STRAWBERY, KOMIX HERBAL 15 ML, WOODS COUGH SYR ATT  60ML, WOODS EXPECTORANT 60 ML, PUYER OSK BT NO.16/BOX, WAISAN NEW FORMULA  /LUSIN
125014814;Februari 12, 2025;KOMIX HERBAL 15 ML, MIXAGRIP HERBAL GREGES, PROMAG HERBAL 15 ML, CEREBROFORT M.G. TROPICAL FRUIT, SKT ABC CURCUMA MADU
125014821;Februari 12, 2025;KOMIX HERBAL 15 ML, MIXAGRIP HERBAL GREGES, SKT ACTIV SIRUP 300 ML, SAKATONIK ABC ANTARIKSA 30 TAB, SAKATONIK ABC ORANGE 30TAB, WOODS LOZ HONEY LEMON
125014845;Februari 12, 2025;KOMIX HERBAL 15 ML, MIXAGRIP HERBAL GREGES, PROMAG HERBAL 15 ML, WOODS LOZENGES 6'S
125014867;Februari 13, 2025;KOMIX HERBAL 15 ML, MIXAGRIP HERBAL GREGES, PROMAG HERBAL 15 ML
125014873;Februari 13, 2025;SKT ACTIV SIRUP 100 ML, SKT ACTIV SIRUP 300 ML, MIXAGRIP FLU KAPLET 25X4
125014897;Februari 13, 2025;EXTRA JOSS ACTIVE 12SCH, ENTROSTOP HERBAL ANAK
125014898;Februari 13, 2025;BEJO ANAK JAHE MERAH 5S, KOMIX HERBAL 15 ML, MIXAGRIP HERBAL GREGES, PROMAG HERBAL 15 ML, WOODS LOZENGES 6'S
125014899;Februari 13, 2025;KOMIX HERBAL ORI PACK, EXTRA JOSS ACTIVE 12SCH, CEREBROFORT M.G. AGGR SCH, CEREBROFORT MG STRAW SCH
125014900;Februari 13, 2025;KOMIX HERBAL 15 ML, KOMIX HERBAL ORI PACK, EXTRA JOSS ACTIVE 12SCH, MIXAGRIP HERBAL GREGES
125014906;Februari 13, 2025;PROMAG SUSPENSI 10ML/6, PROMAG TABLET
125014918;Februari 13, 2025;PROMAG SUSPENSI 10ML/6, ENTROSTOP 10'S
125014922;Februari 13, 2025;KOMIX KID STRAWBERRY PACK, KOMIX J.NIPIS G-FORMULA B, KOMIX KID OBH PE, MIXAGRIP HERBAL GREGES, FATIGON SPIRIT BOX 10X6S
125014924;Februari 13, 2025;KOMIX HERBAL 15 ML, MIXAGRIP HERBAL GREGES
125014931;Februari 13, 2025;KOMIX HERBAL 15 ML, MIXAGRIP HERBAL GREGES, PROMAG HERBAL 15 ML, CEREBROFORT MG MGA SCH
125014932;Februari 13, 2025;MIXAGRIP HERBAL GREGES, PROMAG HERBAL 15 ML
125014933;Februari 13, 2025;KOMIX HERBAL 15 ML, MIXAGRIP HERBAL GREGES, PROMAG HERBAL 15 ML
125014934;Februari 13, 2025;KOMIX HERBAL 15 ML, CEREBROFORT MG MGA SCH, WOODS LOZENGES 6'S
125014940;Februari 13, 2025;KOMIX OBH PE, B7 SLASI JERUK NIPIS 12'S, PUYER OSK BT NO.16/BOX, WAISAN NEW FORMULA  /LUSIN
125014941;Februari 13, 2025;KALPANAX K CREAM 5 GR, KOMIX JAHE G-FORMULA BOX, KOMIX J.NIPIS G-FORMULA B, PROMAG SUSPENSI 10ML/6, WOODS COUGH SYR ATT  60ML, WOODS EXPECTORANT 60 ML, PUYER OSK BT NO.16/BOX
125014971;Februari 13, 2025;KOMIX JAHE G-FORMULA BOX, KOMIX J.NIPIS G-FORMULA B, KOMIX OBH PE
125014975;Februari 13, 2025;KOMIX HERBAL PEPPERMINT, WOODS COUGH SYR ATT 100ML, WOODS COUGH SYR ATT  60ML, WOODS EXPECTORANT 60 ML, WOODS EXPECTORANT 100 ML, SAKATONIK ABC ANTARIKSA 30 TAB, SAKATONIK ABC STRAW 30TAB, SKT ABC CURCUMA MADU
125014988;Februari 13, 2025;PUYER OSK BT NO.16/BOX, ENTROSTOP 10'S
125014990;Februari 13, 2025;KOMIX OBH PE, WAISAN NEW FORMULA  /LUSIN
125014991;Februari 13, 2025;KOMIX HERBAL 15 ML, KALPANAX K CREAM 5 GR, KALPANAX SALEP 6G/12, SKT ACTIV SIRUP 100 ML, WOODS COUGH SYR ATT  60ML, SAKATONIK ABC ANGGUR30TAB, SAKATONIK ABC ORANGE 30TAB, SKT ABC CURCUMA MADU
125015003;Februari 13, 2025;MIXAGRIP FLU &BATUK PE, PROCOLD FLU BATUK PE
125015012;Februari 13, 2025;KOMIX HERBAL 15 ML, EXTRA JOSS ACTIVE 12SCH
125015015;Februari 13, 2025;EJ SPORT GEL ORANGE 5 TB, EXTRA JOSS SPORT 5 TB
125015019;Februari 13, 2025;PROMAG HERBAL 15 ML, WOODS EXPECTORANT 60 ML
125015020;Februari 13, 2025;KOMIX OBH PE, PROMAG HERBAL 15 ML, ENTROSTOP 10'S, WOODS LOZENGES 6'S
125015026;Februari 13, 2025;CEREBROFORT M.G. AGGR SCH, CEREBROFORT MG STRAW SCH, PROCOLD FLU PE, PROMAG TABLET
125015027;Februari 13, 2025;KALPANAX K CREAM 5 GR, PROMAG HERBAL 15 ML
125015072;Februari 13, 2025;KOMIX HERBAL ORI PACK, KOMIX HERBAL PEPPERMINT, WOODS LOZENGES 6'S
125015079;Februari 13, 2025;KOMIX HERBAL ORI PACK, WOODS COUGH SYR ATT  60ML, SAKATONIK ABC ANTARIKSA 30 TAB
125015081;Februari 13, 2025;BEJO JAHE MERAH HERBAL 6S MT, KOMIX HERBAL ORI PACK, KOMIX HERBAL PEPPERMINT, PROMAG TABLET
125015082;Februari 13, 2025;PROMAG SUSPENSI BTL 60 ML, WOODS COUGH SYR ATT  60ML, WOODS EXPECTORANT 60 ML, ENTROSTOP 10'S, WOODS LOZENGES 6'S
125015088;Februari 13, 2025;B7 SLASI JERUK NIPIS 12'S, WOODS LOZENGES ORANGE VITAMIN C
125015089;Februari 13, 2025;EXTRA JOSS ACTIVE 12SCH, MIXAGRIP HERBAL GREGES
125015092;Februari 13, 2025;MIXAGRIP HERBAL GREGES, EXTRA JOSS ACTIVE 12SCH
125015099;Februari 13, 2025;SAKATONIK ABC ANTARIKSA 30 TAB, SAKATONIK ABC ANGGUR30TAB, SAKATONIK ABC ORANGE 30TAB, SKT ABC CURCUMA MADU
125015103;Februari 13, 2025;PROCOLD FLU PE, SAKATONIK ABC ANTARIKSA 30 TAB, SAKATONIK ABC STRAW 30TAB, SAKATONIK ABC ANGGUR30TAB
125015107;Februari 13, 2025;CEREBROFORT GOLD ORANGE 100 ML, CEREBROFORT GOLD ORANGE 200 ML, CEREBROFORT GOLD STRAWBERY, FATIGON SPIRIT BOX 10X6S, PROMAG TABLET, SAKATONIK ABC STRAW 30TAB, SAKATONIK ABC ANGGUR30TAB, SAKATONIK ABC ORANGE 30TAB
125015111;Februari 13, 2025;KALPANAX SALEP 6G/12, PROMAG HERBAL 15 ML, CEREBROFORT M.G. AGGR SCH, CEREBROFORT MG STRAW SCH, FATIGON SPIRIT BOX 10X6S, SAKATONIK ABC ANTARIKSA 30 TAB, XONCE TAB BOX 50'S
125015124;Februari 13, 2025;EXTRA JOSS SPORT GEL 2 TB, KOMIX HERBAL ORI PACK
125015125;Februari 13, 2025;WOODS COUGH SYR ATT  60ML, PROCOLD FLU BATUK PE
125015127;Februari 13, 2025;ENTROSTOP 10'S, PROMAG TABLET
125015137;Februari 13, 2025;KOMIX HERBAL ORI PACK, KOMIX HERBAL PEPPERMINT, FATIGON SPIRIT BOX 10X6S
125015138;Februari 13, 2025;PUYER OSK BT NO.16/BOX, KALPANAX K CREAM 5 GR
125015151;Februari 13, 2025;KOMIX HERBAL 15 ML, MIXAGRIP HERBAL GREGES, PROMAG HERBAL 15 ML, WOODS LOZENGES 6'S
125015157;Februari 13, 2025;CEREBROFORT GOLD STRAWBERY, CEREBROFORT M.G. AGGR SCH, CEREBROFORT MG MGA SCH, CEREBROFORT MG JRK SCH, CEREBROFORT MG STRAW SCH
125015159;Februari 13, 2025;SAKATONIK ABC ANTARIKSA 30 TAB, SAKATONIK ABC ANGGUR30TAB
125015161;Februari 13, 2025;EXTRA JOSS ACTIVE 12SCH, EXTRA JOSS GO RASA ANGGUR, EXTRA JOSS MANGGA LAKI, PROMAG HERBAL 15 ML
125015164;Februari 13, 2025;KOMIX JAHE G-FORMULA BOX, KOMIX KID STRAWBERRY PACK, KOMIX J.NIPIS G-FORMULA B, KOMIX KID OBH PE
125015180;Februari 13, 2025;EXTRA JOSS ACTIVE 12SCH, EXTRA JOSS MANGGA LAKI
125015194;Februari 13, 2025;SAKATONIK ABC ANTARIKSA 30 TAB, SAKATONIK ABC STRAW 30TAB
125015215;Februari 13, 2025;KOMIX HERBAL 15 ML, KALPANAX K CREAM 5 GR, FATIGON SPIRIT BOX 10X6S, PROMAG TABLET
125015229;Februari 13, 2025;KOMIX HERBAL 15 ML, MIXAGRIP HERBAL GREGES, PROMAG HERBAL 15 ML, CEREBROFORT M.G. AGGR SCH, CEREBROFORT MG MGA SCH, CEREBROFORT MG JRK SCH, CEREBROFORT MG STRAW SCH
125015238;Februari 13, 2025;KOMIX KID STRAWBERRY PACK, MIXAGRIP HERBAL GREGES, PROMAG SUSPENSI 10ML/6, WOODS EXPECTORANT 100 ML, PROMAG TABLET
125015241;Februari 13, 2025;KOMIX HERBAL ORI PACK, KOMIX HERBAL PEPPERMINT
125015249;Februari 13, 2025;KOMIX HERBAL 15 ML, ENTROSTOP HERBAL ANAK, MIXAGRIP HERBAL GREGES, PROMAG HERBAL 15 ML
125015250;Februari 13, 2025;KOMIX HERBAL 15 ML, MIXAGRIP HERBAL GREGES
125015251;Februari 13, 2025;CEREBROFORT GOLD ORANGE 100 ML, CEREBROFORT GOLD STRAWBERY, KOMIX HERBAL 15 ML, WOODS COUGH SYR ATT  60ML, WOODS EXPECTORANT 60 ML, PUYER OSK BT NO.16/BOX, WAISAN NEW FORMULA  /LUSIN
125015252;Februari 13, 2025;CEREBROFORT GOLD STRAWBERY, KOMIX HERBAL 15 ML, WOODS COUGH SYR ATT  60ML, WOODS EXPECTORANT 60 ML, PUYER OSK BT NO.16/BOX, WAISAN NEW FORMULA  /LUSIN, CEREBROFORT GOLD ORANGE 100 ML
125015253;Februari 13, 2025;CEREBROFORT GOLD ORANGE 100 ML, CEREBROFORT GOLD STRAWBERY, KOMIX HERBAL 15 ML, WOODS COUGH SYR ATT  60ML, WOODS EXPECTORANT 60 ML, PUYER OSK BT NO.16/BOX, WAISAN NEW FORMULA  /LUSIN
125015256;Februari 13, 2025;KOMIX HERBAL 15 ML, MIXAGRIP HERBAL GREGES, PROMAG HERBAL 15 ML, SAKATONIK ABC ANGGUR30TAB
125015257;Februari 13, 2025;MIXAGRIP HERBAL GREGES, PROMAG HERBAL 15 ML
125015258;Februari 13, 2025;KOMIX HERBAL 15 ML, MIXAGRIP HERBAL GREGES, PROMAG HERBAL 15 ML
125015265;Februari 13, 2025;CEREBROFORT GOLD ORANGE 100 ML, CEREBROFORT GOLD STRAWBERY, CEREBROFORT M.G. AGGR SCH, CEREBROFORT MG MGA SCH, CEREBROFORT MG JRK SCH, CEREBROFORT MG STRAW SCH
125015316;Februari 13, 2025;KOMIX HERBAL 15 ML, KOMIX HERBAL PEPPERMINT, KOMIX OBH PE, PROMAG SUSPENSI BTL 60 ML, PROMAG SUSPENSI 10ML/6, PROMAG HERBAL 15 ML, WOODS COUGH SYR ATT 100ML
125015318;Februari 13, 2025;KOMIX HERBAL ORI PACK, B7 SLASI JERUK NIPIS 12'S, EXTRA JOSS ACTIVE 12SCH, MIXAGRIP HERBAL GREGES, FATIGON SPIRIT BOX 10X6S
125015336;Februari 13, 2025;KOMIX HERBAL 15 ML, MIXAGRIP HERBAL GREGES, PROMAG HERBAL 15 ML
125015350;Februari 13, 2025;KOMIX JAHE G-FORMULA BOX, KOMIX HERBAL ORI PACK
125015355;Februari 13, 2025;CEREBROFORT GOLD STRAWBERY, KOMIX HERBAL 15 ML, WOODS EXPECTORANT 60 ML, WAISAN NEW FORMULA  /LUSIN
125015357;Februari 13, 2025;CEREBROFORT GOLD ORANGE 100 ML, CEREBROFORT GOLD STRAWBERY, KOMIX HERBAL 15 ML, WOODS COUGH SYR ATT  60ML, WOODS EXPECTORANT 60 ML, PUYER OSK BT NO.16/BOX, WAISAN NEW FORMULA  /LUSIN
125015359;Februari 13, 2025;CEREBROFORT GOLD ORANGE 100 ML, CEREBROFORT GOLD STRAWBERY, KOMIX HERBAL 15 ML, WOODS COUGH SYR ATT  60ML, WOODS EXPECTORANT 60 ML, PUYER OSK BT NO.16/BOX, WAISAN NEW FORMULA  /LUSIN
125015360;Februari 13, 2025;WOODS COUGH SYR ATT 100ML, WOODS EXPECTORANT 60 ML, WOODS EXPECTORANT 100 ML
125015383;Februari 14, 2025;CEREBROFORT GOLD ORANGE 100 ML, CEREBROFORT GOLD STRAWBERY, KOMIX HERBAL 15 ML, WOODS COUGH SYR ATT  60ML, WOODS EXPECTORANT 60 ML, PUYER OSK BT NO.16/BOX, WAISAN NEW FORMULA  /LUSIN
125015385;Februari 14, 2025;KOMIX OBH PE, PROMAG TABLET
125015393;Februari 14, 2025;CEREBROFORT GOLD ORANGE 100 ML, CEREBROFORT GOLD STRAWBERY, KOMIX HERBAL 15 ML, WOODS COUGH SYR ATT  60ML, WOODS EXPECTORANT 60 ML, PUYER OSK BT NO.16/BOX, WAISAN NEW FORMULA  /LUSIN
125015395;Februari 14, 2025;ENTROSTOP HERBAL ANAK, ENTROSTOP 10'S, PROMAG TABLET
125015405;Februari 14, 2025;KALPANAX K CREAM 5 GR, KOMIX JAHE G-FORMULA BOX, MEXTRIL BATUK-TABLET BOX
125015406;Februari 14, 2025;CEREBROFORT GOLD ORANGE 100 ML, CEREBROFORT GOLD STRAWBERY, KOMIX HERBAL 15 ML, WOODS COUGH SYR ATT  60ML, WOODS EXPECTORANT 60 ML, PUYER OSK BT NO.16/BOX, WAISAN NEW FORMULA  /LUSIN
125015412;Februari 14, 2025;CEREBROFORT GOLD ORANGE 100 ML, CEREBROFORT GOLD STRAWBERY, KOMIX HERBAL 15 ML, WOODS COUGH SYR ATT  60ML, WOODS EXPECTORANT 60 ML, PUYER OSK BT NO.16/BOX, WAISAN NEW FORMULA  /LUSIN
125015413;Februari 14, 2025;CEREBROFORT GOLD ORANGE 100 ML, CEREBROFORT GOLD STRAWBERY, KOMIX HERBAL 15 ML, WOODS COUGH SYR ATT  60ML, WOODS EXPECTORANT 60 ML, PUYER OSK BT NO.16/BOX, WAISAN NEW FORMULA  /LUSIN
125015414;Februari 14, 2025;CEREBROFORT GOLD ORANGE 100 ML, CEREBROFORT GOLD STRAWBERY, KOMIX HERBAL 15 ML, WOODS COUGH SYR ATT  60ML, WOODS EXPECTORANT 60 ML, PUYER OSK BT NO.16/BOX, WAISAN NEW FORMULA  /LUSIN
125015419;Februari 14, 2025;CEREBROFORT GOLD ORANGE 100 ML, CEREBROFORT GOLD STRAWBERY, KOMIX HERBAL 15 ML, WOODS COUGH SYR ATT  60ML, WOODS EXPECTORANT 60 ML, PUYER OSK BT NO.16/BOX, WAISAN NEW FORMULA  /LUSIN
125015434;Februari 14, 2025;KOMIX JAHE G-FORMULA BOX, KOMIX KID OBH PE
125015436;Februari 14, 2025;KOMIX JAHE G-FORMULA BOX, KOMIX KID STRAWBERRY PACK, KOMIX J.NIPIS G-FORMULA B, KOMIX KID OBH PE, KOMIX OBH PE
125015466;Februari 14, 2025;CEREBROFORT GOLD ORANGE 100 ML, CEREBROFORT GOLD STRAWBERY, KOMIX HERBAL 15 ML, WOODS COUGH SYR ATT  60ML, WOODS EXPECTORANT 60 ML, PUYER OSK BT NO.16/BOX, WAISAN NEW FORMULA  /LUSIN
125015467;Februari 14, 2025;CEREBROFORT GOLD ORANGE 100 ML, CEREBROFORT GOLD STRAWBERY, KOMIX HERBAL 15 ML, WOODS COUGH SYR ATT  60ML, WOODS EXPECTORANT 60 ML, PUYER OSK BT NO.16/BOX, WAISAN NEW FORMULA  /LUSIN
125015468;Februari 14, 2025;KALPANAX SALEP 6G/12, KALPANAX KRIM 10 GR, ENTROSTOP HERBAL ANAK, SAKATONIK ABC STRAW 30TAB, SKT ABC CURCUMA MADU
125015491;Februari 14, 2025;KOMIX HERBAL 15 ML, PROMAG TABLET
125015500;Februari 14, 2025;SAKATONIK ABC ANTARIKSA 30 TAB, SAKATONIK ABC STRAW 30TAB, SAKATONIK ABC ANGGUR30TAB, SAKATONIK ABC ORANGE 30TAB
125015505;Februari 14, 2025;KALPANAX K CREAM 5 GR, PROCOLD FLU PE
125015514;Februari 14, 2025;KOMIX HERBAL 15 ML, MIXAGRIP HERBAL GREGES, PROMAG HERBAL 15 ML, WOODS LOZENGES 6'S
125015515;Februari 14, 2025;KOMIX HERBAL JERUK NIPIS, KOMIX HERBAL ORI PACK, EXTRA JOSS ACTIVE 12SCH
125015517;Februari 14, 2025;BEJO ANAK JAHE MERAH 5S, KOMIX HERBAL ORI PACK, B7 SLASI JERUK NIPIS 12'S, EXTRA JOSS ACTIVE 12SCH, EXTRA JOSS GO RASA ANGGUR, EXTRA JOSS MANGGA LAKI
125015542;Februari 14, 2025;KALPANAX K CREAM 5 GR, KOMIX JAHE G-FORMULA BOX, KOMIX KID STRAWBERRY PACK, KOMIX J.NIPIS G-FORMULA B, KOMIX PEPP.G-FORMULA BOX, KOMIX HERBAL 15 ML, MIXAGRIP HERBAL GREGES, KOMIX KID OBH PE, KOMIX OBH PE, PUYER OSK BT NO.16/BOX, WAISAN NEW FORMULA  /LUSIN, MIXAGRIP FLU KAPLET 25X4, PROCOLD FLU BATUK PE, PROCOLD FLU PE
125015544;Februari 14, 2025;SKT ACTIV SIRUP 100 ML, SAKATONIK ABC ANTARIKSA 30 TAB, SAKATONIK ABC STRAW 30TAB
125015546;Februari 14, 2025;KOMIX HERBAL ORI PACK, KOMIX OBH PE, KALPANAX SALEP 6G/12, PROMAG SUSPENSI BTL 60 ML, PROMAG TABLET
125015567;Februari 14, 2025;PROMAG HERBAL 15 ML, PROMAG TABLET
125015569;Februari 14, 2025;WOODS COUGH SYR ATT  60ML, WOODS EXPECTORANT 60 ML
125015584;Februari 14, 2025;ENTROSTOP HERBAL DEWASA 15 ML, KOMIX HERBAL 15 ML, PROMAG HERBAL 15 ML, MIXAGRIP HERBAL GREGES, WOODS LOZENGES 6'S
125015614;Februari 14, 2025;KOMIX KID STRAWBERRY PACK, KOMIX KID OBH PE
125015632;Februari 14, 2025;KOMIX HERBAL 15 ML, WOODS COUGH SYR ATT 100ML
125015643;Februari 14, 2025;PROMAG SUSPENSI 10ML/6, PROMAG HERBAL 15 ML
125015652;Februari 14, 2025;SAKATONIK ABC STRAW 30TAB, SAKATONIK ABC ORANGE 30TAB
125015677;Februari 14, 2025;KOMIX HERBAL ORI PACK, KOMIX HERBAL PEPPERMINT
125015691;Februari 14, 2025;PUYER OSK BT NO.16/BOX, KALPANAX SALEP 6G/12, CEREBROFORT GOLD ORANGE 100 ML, CEREBROFORT GOLD ORANGE 200 ML, PROCOLD FLU PE
125015694;Februari 14, 2025;FATIGON SPIRIT BOX 10X6S, SAKATONIK ABC ORANGE 30TAB
125015700;Februari 14, 2025;WOODS COUGH SYR ATT  60ML, WOODS EXPECTORANT 60 ML
125015715;Februari 14, 2025;CEREBROFORT GOLD ORANGE 100 ML, CEREBROFORT GOLD STRAWBERY, KOMIX HERBAL 15 ML, WOODS COUGH SYR ATT  60ML, WOODS EXPECTORANT 60 ML, PUYER OSK BT NO.16/BOX, WAISAN NEW FORMULA  /LUSIN
125015716;Februari 14, 2025;PROMAG TABLET, SAKATONIK ABC ANTARIKSA 30 TAB, SAKATONIK ABC STRAW 30TAB, SAKATONIK ABC ANGGUR30TAB, SAKATONIK ABC ORANGE 30TAB
125015745;Februari 14, 2025;KOMIX HERBAL 15 ML, CEREBROFORT GOLD ORANGE 100 ML, CEREBROFORT GOLD STRAWBERY, MIXAGRIP HERBAL GREGES, PROMAG HERBAL 15 ML
125015779;Februari 14, 2025;WAISAN NEW FORMULA  /LUSIN, KALPANAX K CREAM 5 GR, PROMAG TABLET
125015782;Februari 14, 2025;KALPANAX K CREAM 5 GR, KALPANAX SALEP 6G/12, KALPANAX KRIM 10 GR, CEREBROFORT GOLD ORANGE 100 ML, CEREBROFORT GOLD ORANGE 200 ML, ENTROSTOP HERBAL ANAK, PROMAG SUSPENSI BTL 60 ML, PROMAG SUSPENSI 10ML/6, PROMAG HERBAL 15 ML, SKT ACTIV SIRUP 100 ML, SKT ACTIV SIRUP 300 ML, WOODS EXPECTORANT 60 ML, WOODS NATURALS SYR 60 ML, ENTROSTOP 10'S, PROCOLD FLU BATUK PE, SAKATONIK ABC ANTARIKSA 30 TAB, SAKATONIK ABC STRAW 30TAB, SAKATONIK ABC ANGGUR30TAB, SAKATONIK ABC ORANGE 30TAB, WOODS LOZENGES 6'S, XONCE TAB BOX 50'S
125015783;Februari 14, 2025;WOODS COUGH SYR ATT  60ML, WOODS EXPECTORANT 60 ML, WOODS EXPECTORANT 100 ML, PROMAG TABLET, SAKATONIK ABC ANTARIKSA 30 TAB, SAKATONIK ABC STRAW 30TAB, SAKATONIK ABC ANGGUR30TAB, SAKATONIK ABC ORANGE 30TAB, WOODS LOZENGES 6'S, WOODS LOZ HONEY LEMON, WOODS LOZENGES ORANGE VITAMIN C
125015798;Februari 15, 2025;KOMIX HERBAL ORI PACK, B7 SLASI JERUK NIPIS 12'S, WOODS COUGH SYR ATT  60ML, FATIGON SPIRIT BOX 10X6S, ENTROSTOP 10'S
125015800;Februari 15, 2025;KALPANAX K CREAM 5 GR, PROMAG TABLET
125015806;Februari 15, 2025;KALPANAX K CREAM 5 GR, FATIGON SPIRIT BOX 10X6S, SAKATONIK ABC STRAW 30TAB, SAKATONIK ABC ANGGUR30TAB, SAKATONIK ABC ORANGE 30TAB
125015810;Februari 15, 2025;KOMIX HERBAL 15 ML, MIXAGRIP HERBAL GREGES, PROMAG HERBAL 15 ML
125015819;Februari 15, 2025;WOODS COUGH SYR ATT  60ML, PROMAG TABLET
125015820;Februari 15, 2025;KOMIX HERBAL ORI PACK, SKT ACTIV SIRUP 100 ML
125015821;Februari 15, 2025;CEREBROFORT GOLD ORANGE 100 ML, CEREBROFORT GOLD STRAWBERY
125015828;Februari 15, 2025;WOODS COUGH SYR ATT  60ML, ENTROSTOP 10'S
125015833;Februari 15, 2025;EXTRA JOSS ACTIVE 12SCH, MIXAGRIP HERBAL GREGES
125015845;Februari 15, 2025;CEREBROFORT GOLD ORANGE 100 ML, WOODS COUGH SYR ATT  60ML
125015846;Februari 15, 2025;CEREBROFORT GOLD ORANGE 200 ML, KOMIX HERBAL 15 ML
125015847;Februari 15, 2025;SAKATONIK ABC STRAW 30TAB, SAKATONIK ABC ANGGUR30TAB
125015857;Februari 15, 2025;WOODS EXPECTORANT 60 ML, CEREBROFORT MG STRAW SCH
125015868;Februari 15, 2025;KOMIX JAHE G-FORMULA BOX, KOMIX J.NIPIS G-FORMULA B, KOMIX PEPP.G-FORMULA BOX
125015871;Februari 15, 2025;KOMIX HERBAL JERUK NIPIS, KOMIX HERBAL PEPPERMINT
125015873;Februari 15, 2025;KALPANAX K CREAM 5 GR, KALPANAX SALEP 6G/12, CEREBROFORT GOLD ORANGE 100 ML, ENTROSTOP HERBAL ANAK, MIXAGRIP HERBAL GREGES, PROMAG SUSPENSI 10ML/6, PROMAG HERBAL 15 ML, WOODS NATURALS SYR 60 ML, CEREBROFORT M.G. AGGR SCH, CEREBROFORT MG JRK SCH, CEREBROFORT MG STRAW SCH, MIXAGRIP FLU &BATUK PE, MIXAGRIP FLU KAPLET 25X4, ENTROSTOP 10'S, PROCOLD FLU BATUK PE, PROCOLD FLU PE, SAKATONIK ACTIV MULTIVIT ZAT BESI - KAPLET 6S, SAKATONIK ABC ANTARIKSA 30 TAB, SKT ABC CURCUMA MADU
125015874;Februari 15, 2025;PROCOLD FLU BATUK PE, PROCOLD FLU PE
125015877;Februari 15, 2025;EJ SPORT GEL ORANGE 5 TB, EXTRA JOSS SPORT 5 TB
125015895;Februari 15, 2025;BEJO JAHE MERAH HERBAL 6S MT, KOMIX HERBAL ORI PACK, KOMIX HERBAL PEPPERMINT, CEREBROFORT GOLD ORANGE 100 ML
125015903;Februari 15, 2025;KALPANAX K CREAM 5 GR, MIXAGRIP HERBAL GREGES, WOODS EXPECTORANT 100 ML
125015907;Februari 15, 2025;KOMIX HERBAL 15 ML, KOMIX OBH PE, PROMAG TABLET, WOODS COUGH SYR ATT  60ML, SAKATONIK ABC STRAW 30TAB, SAKATONIK ABC ANGGUR30TAB
125015941;Februari 15, 2025;CEREBROFORT GOLD ORANGE 200 ML, ENTROSTOP HERBAL ANAK, WOODS COUGH SYR ATT  60ML, WOODS EXPECTORANT 60 ML, WOODS NATURALS SYR 60 ML, ENTROSTOP 10'S
125015942;Februari 15, 2025;KOMIX HERBAL 15 ML, PROMAG TABLET
125015948;Februari 15, 2025;KOMIX J.NIPIS G-FORMULA B, KOMIX PEPP.G-FORMULA BOX, KOMIX OBH PE
125016013;Februari 15, 2025;KOMIX HERBAL 15 ML, B7 SLASI JERUK NIPIS 12'S, EXTRA JOSS ACTIVE 12SCH, PROMAG HERBAL 15 ML, MIXAGRIP HERBAL GREGES, WOODS LOZENGES ORANGE VITAMIN C
125016047;Februari 15, 2025;BEJO JAHE MERAH HERBAL 6S MT, KOMIX HERBAL ORI PACK, KOMIX HERBAL PEPPERMINT, KOMIX OBH PE, PROMAG TABLET
125016052;Februari 15, 2025;KOMIX HERBAL 15 ML, MIXAGRIP HERBAL GREGES, PROMAG HERBAL 15 ML, CEREBROFORT MG MGA SCH
125016067;Februari 15, 2025;KALPANAX K CREAM 5 GR, KOMIX OBH PE
125016069;Februari 15, 2025;WOODS EXPECTORANT 60 ML, SAKATONIK ABC ANGGUR30TAB, WOODS LOZ HONEY LEMON
125016071;Februari 15, 2025;KALPANAX SALEP 6G/12, KALPANAX KRIM 10 GR
125016074;Februari 15, 2025;KALPANAX SALEP 6G/12, CEREBROFORT GOLD STRAWBERY, PROMAG HERBAL 15 ML, WOODS COUGH SYR ATT 100ML, WOODS COUGH SYR ATT  60ML, WOODS EXPECTORANT 60 ML, WOODS EXPECTORANT 100 ML, FATIGON SPIRIT BOX 10X6S
125016082;Februari 15, 2025;EXTRA JOSS SPORT GEL 2 TB, KOMIX HERBAL ORI PACK
125016083;Februari 15, 2025;PROMAG HERBAL 15 ML, CEREBROFORT M.G. AGGR SCH, SAKATONIK ACTIV MULTIVIT ZAT BESI - KAPLET 6S, SKT ABC CURCUMA MADU
125016085;Februari 15, 2025;EXTRA JOSS SPORT GEL 2 TB, KOMIX HERBAL ORI PACK
125016094;Februari 15, 2025;MIXAGRIP FLU KAPLET 25X4, PROCOLD FLU PE
125016099;Februari 15, 2025;PROMAG SUSPENSI BTL 60 ML, PROMAG SUSPENSI 10ML/6, PROMAG HERBAL 15 ML
125016133;Februari 17, 2025;WOODS COUGH SYR ATT 100ML, PROCOLD FLU PE
125016158;Februari 17, 2025;KOMIX HERBAL JERUK NIPIS, KOMIX HERBAL ORI PACK, PROMAG TABLET
125016160;Februari 17, 2025;SAKATONIK ABC ANTARIKSA 30 TAB, SAKATONIK ABC STRAW 30TAB, SAKATONIK ABC ANGGUR30TAB, SAKATONIK ABC ORANGE 30TAB, SKT ABC CURCUMA MADU
125016162;Februari 17, 2025;KALPANAX K CREAM 5 GR, KALPANAX SALEP 6G/12, ENTROSTOP 10'S, SAKATONIK ABC ORANGE 30TAB, KOMIX HERBAL 15 ML
125016168;Februari 17, 2025;KOMIX HERBAL JERUK NIPIS, KOMIX HERBAL 15 ML, KOMIX HERBAL ORI PACK, KOMIX HERBAL PEPPERMINT
125016173;Februari 17, 2025;PROMAG SUSPENSI BTL 60 ML, PROMAG SUSPENSI 10ML/6
125016182;Februari 17, 2025;KOMIX HERBAL 15 ML, MIXAGRIP HERBAL GREGES, PROMAG HERBAL 15 ML, WOODS LOZENGES 6'S
125016189;Februari 17, 2025;KOMIX HERBAL JERUK NIPIS, KOMIX HERBAL ORI PACK
125016199;Februari 17, 2025;CEREBROFORT GOLD ORANGE 100 ML, KOMIX HERBAL 15 ML, WOODS COUGH SYR ATT  60ML, WOODS EXPECTORANT 60 ML, PUYER OSK BT NO.16/BOX, WAISAN NEW FORMULA  /LUSIN
125016202;Februari 17, 2025;CEREBROFORT GOLD ORANGE 100 ML, KOMIX HERBAL 15 ML, WOODS COUGH SYR ATT  60ML, WOODS EXPECTORANT 60 ML, PUYER OSK BT NO.16/BOX, WAISAN NEW FORMULA  /LUSIN
125016203;Februari 17, 2025;CEREBROFORT GOLD ORANGE 100 ML, KOMIX HERBAL 15 ML, WOODS COUGH SYR ATT  60ML, WOODS EXPECTORANT 60 ML, PUYER OSK BT NO.16/BOX, WAISAN NEW FORMULA  /LUSIN
125016204;Februari 17, 2025;CEREBROFORT GOLD ORANGE 100 ML, KOMIX HERBAL 15 ML, WOODS COUGH SYR ATT  60ML, WOODS EXPECTORANT 60 ML, PUYER OSK BT NO.16/BOX, WAISAN NEW FORMULA  /LUSIN
125016205;Februari 17, 2025;CEREBROFORT GOLD ORANGE 100 ML, KOMIX HERBAL 15 ML, WOODS COUGH SYR ATT  60ML, WOODS EXPECTORANT 60 ML, PUYER OSK BT NO.16/BOX, WAISAN NEW FORMULA  /LUSIN
125016211;Februari 17, 2025;PROMAG SUSPENSI 10ML/6, PROMAG HERBAL 15 ML
125016214;Februari 17, 2025;PUYER OSK BT NO.16/BOX, ENTROSTOP 10'S
125016215;Februari 17, 2025;WOODS COUGH SYR ATT 100ML, WOODS COUGH SYR ATT  60ML
125016218;Februari 17, 2025;KOMIX HERBAL JERUK NIPIS, KOMIX HERBAL 15 ML, KOMIX HERBAL ORI PACK, CEREBROFORT GOLD ORANGE 100 ML
125016224;Februari 17, 2025;WAISAN NEW FORMULA  /LUSIN, ENTROSTOP 10'S
125016236;Februari 17, 2025;PROMAG HERBAL 15 ML, PROCOLD FLU PE, PROMAG TABLET
125016244;Februari 17, 2025;PROMAG HERBAL 15 ML, PROMAG TABLET
125016245;Februari 17, 2025;KALPANAX K CREAM 5 GR, PROMAG SUSPENSI BTL 60 ML, SAKATONIK ABC STRAW 30TAB, SAKATONIK ABC ANGGUR30TAB
125016247;Februari 17, 2025;KOMIX HERBAL 15 ML, KOMIX HERBAL ORI PACK, KALPANAX K CREAM 5 GR, KALPANAX KRIM 10 GR, WOODS EXPECTORANT 60 ML, ENTROSTOP 10'S, PROCOLD FLU PE, WOODS LOZ HONEY LEMON 2'S
125016252;Februari 17, 2025;FATIGON SPIRIT BOX 10X6S, PROMAG TABLET
125016262;Februari 17, 2025;WOODS COUGH SYR ATT  60ML, WOODS EXPECTORANT 60 ML
125016263;Februari 17, 2025;SAKATONIK ABC ANTARIKSA 30 TAB, SAKATONIK ABC STRAW 30TAB, SAKATONIK ABC ORANGE 30TAB
125016269;Februari 17, 2025;KOMIX HERBAL JERUK NIPIS, KOMIX HERBAL ORI PACK, EXTRA JOSS ACTIVE 12SCH
125016270;Februari 17, 2025;CEREBROFORT M.G. AGGR SCH, CEREBROFORT MG MGA SCH, CEREBROFORT MG JRK SCH, CEREBROFORT MG STRAW SCH
125016284;Februari 17, 2025;KALPANAX K CREAM 5 GR, KALPANAX SALEP 6G/12, KALPANAX KRIM 10 GR, CEREBROFORT GOLD ORANGE 100 ML, ENTROSTOP 10'S, PROMAG TABLET
125016286;Februari 17, 2025;PROMAG TABLET, WOODS LOZENGES CHERRY 6'S, WOODS LOZENGES 6'S, WOODS LOZENGES ORANGE VITAMIN C
125016287;Februari 17, 2025;CEREBROFORT GOLD ORANGE 100 ML, CEREBROFORT GOLD ORANGE 200 ML
125016295;Februari 17, 2025;WOODS COUGH SYR ATT 100ML, WOODS COUGH SYR ATT  60ML
125016302;Februari 17, 2025;KOMIX HERBAL 15 ML, KOMIX OBH PE, PROMAG TABLET
125016310;Februari 17, 2025;KOMIX HERBAL JERUK NIPIS, KOMIX HERBAL 15 ML, KALPANAX K CREAM 5 GR, KALPANAX KRIM 10 GR, WOODS COUGH SYR ATT  60ML, WOODS EXPECTORANT 60 ML, MIXAGRIP FLU KAPLET 25X4
125016317;Februari 17, 2025;KALPANAX SALEP 6G/12, CEREBROFORT GOLD ORANGE 200 ML, SAKATONIK ABC ANTARIKSA 30 TAB, SAKATONIK ABC ANGGUR30TAB
125016321;Februari 17, 2025;KOMIX HERBAL ORI PACK, MIXAGRIP HERBAL GREGES
125016324;Februari 17, 2025;KOMIX HERBAL 15 ML, MIXAGRIP HERBAL GREGES, WOODS COUGH SYR ATT  60ML, WOODS EXPECTORANT 60 ML, PROMAG TABLET
125016325;Februari 17, 2025;KOMIX HERBAL 15 ML, WOODS COUGH SYR ATT  60ML
125016326;Februari 17, 2025;WOODS EXPECTORANT 60 ML, SAKATONIK ABC STRAW 30TAB, SAKATONIK ABC ANGGUR30TAB
125016343;Februari 17, 2025;CEREBROFORT GOLD ORANGE 100 ML, KOMIX HERBAL 15 ML, WOODS COUGH SYR ATT  60ML, WOODS EXPECTORANT 60 ML, PUYER OSK BT NO.16/BOX, WAISAN NEW FORMULA  /LUSIN
125016348;Februari 17, 2025;KOMIX J.NIPIS G-FORMULA B, KOMIX PEPP.G-FORMULA BOX
125016356;Februari 17, 2025;KOMIX HERBAL JERUK NIPIS, KOMIX HERBAL PEPPERMINT, CEREBROFORT GOLD ORANGE 200 ML
125016363;Februari 17, 2025;CEREBROFORT GOLD ORANGE 100 ML, KOMIX HERBAL 15 ML, WOODS COUGH SYR ATT  60ML, WOODS EXPECTORANT 60 ML, PUYER OSK BT NO.16/BOX, WAISAN NEW FORMULA  /LUSIN
125016373;Februari 17, 2025;KALPANAX KRIM 10 GR, WOODS COUGH SYR ATT 100ML, FATIGON SPIRIT BOX 10X6S
125016375;Februari 17, 2025;KALPANAX K CREAM 5 GR, ENTROSTOP 10'S, SAKATONIK ABC STRAW 30TAB
125016393;Februari 17, 2025;EXTRA JOSS SPORT 5 TB, EXTRA JOSS SPORT GEL 2 TB
125016394;Februari 17, 2025;EJ SPORT GEL ORANGE 5 TB, EXTRA JOSS SPORT 5 TB
125016396;Februari 17, 2025;EXTRA JOSS ACTIVE 12SCH, MIXAGRIP HERBAL GREGES
125016411;Februari 17, 2025;EXTRA JOSS ACTIVE 12SCH, WOODS LOZENGES CHERRY 6'S, WOODS LOZENGES 6'S, WOODS LOZENGES ORANGE VITAMIN C
125016424;Februari 17, 2025;KOMIX J.NIPIS G-FORMULA B, KOMIX OBH PE
125016425;Februari 17, 2025;CEREBROFORT GOLD ORANGE 100 ML, KOMIX HERBAL 15 ML, WOODS EXPECTORANT 60 ML, PUYER OSK BT NO.16/BOX, WAISAN NEW FORMULA  /LUSIN, WOODS COUGH SYR ATT  60ML
125016427;Februari 17, 2025;CEREBROFORT GOLD ORANGE 100 ML, KOMIX HERBAL 15 ML, WOODS COUGH SYR ATT  60ML, WOODS EXPECTORANT 60 ML, PUYER OSK BT NO.16/BOX, WAISAN NEW FORMULA  /LUSIN
125016441;Februari 17, 2025;PROCOLD FLU PE, PROMAG TABLET
125016442;Februari 17, 2025;WOODS EXPECTORANT 100 ML, WOODS LOZENGES CHERRY 6'S, WOODS LOZENGES 6'S, WOODS LOZ HONEY LEMON
125016443;Februari 17, 2025;KOMIX HERBAL JERUK NIPIS, KOMIX HERBAL 15 ML, KOMIX HERBAL ORI PACK, KOMIX HERBAL PEPPERMINT, KOMIX OBH PE, KALPANAX K CREAM 5 GR, KALPANAX SALEP 6G/12, PROMAG SUSPENSI BTL 60 ML, PROMAG HERBAL 15 ML, WOODS COUGH SYR ATT 100ML, WOODS COUGH SYR ATT  60ML, WOODS NATURALS SYR 60 ML, FATIGON SPIRIT BOX 10X6S
125016444;Februari 17, 2025;WOODS COUGH SYR ATT 100ML, WOODS COUGH SYR ATT  60ML, CEREBROFORT M.G. AGGR SCH, CEREBROFORT MG STRAW SCH
125016452;Februari 17, 2025;CEREBROFORT GOLD ORANGE 100 ML, ENTROSTOP 10'S
125016463;Februari 17, 2025;PROMAG SUSPENSI 10ML/6, PROMAG TABLET
125016466;Februari 17, 2025;SAKATONIK ABC ANTARIKSA 30 TAB, SAKATONIK ABC ANGGUR30TAB, SAKATONIK ABC ORANGE 30TAB
125016469;Februari 17, 2025;ENTROSTOP 10'S, PROMAG TABLET
125016492;Februari 17, 2025;ENTROSTOP HERBAL ANAK, PROMAG SUSPENSI BTL 60 ML, WOODS COUGH SYR ATT 100ML, WOODS COUGH SYR ATT  60ML
125016498;Februari 17, 2025;WOODS NATURALS SYR 60 ML, WOODS LOZENGES 6'S
125016507;Februari 17, 2025;BEJO JAHE MERAH HERBAL 6S MT, KOMIX HERBAL 15 ML, KOMIX HERBAL ORI PACK, KOMIX HERBAL PEPPERMINT, B7 SLASI JERUK NIPIS 12'S
125016508;Februari 17, 2025;KOMIX HERBAL 15 ML, KOMIX HERBAL ORI PACK, KOMIX HERBAL PEPPERMINT, CEREBROFORT MG MGA SCH, BEJO JAHE MERAH HERBAL 6S MT
125016519;Februari 17, 2025;SKT ACTIV SIRUP 100 ML, SKT ACTIV SIRUP 300 ML, PROMAG TABLET, SAKATONIK ABC STRAW 30TAB, SAKATONIK ABC ANGGUR30TAB, SAKATONIK ABC ORANGE 30TAB
125016523;Februari 17, 2025;PROMAG SUSPENSI BTL 60 ML, PROMAG TABLET, WOODS COUGH SYR ATT  60ML, CEREBROFORT MG JRK SCH, WOODS LOZ HONEY LEMON
125016529;Februari 17, 2025;KOMIX HERBAL JERUK NIPIS, KOMIX HERBAL ORI PACK
125016531;Februari 17, 2025;EXTRA JOSS ACTIVE 12SCH, MIXAGRIP HERBAL GREGES
125016541;Februari 17, 2025;KOMIX JAHE G-FORMULA 6'S, KOMIX J.NIPIS G-FORMULA B, KOMIX OBH PE
125016565;Februari 17, 2025;BEJO ANAK JAHE MERAH 5S, MIXAGRIP FLU KAPLET 25X4
125016569;Februari 17, 2025;KOMIX KID STRAWBERRY PACK, KOMIX J.NIPIS G-FORMULA B, KOMIX PEPP.G-FORMULA BOX, WOODS COUGH SYR ATT 100ML, WOODS COUGH SYR ATT  60ML
125016571;Februari 17, 2025;KALPANAX K CREAM 5 GR, WOODS COUGH SYR ATT  60ML, WOODS EXPECTORANT 60 ML
125016583;Februari 17, 2025;ENTROSTOP HERBAL ANAK, PROMAG HERBAL 15 ML, ENTROSTOP 10'S, PROMAG TABLET
125016589;Februari 17, 2025;KOMIX HERBAL JERUK NIPIS, KOMIX HERBAL 15 ML, KOMIX HERBAL ORI PACK, KOMIX HERBAL PEPPERMINT, KALPANAX SALEP 6G/12
125016593;Februari 17, 2025;KOMIX JAHE G-FORMULA 6'S, KOMIX KID STRAWBERRY PACK, KOMIX J.NIPIS G-FORMULA B, KOMIX HERBAL JERUK NIPIS, KOMIX HERBAL ORI PACK, KOMIX KID OBH PE
125016598;Februari 17, 2025;KOMIX HERBAL 15 ML, KOMIX HERBAL ORI PACK, KOMIX OBH PE, PROMAG HERBAL 15 ML, WOODS EXPECTORANT 60 ML, PROCOLD FLU PE, SAKATONIK ABC ANTARIKSA 30 TAB
125016599;Februari 17, 2025;BEJO ANAK JAHE MERAH 5S, SAKATONIK ABC ANTARIKSA 30 TAB, SAKATONIK ABC ORANGE 30TAB
125016624;Februari 17, 2025;KOMIX HERBAL 15 ML, PROMAG HERBAL 15 ML
125016633;Februari 17, 2025;KALPANAX K CREAM 5 GR, KALPANAX KRIM 10 GR, KOMIX HERBAL 15 ML, KOMIX HERBAL ORI PACK, KOMIX KID OBH PE, KOMIX OBH PE, PROMAG SUSPENSI BTL 60 ML, PROMAG HERBAL 15 ML, WOODS EXPECTORANT 60 ML, WOODS EXPECTORANT 100 ML, PUYER OSK BT NO.16/BOX, MIXAGRIP FLU KAPLET 25X4, PROCOLD FLU PE, PROMAG TABLET, SAKATONIK ABC ANTARIKSA 30 TAB, SAKATONIK ABC ANGGUR30TAB, SAKATONIK ABC ORANGE 30TAB, BEJO JAHE MERAH HERBAL 6S MT
125016646;Februari 18, 2025;KOMIX HERBAL JERUK NIPIS, KOMIX HERBAL ORI PACK, KOMIX HERBAL PEPPERMINT, KALPANAX SALEP 6G/12, KALPANAX KRIM 10 GR, WOODS COUGH SYR ATT 100ML, WOODS COUGH SYR ATT  60ML
125016649;Februari 18, 2025;CEREBROFORT GOLD ORANGE 100 ML, KOMIX HERBAL 15 ML, WOODS COUGH SYR ATT  60ML, WOODS EXPECTORANT 60 ML, PUYER OSK BT NO.16/BOX, WAISAN NEW FORMULA  /LUSIN
125016664;Februari 18, 2025;CEREBROFORT M.G. AGGR SCH, CEREBROFORT MG MGA SCH, CEREBROFORT MG JRK SCH, CEREBROFORT MG STRAW SCH
125016668;Februari 18, 2025;ENTROSTOP 10'S, WOODS EXPECTORANT 60 ML, MIXAGRIP FLU KAPLET 25X4
125016671;Februari 18, 2025;WOODS COUGH SYR ATT  60ML, WOODS EXPECTORANT 60 ML
125016679;Februari 18, 2025;CEREBROFORT GOLD ORANGE 100 ML, KOMIX HERBAL 15 ML, WOODS COUGH SYR ATT  60ML, WOODS EXPECTORANT 60 ML, PUYER OSK BT NO.16/BOX, WAISAN NEW FORMULA  /LUSIN
125016680;Februari 18, 2025;WOODS COUGH SYR ATT  60ML, WOODS EXPECTORANT 60 ML, PUYER OSK BT NO.16/BOX, WAISAN NEW FORMULA  /LUSIN
125016681;Februari 18, 2025;CEREBROFORT GOLD ORANGE 100 ML, KOMIX HERBAL 15 ML, WOODS EXPECTORANT 60 ML, PUYER OSK BT NO.16/BOX, WAISAN NEW FORMULA  /LUSIN
125016682;Februari 18, 2025;KOMIX HERBAL 15 ML, CEREBROFORT GOLD ORANGE 100 ML
125016683;Februari 18, 2025;CEREBROFORT GOLD ORANGE 100 ML, KOMIX HERBAL 15 ML
125016698;Februari 18, 2025;CEREBROFORT GOLD ORANGE 100 ML, KOMIX HERBAL 15 ML, WOODS COUGH SYR ATT  60ML, WOODS EXPECTORANT 60 ML, PUYER OSK BT NO.16/BOX, WAISAN NEW FORMULA  /LUSIN
125016699;Februari 18, 2025;CEREBROFORT GOLD ORANGE 100 ML, KOMIX HERBAL 15 ML, WOODS COUGH SYR ATT  60ML, WOODS EXPECTORANT 60 ML, PUYER OSK BT NO.16/BOX, WAISAN NEW FORMULA  /LUSIN
125016708;Februari 18, 2025;KALPANAX K CREAM 5 GR, WOODS COUGH SYR ATT  60ML
125016710;Februari 18, 2025;CEREBROFORT GOLD ORANGE 200 ML, WOODS LOZENGES 6'S
125016717;Februari 18, 2025;CEREBROFORT GOLD ORANGE 100 ML, KOMIX HERBAL 15 ML, WOODS COUGH SYR ATT  60ML, WOODS EXPECTORANT 60 ML, PUYER OSK BT NO.16/BOX, WAISAN NEW FORMULA  /LUSIN
125016723;Februari 18, 2025;KOMIX J.NIPIS G-FORMULA B, KOMIX PEPP.G-FORMULA BOX
125016731;Februari 18, 2025;ENTROSTOP HERBAL ANAK, ENTROSTOP 10'S, WOODS EXPECTORANT 60 ML
125016738;Februari 18, 2025;PROMAG HERBAL 15 ML, PROMAG TABLET
125016746;Februari 18, 2025;WOODS EXPECTORANT 60 ML, SAKATONIK ABC ANGGUR30TAB, SAKATONIK ABC ORANGE 30TAB
125016754;Februari 18, 2025;KOMIX HERBAL JERUK NIPIS, KOMIX HERBAL 15 ML, WOODS COUGH SYR ATT  60ML, WOODS EXPECTORANT 60 ML
125016766;Februari 18, 2025;BEJO JAHE MERAH HERBAL 6S MT, SKT ABC CURCUMA MADU
125016774;Februari 18, 2025;CEREBROFORT GOLD ORANGE 100 ML, KOMIX HERBAL 15 ML, WOODS COUGH SYR ATT  60ML, WOODS EXPECTORANT 60 ML, PUYER OSK BT NO.16/BOX, WAISAN NEW FORMULA  /LUSIN
125016779;Februari 18, 2025;SKT ACTIV SIRUP 100 ML, SKT ACTIV SIRUP 300 ML, PROCOLD FLU PE
125016788;Februari 18, 2025;KOMIX HERBAL JERUK NIPIS, KOMIX HERBAL 15 ML
125016795;Februari 18, 2025;WOODS COUGH SYR ATT  60ML, PROMAG TABLET
125016812;Februari 18, 2025;PROMAG HERBAL 15 ML, PROMAG TABLET
125016813;Februari 18, 2025;CEREBROFORT GOLD ORANGE 100 ML, KOMIX HERBAL 15 ML, WOODS COUGH SYR ATT  60ML, WOODS EXPECTORANT 60 ML, PUYER OSK BT NO.16/BOX, WAISAN NEW FORMULA  /LUSIN
125016814;Februari 18, 2025;KOMIX HERBAL 15 ML, KOMIX OBH PE, PUYER OSK BT NO.16/BOX, PROMAG SUSPENSI BTL 60 ML, WOODS COUGH SYR ATT 100ML, WOODS COUGH SYR ATT  60ML, WOODS EXPECTORANT 60 ML, WOODS EXPECTORANT 100 ML, WOODS NATURALS SYR 60 ML, ENTROSTOP 10'S, PROMAG TABLET, SAKATONIK ABC ANGGUR30TAB, WOODS LOZ HONEY LEMON
125016816;Februari 18, 2025;PROMAG SUSPENSI 10ML/6, PROMAG HERBAL 15 ML, PROMAG TABLET
125016817;Februari 18, 2025;KOMIX HERBAL JERUK NIPIS, KOMIX HERBAL ORI PACK
125016820;Februari 18, 2025;CEREBROFORT GOLD ORANGE 100 ML, PROMAG HERBAL 15 ML, FATIGON SPIRIT BOX 10X6S
125016821;Februari 18, 2025;KOMIX HERBAL JERUK NIPIS, KOMIX HERBAL ORI PACK
125016831;Februari 18, 2025;KOMIX KID STRAWBERRY PACK, KOMIX J.NIPIS G-FORMULA B, PROCOLD FLU BATUK PE
125016839;Februari 18, 2025;EXTRA JOSS ACTIVE 12SCH, MIXAGRIP HERBAL GREGES
125016849;Februari 18, 2025;KOMIX HERBAL ORI PACK, SAKATONIK ABC ANTARIKSA 30 TAB, SAKATONIK ABC STRAW 30TAB, SAKATONIK ABC ANGGUR30TAB
125016853;Februari 18, 2025;CEREBROFORT GOLD ORANGE 100 ML, KOMIX HERBAL 15 ML, WOODS COUGH SYR ATT  60ML, WOODS EXPECTORANT 60 ML, PUYER OSK BT NO.16/BOX, WAISAN NEW FORMULA  /LUSIN
125016855;Februari 18, 2025;PROMAG HERBAL 15 ML, WOODS EXPECTORANT 60 ML
125016857;Februari 18, 2025;ENTROSTOP HERBAL ANAK, PROMAG SUSPENSI 10ML/6, ENTROSTOP 10'S, PROMAG TABLET
125016882;Februari 18, 2025;KALPANAX K CREAM 5 GR, ENTROSTOP HERBAL ANAK, PROMAG HERBAL 15 ML, WOODS COUGH SYR ATT 100ML, WOODS COUGH SYR ATT  60ML, PROMAG TABLET
125016893;Februari 18, 2025;FATIGON SPIRIT BOX 10X6S, MIXAGRIP FLU KAPLET 25X4
125016901;Februari 18, 2025;PROMAG SUSPENSI BTL 60 ML, PROMAG HERBAL 15 ML
125016909;Februari 18, 2025;EXTRA JOSS GO RASA ANGGUR, WOODS LOZ HONEY LEMON 2'S
125016919;Februari 18, 2025;KOMIX HERBAL JERUK NIPIS, KOMIX HERBAL ORI PACK, SAKATONIK ABC STRAW 30TAB
125016920;Februari 18, 2025;CEREBROFORT GOLD ORANGE 200 ML, CEREBROFORT M.G. AGGR SCH, CEREBROFORT MG MGA SCH, CEREBROFORT MG STRAW SCH, SAKATONIK ABC STRAW 30TAB, SKT ABC CURCUMA MADU
125016931;Februari 18, 2025;PUYER OSK BT NO.16/BOX, WAISAN NEW FORMULA  /LUSIN, WOODS COUGH SYR ATT 100ML, WOODS EXPECTORANT 100 ML, SAKATONIK ABC STRAW 30TAB, SAKATONIK ABC ANGGUR30TAB, SAKATONIK ABC ORANGE 30TAB
125016933;Februari 18, 2025;KOMIX HERBAL JERUK NIPIS, KOMIX HERBAL 15 ML, KOMIX HERBAL ORI PACK
125016948;Februari 18, 2025;CEREBROFORT GOLD ORANGE 100 ML, KOMIX HERBAL 15 ML, WOODS COUGH SYR ATT  60ML, WOODS EXPECTORANT 60 ML, PUYER OSK BT NO.16/BOX, WAISAN NEW FORMULA  /LUSIN
125016949;Februari 18, 2025;KALPANAX K CREAM 5 GR, KALPANAX SALEP 6G/12, PROMAG TABLET
125016953;Februari 18, 2025;KOMIX HERBAL 15 ML, PROMAG SUSPENSI BTL 60 ML
125016972;Februari 18, 2025;CEREBROFORT GOLD ORANGE 100 ML, KOMIX HERBAL 15 ML, WOODS COUGH SYR ATT  60ML, WOODS EXPECTORANT 60 ML, PUYER OSK BT NO.16/BOX, WAISAN NEW FORMULA  /LUSIN
125016984;Februari 18, 2025;CEREBROFORT GOLD ORANGE 100 ML, KOMIX HERBAL 15 ML
125016989;Februari 18, 2025;KOMIX HERBAL JERUK NIPIS, KOMIX HERBAL ORI PACK, KOMIX HERBAL PEPPERMINT, KALPANAX K CREAM 5 GR
125017078;Februari 18, 2025;KOMIX HERBAL 15 ML, MIXAGRIP HERBAL GREGES, PROMAG HERBAL 15 ML, WOODS LOZENGES 6'S
125017079;Februari 18, 2025;KOMIX HERBAL 15 ML, MIXAGRIP HERBAL GREGES, PROMAG HERBAL 15 ML
125017095;Februari 18, 2025;KOMIX HERBAL 15 ML, MIXAGRIP HERBAL GREGES, PROMAG HERBAL 15 ML, SKT ACTIV SIRUP 100 ML
125017097;Februari 18, 2025;BEJO JAHE MERAH HERBAL 6S MT, KOMIX HERBAL JERUK NIPIS, KOMIX HERBAL 15 ML, KOMIX HERBAL ORI PACK
125017099;Februari 18, 2025;CEREBROFORT GOLD ORANGE 100 ML, KOMIX HERBAL 15 ML
125017140;Februari 18, 2025;KALPANAX K CREAM 5 GR, CEREBROFORT GOLD ORANGE 200 ML, KOMIX J.NIPIS G-FORMULA B, KOMIX PEPP.G-FORMULA BOX, PROMAG HERBAL 15 ML, WOODS EXPECTORANT 60 ML, WOODS EXPECTORANT 100 ML, PUYER OSK BT NO.16/BOX, CEREBROFORT M.G. AGGR SCH, CEREBROFORT MG MGA SCH, CEREBROFORT MG JRK SCH, CEREBROFORT MG STRAW SCH, FATIGON SPIRIT BOX 10X6S, MIXAGRIP FLU KAPLET 25X4, PROCOLD FLU BATUK PE, PROCOLD FLU PE, SAKATONIK ABC ANGGUR30TAB, SAKATONIK ABC ORANGE 30TAB
125017155;Februari 18, 2025;BEJO JAHE MERAH HERBAL 6S MT, EXTRA JOSS SPORT GEL 2 TB, KOMIX HERBAL ORI PACK
125017157;Februari 18, 2025;PROMAG HERBAL 15 ML, CEREBROFORT M.G. AGGR SCH, CEREBROFORT MG STRAW SCH, FATIGON SPIRIT BOX 10X6S, SAKATONIK ABC STRAW 30TAB, SKT ABC CURCUMA MADU
125017180;Februari 19, 2025;CEREBROFORT GOLD ORANGE 100 ML, CEREBROFORT GOLD STRAWBERY, KOMIX HERBAL 15 ML
125017181;Februari 19, 2025;BEJO JAHE MERAH HERBAL 6S MT, KOMIX HERBAL JERUK NIPIS, KOMIX HERBAL 15 ML, KOMIX HERBAL ORI PACK
125017184;Februari 19, 2025;PROMAG HERBAL 15 ML, PROMAG TABLET, PROCOLD FLU PE
125017189;Februari 19, 2025;KALPANAX K CREAM 5 GR, KALPANAX SALEP 6G/12, ENTROSTOP 10'S
125017193;Februari 19, 2025;KOMIX HERBAL 15 ML, KOMIX OBH PE
125017211;Februari 19, 2025;WOODS COUGH SYR ATT 100ML, WOODS COUGH SYR ATT  60ML, WOODS EXPECTORANT 60 ML, WOODS EXPECTORANT 100 ML, WOODS NATURALS SYR 60 ML
125017216;Februari 19, 2025;SKT ABC CURCUMA MADU, XONCE TAB BOX 50'S
125017228;Februari 19, 2025;BEJO JAHE MERAH HERBAL 6S MT, KOMIX HERBAL JERUK NIPIS, KOMIX HERBAL 15 ML, KOMIX HERBAL ORI PACK
125017229;Februari 19, 2025;BEJO JAHE MERAH HERBAL 6S MT, KOMIX HERBAL JERUK NIPIS, KOMIX HERBAL 15 ML, KOMIX HERBAL ORI PACK
125017235;Februari 19, 2025;PROMAG SUSPENSI BTL 60 ML, PROMAG TABLET
125017239;Februari 19, 2025;KOMIX HERBAL JERUK NIPIS, KOMIX HERBAL ORI PACK, KOMIX OBH PE, KALPANAX K CREAM 5 GR, WOODS COUGH SYR ATT 100ML
125017241;Februari 19, 2025;KOMIX OBH PE, WOODS LOZENGES 6'S
125017242;Februari 19, 2025;ENTROSTOP HERBAL ANAK, ENTROSTOP 10'S
125017244;Februari 19, 2025;KOMIX HERBAL 15 ML, PROMAG HERBAL 15 ML, SKT ACTIV SIRUP 100 ML, WOODS LOZENGES CHERRY 6'S, WOODS LOZENGES 6'S
125017249;Februari 19, 2025;KOMIX HERBAL 15 ML, EXTRA JOSS ACTIVE 12SCH, CEREBROFORT GOLD ORANGE 100 ML, MIXAGRIP HERBAL GREGES, PROMAG HERBAL 15 ML
125017269;Februari 19, 2025;PROMAG HERBAL 15 ML, PROMAG TABLET, SAKATONIK ABC ANGGUR30TAB, WOODS LOZENGES 6'S
125017271;Februari 19, 2025;BEJO JAHE MERAH HERBAL 6S MT, WOODS COUGH SYR ATT  60ML, WOODS EXPECTORANT 60 ML, ENTROSTOP 10'S
125017276;Februari 19, 2025;WOODS COUGH SYR ATT 100ML, WOODS EXPECTORANT 60 ML
125017279;Februari 19, 2025;PUYER OSK BT NO.16/BOX, PROMAG HERBAL 15 ML, PROMAG TABLET
125017280;Februari 19, 2025;WOODS EXPECTORANT 60 ML, WOODS NATURALS SYR 60 ML
125017288;Februari 19, 2025;KOMIX HERBAL 15 ML, MIXAGRIP HERBAL GREGES, PROMAG HERBAL 15 ML, WOODS LOZENGES 6'S
125017299;Februari 19, 2025;PROMAG SUSPENSI BTL 60 ML, PROMAG HERBAL 15 ML, PROMAG TABLET
125017300;Februari 19, 2025;CEREBROFORT GOLD ORANGE 200 ML, PROMAG HERBAL 15 ML
125017315;Februari 19, 2025;KOMIX J.NIPIS G-FORMULA B, WOODS COUGH SYR ATT  60ML, WOODS EXPECTORANT 60 ML, PUYER OSK BT NO.16/BOX
125017316;Februari 19, 2025;KOMIX HERBAL 15 ML, KOMIX HERBAL ORI PACK, PUYER OSK BT NO.16/BOX, WAISAN NEW FORMULA  /LUSIN, SKT ACTIV SIRUP 100 ML, SKT ACTIV SIRUP 300 ML, WOODS EXPECTORANT 60 ML, WOODS EXPECTORANT 100 ML, PROCOLD FLU PE
125017317;Februari 19, 2025;PROMAG HERBAL 15 ML, PROMAG TABLET
125017319;Februari 19, 2025;CEREBROFORT GOLD ORANGE 200 ML, WOODS EXPECTORANT 60 ML
125017329;Februari 19, 2025;PUYER OSK BT NO.16/BOX, WAISAN NEW FORMULA  /LUSIN, WOODS COUGH SYR ATT  60ML, WOODS EXPECTORANT 60 ML, WOODS LOZENGES 6'S
125017330;Februari 19, 2025;KALPANAX K CREAM 5 GR, BEJO JAHE MERAH HERBAL 6S MT, CEREBROFORT GOLD ORANGE 200 ML, PROMAG HERBAL 15 ML, WOODS EXPECTORANT 60 ML, CEREBROFORT MG STRAW SCH
125017352;Februari 19, 2025;KOMIX HERBAL JERUK NIPIS, KOMIX HERBAL 15 ML
125017380;Februari 19, 2025;CEREBROFORT GOLD ORANGE 100 ML, CEREBROFORT GOLD STRAWBERY, KOMIX HERBAL 15 ML, WOODS COUGH SYR ATT  60ML, WOODS EXPECTORANT 60 ML, PUYER OSK BT NO.16/BOX, WAISAN NEW FORMULA  /LUSIN
125017381;Februari 19, 2025;CEREBROFORT GOLD ORANGE 100 ML, CEREBROFORT GOLD STRAWBERY, KOMIX HERBAL 15 ML, WOODS COUGH SYR ATT  60ML, WOODS EXPECTORANT 60 ML, PUYER OSK BT NO.16/BOX, WAISAN NEW FORMULA  /LUSIN
125017386;Februari 19, 2025;BEJO JAHE MERAH HERBAL 6S MT, KOMIX HERBAL JERUK NIPIS, KOMIX HERBAL 15 ML, KOMIX HERBAL ORI PACK, WOODS LOZENGES 6'S
125017388;Februari 19, 2025;CEREBROFORT GOLD ORANGE 100 ML, CEREBROFORT GOLD STRAWBERY, KOMIX HERBAL 15 ML, WOODS COUGH SYR ATT  60ML, WOODS EXPECTORANT 60 ML, PUYER OSK BT NO.16/BOX
125017414;Februari 19, 2025;KOMIX J.NIPIS G-FORMULA B, KOMIX OBH PE
125017415;Februari 19, 2025;KOMIX J.NIPIS G-FORMULA B, PROMAG TABLET
125017424;Februari 19, 2025;KOMIX HERBAL 15 ML, KOMIX HERBAL ORI PACK, CEREBROFORT MG MGA SCH
125017425;Februari 19, 2025;MIXAGRIP HERBAL GREGES, SKT ACTIV SIRUP 100 ML, CEREBROFORT MG MGA SCH
125017426;Februari 19, 2025;BEJO JAHE MERAH HERBAL 6S MT, KOMIX HERBAL JERUK NIPIS, KOMIX HERBAL 15 ML, KOMIX HERBAL ORI PACK
125017440;Februari 19, 2025;KOMIX HERBAL JERUK NIPIS, KOMIX HERBAL ORI PACK, KOMIX HERBAL PEPPERMINT, KOMIX OBH PE
125017441;Februari 19, 2025;ENTROSTOP HERBAL ANAK, KOMIX HERBAL 15 ML, KOMIX HERBAL PEPPERMINT, MIXAGRIP HERBAL GREGES, PROMAG HERBAL 15 ML, EXTRA JOSS MANGGA LAKI, CEREBROFORT MG MGA SCH, WOODS LOZENGES 6'S
125017442;Februari 19, 2025;KOMIX HERBAL JERUK NIPIS, KOMIX HERBAL ORI PACK, KOMIX HERBAL PEPPERMINT, PROMAG HERBAL 15 ML, EXTRA JOSS ACTIVE 12SCH
125017443;Februari 19, 2025;KOMIX HERBAL 15 ML, KOMIX HERBAL ORI PACK, KOMIX HERBAL PEPPERMINT, ENTROSTOP HERBAL ANAK, PROMAG HERBAL 15 ML, MIXAGRIP HERBAL GREGES, WOODS NATURALS SYR 60 ML, CEREBROFORT MG JRK SCH, WOODS LOZENGES 6'S
125017451;Februari 19, 2025;BEJO JAHE MERAH HERBAL 6S MT, KOMIX HERBAL JERUK NIPIS, KOMIX HERBAL 15 ML, KOMIX HERBAL ORI PACK, KOMIX HERBAL PEPPERMINT, MIXAGRIP HERBAL GREGES
125017463;Februari 19, 2025;KALPANAX K CREAM 5 GR, PROMAG TABLET
125017465;Februari 19, 2025;CEREBROFORT GOLD ORANGE 200 ML, PROMAG SUSPENSI BTL 60 ML
125017469;Februari 19, 2025;CEREBROFORT GOLD ORANGE 100 ML, CEREBROFORT GOLD STRAWBERY, KOMIX HERBAL 15 ML, WOODS COUGH SYR ATT  60ML, WOODS EXPECTORANT 60 ML, PUYER OSK BT NO.16/BOX, WAISAN NEW FORMULA  /LUSIN
125017470;Februari 19, 2025;KALPANAX K CREAM 5 GR, ENTROSTOP HERBAL ANAK, PROMAG SUSPENSI 10ML/6, PROMAG HERBAL 15 ML, SKT ACTIV SIRUP 300 ML, ENTROSTOP 10'S, PROMAG TABLET
125017498;Februari 19, 2025;MIXAGRIP HERBAL GREGES, SKT ACTIV SIRUP 100 ML, SKT ACTIV SIRUP 300 ML, CEREBROFORT M.G. AGGR SCH, CEREBROFORT MG MGA SCH
125017499;Februari 19, 2025;KOMIX HERBAL 15 ML, PROMAG HERBAL 15 ML, B7 SLASI JERUK NIPIS 12'S, MIXAGRIP HERBAL GREGES
125017509;Februari 19, 2025;BEJO JAHE MERAH HERBAL 6S MT, KOMIX HERBAL JERUK NIPIS, KOMIX HERBAL 15 ML, KOMIX HERBAL ORI PACK, KOMIX HERBAL PEPPERMINT, MIXAGRIP HERBAL GREGES
125017518;Februari 19, 2025;PUYER OSK BT NO.16/BOX, WOODS EXPECTORANT 60 ML
125017519;Februari 19, 2025;KALPANAX KRIM 10 GR, CEREBROFORT GOLD ORANGE 200 ML, SAKATONIK ABC ANTARIKSA 30 TAB, SAKATONIK ABC ORANGE 30TAB, SKT ABC CURCUMA MADU
125017526;Februari 19, 2025;KOMIX HERBAL JERUK NIPIS, KOMIX HERBAL ORI PACK, KOMIX HERBAL PEPPERMINT
125017532;Februari 19, 2025;WAISAN NEW FORMULA  /LUSIN, PROMAG HERBAL 15 ML
125017535;Februari 19, 2025;PROMAG SUSPENSI BTL 60 ML, PROMAG HERBAL 15 ML, PROMAG TABLET
125017540;Februari 19, 2025;CEREBROFORT GOLD ORANGE 100 ML, CEREBROFORT GOLD STRAWBERY, KOMIX HERBAL 15 ML, WOODS COUGH SYR ATT  60ML, WOODS EXPECTORANT 60 ML, PUYER OSK BT NO.16/BOX, WAISAN NEW FORMULA  /LUSIN
125017541;Februari 19, 2025;CEREBROFORT GOLD ORANGE 100 ML, CEREBROFORT GOLD STRAWBERY, KOMIX HERBAL 15 ML, WOODS COUGH SYR ATT  60ML, WOODS EXPECTORANT 60 ML, PUYER OSK BT NO.16/BOX, WAISAN NEW FORMULA  /LUSIN
125017542;Februari 19, 2025;CEREBROFORT GOLD ORANGE 100 ML, CEREBROFORT GOLD STRAWBERY, KOMIX HERBAL 15 ML, WOODS COUGH SYR ATT  60ML, WOODS EXPECTORANT 60 ML, PUYER OSK BT NO.16/BOX, WAISAN NEW FORMULA  /LUSIN
125017554;Februari 19, 2025;KOMIX HERBAL 15 ML, PROMAG HERBAL 15 ML
125017569;Februari 19, 2025;PROMAG SUSPENSI 10ML/6, PROMAG HERBAL 15 ML, SKT ACTIV SIRUP 100 ML, SKT ACTIV SIRUP 300 ML, WOODS COUGH SYR ATT  60ML, PROMAG TABLET, SAKATONIK ABC ANTARIKSA 30 TAB, SAKATONIK ABC STRAW 30TAB, SAKATONIK ABC ANGGUR30TAB, SAKATONIK ABC ORANGE 30TAB, SKT ABC CURCUMA MADU
125017616;Februari 19, 2025;BEJO JAHE MERAH HERBAL 6S MT, KOMIX HERBAL JERUK NIPIS, KOMIX HERBAL 15 ML, KOMIX HERBAL ORI PACK, MIXAGRIP HERBAL GREGES
125017639;Februari 19, 2025;EXTRA JOSS ACTIVE 12SCH, MIXAGRIP HERBAL GREGES
125017646;Februari 19, 2025;MIXAGRIP FLU KAPLET 25X4, PROCOLD FLU PE
125017651;Februari 19, 2025;CEREBROFORT GOLD ORANGE 100 ML, CEREBROFORT GOLD STRAWBERY
125017678;Februari 20, 2025;CEREBROFORT GOLD ORANGE 100 ML, CEREBROFORT GOLD STRAWBERY, KOMIX HERBAL 15 ML, WOODS COUGH SYR ATT  60ML, WOODS EXPECTORANT 60 ML, PUYER OSK BT NO.16/BOX, WAISAN NEW FORMULA  /LUSIN
125017679;Februari 20, 2025;CEREBROFORT GOLD ORANGE 100 ML, CEREBROFORT GOLD STRAWBERY, KOMIX HERBAL 15 ML, WOODS COUGH SYR ATT  60ML, WOODS EXPECTORANT 60 ML, PUYER OSK BT NO.16/BOX, WAISAN NEW FORMULA  /LUSIN
125017683;Februari 20, 2025;WOODS COUGH SYR ATT 100ML, WOODS COUGH SYR ATT  60ML
125017688;Februari 20, 2025;KOMIX J.NIPIS G-FORMULA B, KOMIX PEPP.G-FORMULA BOX
125017690;Februari 20, 2025;KALPANAX K CREAM 5 GR, FATIGON SPIRIT BOX 10X6S
125017694;Februari 20, 2025;KOMIX HERBAL JERUK NIPIS, KOMIX HERBAL 15 ML, KOMIX HERBAL ORI PACK, CEREBROFORT GOLD ORANGE 100 ML, CEREBROFORT GOLD STRAWBERY, WOODS COUGH SYR ATT  60ML
125017697;Februari 20, 2025;KOMIX HERBAL JERUK NIPIS, KOMIX HERBAL 15 ML, KOMIX HERBAL ORI PACK
125017705;Februari 20, 2025;ENTROSTOP 10'S, PROMAG TABLET
125017707;Februari 20, 2025;WOODS EXPECTORANT 100 ML, PROMAG TABLET
125017723;Februari 20, 2025;CEREBROFORT GOLD ORANGE 100 ML, CEREBROFORT GOLD STRAWBERY, KOMIX HERBAL 15 ML, WOODS COUGH SYR ATT  60ML, WOODS EXPECTORANT 60 ML, PUYER OSK BT NO.16/BOX, WAISAN NEW FORMULA  /LUSIN
125017727;Februari 20, 2025;KOMIX HERBAL 15 ML, KOMIX HERBAL ORI PACK, EXTRA JOSS GO RASA ANGGUR, EXTRA JOSS MANGGA LAKI, ENTROSTOP HERBAL ANAK, MIXAGRIP HERBAL GREGES, PROMAG HERBAL 15 ML, CEREBROFORT M.G. AGGR SCH, CEREBROFORT MG MGA SCH
125017731;Februari 20, 2025;CEREBROFORT GOLD ORANGE 100 ML, CEREBROFORT GOLD STRAWBERY, KOMIX HERBAL 15 ML, WOODS COUGH SYR ATT  60ML, WOODS EXPECTORANT 60 ML, PUYER OSK BT NO.16/BOX, WAISAN NEW FORMULA  /LUSIN
125017736;Februari 20, 2025;KALPANAX K CREAM 5 GR, KALPANAX KRIM 10 GR
125017740;Februari 20, 2025;WOODS COUGH SYR ATT  60ML, ENTROSTOP 10'S, PROMAG TABLET
125017749;Februari 20, 2025;WOODS COUGH SYR ATT  60ML, WOODS EXPECTORANT 60 ML, CEREBROFORT MG STRAW SCH, ENTROSTOP 10'S, SAKATONIK ABC ORANGE 30TAB, SKT ABC CURCUMA MADU
125017754;Februari 20, 2025;KALPANAX KRIM 10 GR, PROMAG SUSPENSI BTL 60 ML, WOODS COUGH SYR ATT 100ML, WOODS COUGH SYR ATT  60ML, WOODS NATURALS SYR 60 ML
125017768;Februari 20, 2025;KALPANAX K CREAM 5 GR, KALPANAX SALEP 6G/12, PROMAG SUSPENSI 10ML/6, PROMAG HERBAL 15 ML, MIXAGRIP FLU KAPLET 25X4, ENTROSTOP 10'S, PROMAG TABLET
125017769;Februari 20, 2025;KOMIX HERBAL 15 ML, KOMIX HERBAL ORI PACK
125017770;Februari 20, 2025;KOMIX HERBAL JERUK NIPIS, KOMIX OBH PE, FATIGON SPIRIT BOX 10X6S
125017772;Februari 20, 2025;KALPANAX K CREAM 5 GR, KALPANAX SALEP 6G/12, KALPANAX KRIM 10 GR
125017786;Februari 20, 2025;KOMIX KID STRAWBERRY PACK, KOMIX J.NIPIS G-FORMULA B, KOMIX HERBAL JERUK NIPIS, KOMIX HERBAL 15 ML, KOMIX HERBAL ORI PACK, KOMIX HERBAL PEPPERMINT, KOMIX KID OBH PE, PUYER OSK BT NO.16/BOX, WAISAN NEW FORMULA  /LUSIN
125017798;Februari 20, 2025;KOMIX HERBAL JERUK NIPIS, KOMIX HERBAL PEPPERMINT
125017816;Februari 20, 2025;KOMIX HERBAL 15 ML, WOODS COUGH SYR ATT  60ML, CEREBROFORT M.G. AGGR SCH, WOODS LOZ HONEY LEMON
125017817;Februari 20, 2025;KOMIX HERBAL 15 ML, PROMAG SUSPENSI BTL 60 ML
125017820;Februari 20, 2025;WOODS COUGH SYR ATT 100ML, WOODS COUGH SYR ATT  60ML, WOODS EXPECTORANT 60 ML, WOODS EXPECTORANT 100 ML, WAISAN NEW FORMULA  /LUSIN
125017824;Februari 20, 2025;ENTROSTOP HERBAL ANAK, PROMAG SUSPENSI BTL 60 ML, ENTROSTOP 10'S, PROMAG TABLET
125017833;Februari 20, 2025;CEREBROFORT GOLD ORANGE 100 ML, CEREBROFORT GOLD STRAWBERY, KOMIX HERBAL 15 ML, WOODS COUGH SYR ATT  60ML, WOODS EXPECTORANT 60 ML, PUYER OSK BT NO.16/BOX, WAISAN NEW FORMULA  /LUSIN
125017834;Februari 20, 2025;KOMIX HERBAL JERUK NIPIS, KOMIX HERBAL ORI PACK, PROMAG HERBAL 15 ML, SAKATONIK ACTIV MULTIVIT ZAT BESI - KAPLET 6S
125017841;Februari 20, 2025;WOODS LOZENGES CHERRY 6'S, WOODS LOZENGES ORANGE VITAMIN C
125017849;Februari 20, 2025;KALPANAX K CREAM 5 GR, MIXAGRIP FLU KAPLET 25X4, PROCOLD FLU PE
125017856;Februari 20, 2025;KALPANAX KRIM 10 GR, WOODS COUGH SYR ATT 100ML, WOODS COUGH SYR ATT  60ML
125017859;Februari 20, 2025;KALPANAX K CREAM 5 GR, KALPANAX KRIM 10 GR, PROMAG HERBAL 15 ML, PROCOLD FLU PE, PROMAG TABLET
125017861;Februari 20, 2025;SKT ACTIV SIRUP 100 ML, SKT ACTIV SIRUP 300 ML
125017862;Februari 20, 2025;KOMIX HERBAL JERUK NIPIS, KOMIX HERBAL 15 ML, KOMIX HERBAL ORI PACK
125017867;Februari 20, 2025;KOMIX JAHE G-FORMULA 6'S, KOMIX J.NIPIS G-FORMULA B, KOMIX OBH PE
125017880;Februari 20, 2025;PROMAG SUSPENSI BTL 60 ML, PROMAG TABLET
125017895;Februari 20, 2025;PROMAG SUSPENSI BTL 60 ML, PROMAG HERBAL 15 ML, FATIGON SPIRIT BOX 10X6S
125017904;Februari 20, 2025;KOMIX J.NIPIS G-FORMULA B, KOMIX OBH PE
125017906;Februari 20, 2025;PROMAG HERBAL 15 ML, SAKATONIK ABC STRAW 30TAB, SAKATONIK ABC ANGGUR30TAB, SAKATONIK ABC ORANGE 30TAB
125017927;Februari 20, 2025;SKT ACTIV SIRUP 100 ML, SKT ACTIV SIRUP 300 ML, ENTROSTOP 10'S
125017930;Februari 20, 2025;WOODS COUGH SYR ATT 100ML, WOODS COUGH SYR ATT  60ML
125017931;Februari 20, 2025;PROMAG HERBAL 15 ML, PROMAG TABLET
125017936;Februari 20, 2025;KOMIX HERBAL 15 ML, PROMAG HERBAL 15 ML
125017939;Februari 20, 2025;KOMIX HERBAL JERUK NIPIS, KOMIX HERBAL ORI PACK, KOMIX HERBAL PEPPERMINT, B7 SLASI JERUK NIPIS 12'S
125017942;Februari 20, 2025;CEREBROFORT GOLD ORANGE 100 ML, CEREBROFORT GOLD STRAWBERY, KOMIX HERBAL 15 ML, WOODS COUGH SYR ATT  60ML, WOODS EXPECTORANT 60 ML, PUYER OSK BT NO.16/BOX, WAISAN NEW FORMULA  /LUSIN
125017943;Februari 20, 2025;KALPANAX SALEP 6G/12, CEREBROFORT GOLD ORANGE 100 ML, CEREBROFORT GOLD STRAWBERY, KOMIX J.NIPIS G-FORMULA B, KOMIX HERBAL 15 ML, WOODS COUGH SYR ATT  60ML, WOODS EXPECTORANT 60 ML, PUYER OSK BT NO.16/BOX, WAISAN NEW FORMULA  /LUSIN, PROMAG TABLET
125017944;Februari 20, 2025;PUYER OSK BT NO.16/BOX, WOODS EXPECTORANT 60 ML
125017946;Februari 20, 2025;KOMIX HERBAL 15 ML, MIXAGRIP HERBAL GREGES, PROMAG HERBAL 15 ML
125017953;Februari 20, 2025;KOMIX OBH PE, ENTROSTOP 10'S
125018022;Februari 20, 2025;KOMIX HERBAL PEPPERMINT, CEREBROFORT GOLD ORANGE 200 ML
125018047;Februari 20, 2025;KOMIX HERBAL JERUK NIPIS, KOMIX HERBAL PEPPERMINT
125018058;Februari 20, 2025;KOMIX JAHE G-FORMULA 6'S, KOMIX KID STRAWBERRY PACK, KOMIX J.NIPIS G-FORMULA B
125018069;Februari 20, 2025;KOMIX HERBAL 15 ML, KOMIX OBH PE, PUYER OSK BT NO.16/BOX
125018071;Februari 20, 2025;KALPANAX K CREAM 5 GR, KALPANAX KRIM 10 GR, CEREBROFORT M.G. AGGR SCH, CEREBROFORT MG MGA SCH, CEREBROFORT MG JRK SCH, CEREBROFORT MG STRAW SCH, FATIGON SPIRIT BOX 10X6S
125018100;Februari 20, 2025;ENTROSTOP HERBAL ANAK, ENTROSTOP 10'S, WOODS COUGH SYR ATT 100ML, WOODS COUGH SYR ATT  60ML, WOODS EXPECTORANT 60 ML, WOODS EXPECTORANT 100 ML
125018103;Februari 20, 2025;EXTRA JOSS ACTIVE 12SCH, MIXAGRIP HERBAL GREGES
125018110;Februari 20, 2025;CEREBROFORT GOLD ORANGE 100 ML, CEREBROFORT GOLD STRAWBERY, KOMIX HERBAL 15 ML, WOODS COUGH SYR ATT  60ML, WOODS EXPECTORANT 60 ML, PUYER OSK BT NO.16/BOX, WAISAN NEW FORMULA  /LUSIN
125018126;Februari 20, 2025;EXTRA JOSS SPORT GEL 2 TB, EXTRA JOSS ACTIVE 6 SCH
125018128;Februari 20, 2025;KALPANAX K CREAM 5 GR, PROMAG SUSPENSI 10ML/6, WOODS EXPECTORANT 60 ML, ENTROSTOP 10'S
125018129;Februari 20, 2025;KALPANAX SALEP 6G/12, PROMAG HERBAL 15 ML, CEREBROFORT M.G. AGGR SCH, FATIGON SPIRIT BOX 10X6S, SAKATONIK ACTIV MULTIVIT ZAT BESI - KAPLET 6S, SAKATONIK ABC STRAW 30TAB, XONCE TAB BOX 50'S
125018150;Februari 20, 2025;CEREBROFORT GOLD ORANGE 100 ML, CEREBROFORT GOLD STRAWBERY, KOMIX HERBAL 15 ML, WOODS COUGH SYR ATT  60ML, WOODS EXPECTORANT 60 ML, PUYER OSK BT NO.16/BOX, WAISAN NEW FORMULA  /LUSIN
125018161;Februari 21, 2025;MIXAGRIP HERBAL GREGES, PROMAG HERBAL 15 ML
125018182;Februari 21, 2025;KOMIX HERBAL JAHE, KOMIX HERBAL JERUK NIPIS, KOMIX HERBAL ORI PACK, KOMIX HERBAL PEPPERMINT, PROMAG HERBAL 15 ML
125018190;Februari 21, 2025;KOMIX HERBAL 15 ML, CEREBROFORT GOLD ORANGE 100 ML, CEREBROFORT GOLD STRAWBERY, FATIGON KAPLET 10X6S, FATIGON SPIRIT BOX 10X6S
125018216;Februari 21, 2025;KALPANAX K CREAM 5 GR, KALPANAX KRIM 10 GR
125018218;Februari 21, 2025;MIXAGRIP FLU KAPLET 25X4, PROCOLD FLU PE
125018256;Februari 21, 2025;KOMIX JAHE G-FORMULA 6'S, KOMIX PEPP.G-FORMULA BOX
125018258;Februari 21, 2025;B7 SLASI JERUK NIPIS 12'S, PROMAG HERBAL 15 ML, WOODS COUGH SYR ATT 100ML, WOODS COUGH SYR ATT  60ML
125018265;Februari 21, 2025;CEREBROFORT GOLD STRAWBERY, WOODS LOZENGES ORANGE VITAMIN C
125018266;Februari 21, 2025;KOMIX HERBAL JAHE, WOODS EXPECTORANT 60 ML, PROMAG TABLET
125018270;Februari 21, 2025;WOODS COUGH SYR ATT 100ML, WOODS COUGH SYR ATT  60ML, SAKATONIK ABC ANTARIKSA 30 TAB, SAKATONIK ABC STRAW 30TAB, SKT ABC CURCUMA MADU
125018272;Februari 21, 2025;BEJO JAHE MERAH HERBAL 6S MT, SKT ACTIV SIRUP 100 ML, SAKATONIK ABC ORANGE 30TAB
125018279;Februari 21, 2025;PROMAG HERBAL 15 ML, PROMAG TABLET
125018289;Februari 21, 2025;MIXAGRIP HERBAL GREGES, FATIGON SPIRIT BOX 10X6S, ENTROSTOP 10'S
125018313;Februari 21, 2025;KOMIX HERBAL JAHE, KOMIX HERBAL JERUK NIPIS, KOMIX HERBAL ORI PACK, B7 SLASI JERUK NIPIS 12'S, EXTRA JOSS MANGGA LAKI
125018332;Februari 21, 2025;CEREBROFORT GOLD ORANGE 100 ML, CEREBROFORT GOLD STRAWBERY, KOMIX HERBAL 15 ML, WOODS COUGH SYR ATT  60ML, WOODS EXPECTORANT 60 ML, PUYER OSK BT NO.16/BOX, WAISAN NEW FORMULA  /LUSIN
125018334;Februari 21, 2025;CEREBROFORT GOLD ORANGE 100 ML, CEREBROFORT GOLD ORANGE 200 ML, PROMAG TABLET
125018366;Februari 21, 2025;CEREBROFORT GOLD ORANGE 100 ML, CEREBROFORT GOLD STRAWBERY
125018374;Februari 21, 2025;KOMIX HERBAL JAHE, KOMIX HERBAL PEPPERMINT, SAKATONIK ABC ORANGE 30TAB, WOODS LOZENGES 6'S
125018375;Februari 21, 2025;SKT ACTIV SIRUP 100 ML, SKT ACTIV SIRUP 300 ML, SAKATONIK ABC ORANGE 30TAB
125018380;Februari 21, 2025;PROMAG HERBAL 15 ML, PROMAG TABLET
125018385;Februari 21, 2025;KOMIX HERBAL 15 ML, PUYER OSK BT NO.16/BOX, WAISAN NEW FORMULA  /LUSIN, CEREBROFORT GOLD ORANGE 100 ML, CEREBROFORT GOLD STRAWBERY, WOODS COUGH SYR ATT  60ML, WOODS EXPECTORANT 60 ML
125018396;Februari 21, 2025;PUYER OSK BT NO.16/BOX, WAISAN NEW FORMULA  /LUSIN, WOODS COUGH SYR ATT  60ML
125018398;Februari 21, 2025;SAKATONIK ABC ANTARIKSA 30 TAB, SKT ABC CURCUMA MADU
125018402;Februari 21, 2025;PROMAG SUSPENSI BTL 60 ML, PROMAG HERBAL 15 ML, PROMAG TABLET
125018404;Februari 21, 2025;SAKATONIK ABC STRAW 30TAB, SAKATONIK ABC ANGGUR30TAB, SAKATONIK ABC ORANGE 30TAB
125018407;Februari 21, 2025;KOMIX J.NIPIS G-FORMULA B, KOMIX PEPP.G-FORMULA BOX, KOMIX HERBAL 15 ML
125018408;Februari 21, 2025;CEREBROFORT GOLD ORANGE 200 ML, CEREBROFORT GOLD STRAWBERY, PROMAG SUSPENSI 10ML/6, PROMAG HERBAL 15 ML, ENTROSTOP 10'S, PROMAG TABLET, SAKATONIK ABC STRAW 30TAB
125018421;Februari 21, 2025;KOMIX HERBAL 15 ML, KOMIX HERBAL ORI PACK, ENTROSTOP HERBAL ANAK, MIXAGRIP HERBAL GREGES, PROMAG HERBAL 15 ML, CEREBROFORT MG MGA SCH, CEREBROFORT MG STRAW SCH, WOODS LOZENGES 6'S
125018424;Februari 21, 2025;KOMIX HERBAL 15 ML, KOMIX HERBAL ORI PACK, KOMIX HERBAL PEPPERMINT, ENTROSTOP HERBAL ANAK, MIXAGRIP HERBAL GREGES, PROMAG HERBAL 15 ML, WOODS NATURALS SYR 60 ML
125018439;Februari 21, 2025;CEREBROFORT GOLD ORANGE 100 ML, CEREBROFORT GOLD STRAWBERY, WOODS COUGH SYR ATT  60ML, WOODS EXPECTORANT 60 ML, PUYER OSK BT NO.16/BOX, WAISAN NEW FORMULA  /LUSIN
125018441;Februari 21, 2025;BEJO JAHE MERAH HERBAL 12 SC, KOMIX HERBAL JAHE, MIXAGRIP HERBAL GREGES, PROMAG HERBAL 15 ML, CEREBROFORT MG MGA SCH, CEREBROFORT MG JRK SCH, CEREBROFORT MG STRAW SCH, WOODS LOZENGES 6'S
125018464;Februari 21, 2025;CEREBROFORT GOLD ORANGE 100 ML, PROMAG TABLET
125018467;Februari 21, 2025;KOMIX KID STRAWBERRY PACK, PROCOLD FLU BATUK PE
125018478;Februari 21, 2025;KALPANAX SALEP 6G/12, SAKATONIK ABC STRAW 30TAB
125018484;Februari 21, 2025;SAKATONIK ABC ANTARIKSA 30 TAB, SAKATONIK ABC ANGGUR30TAB
125018487;Februari 21, 2025;BEJO JAHE MERAH HERBAL 12 SC, WOODS COUGH SYR ATT  60ML, WOODS EXPECTORANT 60 ML, PROMAG TABLET
125018496;Februari 21, 2025;KOMIX HERBAL 15 ML, EXTRA JOSS MANGGA LAKI, ENTROSTOP HERBAL ANAK, MIXAGRIP HERBAL GREGES, PROMAG HERBAL 15 ML, WOODS NATURALS SYR 60 ML, CEREBROFORT M.G. AGGR SCH, CEREBROFORT MG JRK SCH, WOODS LOZENGES 6'S
125018499;Februari 21, 2025;CEREBROFORT GOLD ORANGE 100 ML, CEREBROFORT GOLD STRAWBERY, KOMIX HERBAL 15 ML, WOODS COUGH SYR ATT  60ML, WOODS EXPECTORANT 60 ML, PUYER OSK BT NO.16/BOX, WAISAN NEW FORMULA  /LUSIN
125018502;Februari 21, 2025;KOMIX HERBAL 15 ML, MIXAGRIP HERBAL GREGES, SKT ACTIV SIRUP 100 ML, SKT ACTIV SIRUP 300 ML, CEREBROFORT MG MGA SCH, WOODS LOZENGES 6'S
125018509;Februari 21, 2025;BEJO JAHE MERAH HERBAL 12 SC, KOMIX HERBAL JERUK NIPIS, KOMIX HERBAL 15 ML, KOMIX HERBAL ORI PACK
125018510;Februari 21, 2025;PUYER OSK BT NO.16/BOX, SKT ACTIV SIRUP 100 ML, SKT ACTIV SIRUP 300 ML, FATIGON SPIRIT BOX 10X6S
125018569;Februari 21, 2025;BEJO JAHE MERAH HERBAL 6S MT, KOMIX HERBAL JAHE, KOMIX HERBAL JERUK NIPIS, KOMIX HERBAL 15 ML, KOMIX HERBAL ORI PACK, KOMIX HERBAL PEPPERMINT, PROMAG HERBAL 15 ML
125018577;Februari 21, 2025;KOMIX HERBAL JAHE, KOMIX HERBAL JERUK NIPIS, KOMIX HERBAL ORI PACK
125018619;Februari 21, 2025;WOODS COUGH SYR ATT 100ML, WOODS EXPECTORANT 60 ML, WOODS EXPECTORANT 100 ML
125018624;Februari 21, 2025;CEREBROFORT M.G. AGGR SCH, SAKATONIK ABC ANTARIKSA 30 TAB, SKT ABC CURCUMA MADU
125018633;Februari 21, 2025;PROMAG SUSPENSI 10ML/6, ENTROSTOP 10'S
125018634;Februari 21, 2025;BEJO JAHE MERAH HERBAL 6S MT, EXTRA JOSS SPORT GEL 2 TB, KOMIX HERBAL 15 ML, KOMIX HERBAL ORI PACK
125018636;Februari 21, 2025;PROMAG HERBAL 15 ML, WOODS NATURALS SYR 60 ML, CEREBROFORT M.G. AGGR SCH, CEREBROFORT MG STRAW SCH, FATIGON SPIRIT BOX 10X6S, SAKATONIK ACTIV MULTIVIT ZAT BESI - KAPLET 6S, SAKATONIK ABC STRAW 30TAB
125018644;Februari 21, 2025;MIXAGRIP FLU KAPLET 25X4, PROCOLD FLU PE
125018698;Februari 22, 2025;WOODS COUGH SYR ATT  60ML, WOODS EXPECTORANT 60 ML
125018702;Februari 22, 2025;CEREBROFORT GOLD ORANGE 100 ML, CEREBROFORT GOLD STRAWBERY, KOMIX HERBAL 15 ML, WOODS COUGH SYR ATT  60ML, WOODS EXPECTORANT 60 ML, PUYER OSK BT NO.16/BOX, WAISAN NEW FORMULA  /LUSIN
125018703;Februari 22, 2025;CEREBROFORT GOLD ORANGE 100 ML, CEREBROFORT GOLD STRAWBERY, KOMIX HERBAL 15 ML, WOODS COUGH SYR ATT  60ML, WOODS EXPECTORANT 60 ML, PUYER OSK BT NO.16/BOX, WAISAN NEW FORMULA  /LUSIN
125018726;Februari 22, 2025;KALPANAX SALEP 6G/12, KOMIX OBH PE, PROMAG TABLET, WOODS COUGH SYR ATT  60ML
125018733;Februari 22, 2025;KALPANAX K CREAM 5 GR, KALPANAX KRIM 10 GR
125018735;Februari 22, 2025;KOMIX HERBAL 15 ML, WOODS COUGH SYR ATT  60ML, WOODS EXPECTORANT 60 ML
125018736;Februari 22, 2025;CEREBROFORT GOLD ORANGE 100 ML, CEREBROFORT GOLD STRAWBERY
125018782;Februari 22, 2025;FATIGON SPIRIT BOX 10X6S, PROCOLD FLU PE
125018790;Februari 22, 2025;PUYER OSK BT NO.16/BOX, CEREBROFORT GOLD STRAWBERY, ENTROSTOP HERBAL ANAK, WOODS EXPECTORANT 60 ML, ENTROSTOP 10'S, PROMAG TABLET, SAKATONIK ABC STRAW 30TAB
125018799;Februari 22, 2025;SKT ACTIV SIRUP 100 ML, PROMAG TABLET
125018800;Februari 22, 2025;KOMIX HERBAL JAHE, KOMIX HERBAL ORI PACK, KOMIX HERBAL PEPPERMINT, WOODS COUGH SYR ATT  60ML
125018802;Februari 22, 2025;ENTROSTOP 10'S, PROMAG TABLET
125018810;Februari 22, 2025;KOMIX HERBAL JAHE, KOMIX HERBAL JERUK NIPIS, MIXAGRIP FLU KAPLET 25X4
125018814;Februari 22, 2025;WOODS EXPECTORANT 60 ML, WOODS LOZENGES 6'S
125018825;Februari 22, 2025;KOMIX HERBAL JERUK NIPIS, KOMIX HERBAL 15 ML, KOMIX HERBAL ORI PACK, KOMIX OBH PE, KALPANAX K CREAM 5 GR, ENTROSTOP HERBAL ANAK, PROMAG HERBAL 15 ML, WOODS COUGH SYR ATT  60ML, WOODS EXPECTORANT 100 ML, ENTROSTOP 10'S, WOODS LOZENGES 6'S
125018827;Februari 22, 2025;KALPANAX SALEP 6G/12, KOMIX JAHE G-FORMULA BOX, KOMIX HERBAL JAHE, KOMIX HERBAL JERUK NIPIS, KOMIX HERBAL 15 ML, KOMIX KID OBH PE, EXTRA JOSS ACTIVE 12SCH, PUYER OSK BT NO.16/BOX
125018830;Februari 22, 2025;KOMIX KID OBH PE, KOMIX OBH PE
125018853;Februari 22, 2025;PROMAG SUSPENSI BTL 60 ML, PROMAG HERBAL 15 ML, PROMAG TABLET
125018854;Februari 22, 2025;BEJO JAHE MERAH HERBAL 12 SC, KOMIX HERBAL JAHE, KOMIX HERBAL JERUK NIPIS, KOMIX HERBAL 15 ML, KOMIX HERBAL ORI PACK, KOMIX HERBAL PEPPERMINT, MIXAGRIP HERBAL GREGES
125018855;Februari 22, 2025;KOMIX HERBAL JAHE, PUYER OSK BT NO.16/BOX, ENTROSTOP HERBAL ANAK, WOODS COUGH SYR ATT  60ML, WOODS EXPECTORANT 60 ML, CEREBROFORT MG STRAW SCH, FATIGON KAPLET 10X6S, FATIGON SPIRIT BOX 10X6S, ENTROSTOP 10'S, WOODS LOZENGES CHERRY 6'S, WOODS LOZENGES 6'S, WOODS LOZENGES ORANGE VITAMIN C
125018861;Februari 22, 2025;WOODS COUGH SYR ATT  60ML, WOODS EXPECTORANT 60 ML, CEREBROFORT M.G. AGGR SCH, CEREBROFORT MG JRK SCH, CEREBROFORT MG STRAW SCH
125018864;Februari 22, 2025;KOMIX HERBAL JAHE, KOMIX HERBAL JERUK NIPIS, KOMIX HERBAL ORI PACK, KOMIX HERBAL PEPPERMINT, PROMAG TABLET
125018884;Februari 22, 2025;ENTROSTOP 10'S, PROMAG TABLET
125018887;Februari 22, 2025;EXTRA JOSS GO RASA ANGGUR, EXTRA JOSS MANGGA LAKI
125018889;Februari 22, 2025;KOMIX HERBAL ORI PACK, SAKATONIK ABC STRAW 30TAB, SAKATONIK ABC ANGGUR30TAB, SAKATONIK ABC ORANGE 30TAB
125018893;Februari 22, 2025;KALPANAX K CREAM 5 GR, KALPANAX KRIM 10 GR, KOMIX HERBAL 15 ML, PUYER OSK BT NO.16/BOX, ENTROSTOP 10'S
125018946;Februari 22, 2025;BEJO JAHE MERAH HERBAL 12 SC, MIXAGRIP HERBAL GREGES, PROMAG HERBAL 15 ML, CEREBROFORT MG MGA SCH, WOODS LOZENGES 6'S
125018947;Februari 22, 2025;BEJO JAHE MERAH HERBAL 12 SC, MIXAGRIP HERBAL GREGES, PROMAG HERBAL 15 ML, WOODS LOZENGES 6'S
125018948;Februari 22, 2025;BEJO JAHE MERAH HERBAL 12 SC, MIXAGRIP HERBAL GREGES
125018951;Februari 22, 2025;BEJO JAHE MERAH HERBAL 12 SC, EXTRA JOSS ACTIVE 12SCH, MIXAGRIP HERBAL GREGES
125018958;Februari 22, 2025;KOMIX J.NIPIS G-FORMULA B, KOMIX OBH PE, PUYER OSK BT NO.16/BOX, WAISAN NEW FORMULA  /LUSIN
125018959;Februari 22, 2025;KALPANAX K CREAM 5 GR, PUYER OSK BT NO.16/BOX, WAISAN NEW FORMULA  /LUSIN
125018960;Februari 22, 2025;BEJO JAHE MERAH HERBAL 6S MT, ENTROSTOP 10'S
125018974;Februari 22, 2025;ENTROSTOP HERBAL ANAK, PROMAG TABLET
125018983;Februari 22, 2025;BEJO JAHE MERAH HERBAL 12 SC, KOMIX HERBAL JAHE, KOMIX HERBAL PEPPERMINT
125018988;Februari 22, 2025;WOODS LOZENGES 6'S, WOODS LOZENGES LEMON VITAMIN C
125019018;Februari 24, 2025;KOMIX JAHE G-FORMULA BOX, KOMIX J.NIPIS G-FORMULA B, KOMIX OBH PE, PUYER OSK BT NO.16/BOX, WAISAN NEW FORMULA  /LUSIN
125019019;Februari 24, 2025;WOODS EXPECTORANT 60 ML, WOODS EXPECTORANT 100 ML
125019028;Februari 24, 2025;WOODS LOZENGES CHERRY 6'S, WOODS LOZENGES 6'S, WOODS LOZENGES LEMON VITAMIN C
125019030;Februari 24, 2025;PUYER OSK BT NO.16/BOX, PROCOLD FLU PE
125019034;Februari 24, 2025;CEREBROFORT M.G. AGGR SCH, CEREBROFORT MG MGA SCH, CEREBROFORT MG JRK SCH, CEREBROFORT MG STRAW SCH, SAKATONIK ABC ANTARIKSA 30 TAB, SAKATONIK ABC STRAW 30TAB, SAKATONIK ABC ANGGUR30TAB, SAKATONIK ABC ORANGE 30TAB, SKT ABC CURCUMA MADU
125019037;Februari 24, 2025;CEREBROFORT M.G. AGGR SCH, CEREBROFORT MG MGA SCH, CEREBROFORT MG JRK SCH, CEREBROFORT MG STRAW SCH
125019044;Februari 24, 2025;KOMIX JAHE G-FORMULA BOX, KOMIX J.NIPIS G-FORMULA B
125019049;Februari 24, 2025;KALPANAX K CREAM 5 GR, KALPANAX SALEP 6G/12, KALPANAX KRIM 10 GR
125019061;Februari 24, 2025;BEJO JAHE MERAH HERBAL 12 SC, WOODS COUGH SYR ATT  60ML, PROMAG TABLET
125019072;Februari 24, 2025;WOODS COUGH SYR ATT 100ML, WOODS COUGH SYR ATT  60ML, WOODS EXPECTORANT 60 ML, WOODS EXPECTORANT 100 ML, WOODS NATURALS SYR 60 ML
125019078;Februari 24, 2025;ENTROSTOP HERBAL ANAK, PROMAG HERBAL 15 ML, ENTROSTOP 10'S, PROCOLD FLU PE
125019081;Februari 24, 2025;ENTROSTOP HERBAL ANAK, SKT ABC CURCUMA MADU
125019082;Februari 24, 2025;KOMIX HERBAL 15 ML, KOMIX OBH PE, PROMAG HERBAL 15 ML
125019094;Februari 24, 2025;KALPANAX K CREAM 5 GR, KALPANAX SALEP 6G/12, KALPANAX KRIM 10 GR
125019095;Februari 24, 2025;BEJO JAHE MERAH HERBAL 12 SC, WOODS COUGH SYR ATT  60ML, WOODS EXPECTORANT 60 ML
125019100;Februari 24, 2025;KOMIX HERBAL JERUK NIPIS, KOMIX HERBAL 15 ML
125019103;Februari 24, 2025;ENTROSTOP HERBAL ANAK, ENTROSTOP 10'S
125019106;Februari 24, 2025;CEREBROFORT GOLD ORANGE 200 ML, CEREBROFORT GOLD STRAWBERY, PROMAG SUSPENSI 10ML/6, PROMAG HERBAL 15 ML, FATIGON KAPLET 10X6S, ENTROSTOP 10'S, PROCOLD FLU PE, PROMAG TABLET
125019108;Februari 24, 2025;BEJO JAHE MERAH HERBAL 12 SC, SKT ACTIV SIRUP 100 ML, ENTROSTOP 10'S, WOODS LOZENGES 6'S
125019109;Februari 24, 2025;ENTROSTOP HERBAL ANAK, PROMAG HERBAL 15 ML
125019110;Februari 24, 2025;SAKATONIK ABC ANTARIKSA 30 TAB, SAKATONIK ABC STRAW 30TAB, SAKATONIK ABC ANGGUR30TAB, SAKATONIK ABC ORANGE 30TAB
125019112;Februari 24, 2025;MIXAGRIP HERBAL GREGES, WOODS LOZENGES CHERRY 6'S, WOODS LOZENGES 6'S, WOODS LOZENGES ORANGE VITAMIN C
125019121;Februari 24, 2025;CEREBROFORT GOLD ORANGE 100 ML, PROMAG TABLET
125019122;Februari 24, 2025;BEJO JAHE MERAH HERBAL 12 SC, ENTROSTOP 10'S
125019124;Februari 24, 2025;ENTROSTOP 10'S, PROMAG TABLET
125019129;Februari 24, 2025;SAKATONIK ABC ANTARIKSA 30 TAB, SAKATONIK ABC STRAW 30TAB, SAKATONIK ABC ANGGUR30TAB, SAKATONIK ABC ORANGE 30TAB
125019131;Februari 24, 2025;CEREBROFORT GOLD ORANGE 100 ML, PROCOLD FLU PE
125019138;Februari 24, 2025;KOMIX JAHE G-FORMULA BOX, KOMIX J.NIPIS G-FORMULA B, KOMIX PEPP.G-FORMULA BOX, KOMIX OBH PE
125019141;Februari 24, 2025;WAISAN NEW FORMULA  /LUSIN, PROMAG SUSPENSI BTL 60 ML, PROMAG SUSPENSI 10ML/6, PROMAG HERBAL 15 ML, PROMAG TABLET
125019146;Februari 24, 2025;PROMAG HERBAL 15 ML, CEREBROFORT M.G. AGGR SCH, CEREBROFORT MG MGA SCH, CEREBROFORT MG STRAW SCH, PROMAG TABLET
125019157;Februari 24, 2025;ENTROSTOP 10'S, PROMAG TABLET
125019168;Februari 24, 2025;KALPANAX SALEP 6G/12, WOODS EXPECTORANT 60 ML, PROMAG TABLET, SAKATONIK ABC STRAW 30TAB, SAKATONIK ABC ANGGUR30TAB, SAKATONIK ABC ORANGE 30TAB
125019220;Februari 24, 2025;KOMIX HERBAL 15 ML, KOMIX OBH PE, ENTROSTOP HERBAL DEWASA 15 ML, WOODS COUGH SYR ATT 100ML, WOODS COUGH SYR ATT  60ML, WOODS EXPECTORANT 60 ML, WOODS EXPECTORANT 100 ML
125019233;Februari 24, 2025;KOMIX HERBAL 15 ML, B7 SLASI JERUK NIPIS 12'S, SAKATONIK ABC STRAW 30TAB, SAKATONIK ABC ANGGUR30TAB
125019253;Februari 24, 2025;ENTROSTOP 10'S, PROMAG TABLET
125019258;Februari 24, 2025;PROMAG SUSPENSI BTL 60 ML, PROMAG SUSPENSI 10ML/6, WOODS COUGH SYR ATT 100ML
125019260;Februari 24, 2025;PROMAG HERBAL 15 ML, WOODS COUGH SYR ATT  60ML, ENTROSTOP 10'S, WOODS LOZENGES 6'S
125019263;Februari 24, 2025;BEJO JAHE MERAH HERBAL 12 SC, WOODS EXPECTORANT 60 ML
125019264;Februari 24, 2025;SAKATONIK ABC ANTARIKSA 30 TAB, SAKATONIK ABC STRAW 30TAB
125019267;Februari 24, 2025;CEREBROFORT M.G. AGGR SCH, CEREBROFORT MG JRK SCH, CEREBROFORT MG STRAW SCH
125019283;Februari 24, 2025;CEREBROFORT GOLD ORANGE 100 ML, CEREBROFORT GOLD STRAWBERY
125019297;Februari 24, 2025;CEREBROFORT GOLD ORANGE 100 ML, CEREBROFORT GOLD STRAWBERY, PROMAG TABLET, WOODS COUGH SYR ATT 100ML, WOODS COUGH SYR ATT  60ML, WOODS EXPECTORANT 60 ML, SAKATONIK ABC ANTARIKSA 30 TAB, SAKATONIK ABC STRAW 30TAB, SAKATONIK ABC ORANGE 30TAB
125019299;Februari 24, 2025;PROMAG HERBAL 15 ML, ENTROSTOP 10'S
125019303;Februari 24, 2025;KOMIX HERBAL JAHE, KOMIX HERBAL JERUK NIPIS, KOMIX HERBAL 15 ML, KOMIX HERBAL ORI PACK, KOMIX HERBAL PEPPERMINT
125019314;Februari 24, 2025;BEJO JAHE MERAH HERBAL 12 SC, KOMIX HERBAL 15 ML, MIXAGRIP HERBAL GREGES, FATIGON SPIRIT BOX 10X6S
125019339;Februari 24, 2025;KOMIX OBH PE, B7 SLASI JERUK NIPIS 12'S, EXTRA JOSS ACTIVE 12SCH, EXTRA JOSS GO RASA ANGGUR, PUYER OSK BT NO.16/BOX, CEREBROFORT GOLD ORANGE 100 ML
125019345;Februari 24, 2025;KOMIX HERBAL 15 ML, SKT ABC CURCUMA MADU, WOODS LOZENGES CHERRY 6'S, WOODS LOZENGES 6'S
125019349;Februari 24, 2025;KOMIX HERBAL JAHE, KOMIX HERBAL JERUK NIPIS, KOMIX OBH PE, PUYER OSK BT NO.16/BOX
125019350;Februari 24, 2025;KOMIX HERBAL JAHE, KOMIX HERBAL PEPPERMINT, KOMIX OBH PE, PUYER OSK BT NO.16/BOX
125019356;Februari 24, 2025;KOMIX JAHE G-FORMULA BOX, KOMIX J.NIPIS G-FORMULA B, KOMIX PEPP.G-FORMULA BOX
125019359;Februari 24, 2025;BEJO JAHE MERAH HERBAL 6S MT, KOMIX HERBAL JERUK NIPIS, KOMIX HERBAL 15 ML
125019361;Februari 24, 2025;WOODS NATURALS SYR 60 ML, SAKATONIK ABC ANTARIKSA 30 TAB, SAKATONIK ABC STRAW 30TAB, SAKATONIK ABC ANGGUR30TAB
125019397;Februari 24, 2025;CEREBROFORT M.G. AGGR SCH, CEREBROFORT MG MGA SCH, CEREBROFORT MG JRK SCH, CEREBROFORT MG STRAW SCH, WOODS LOZENGES CHERRY 6'S, WOODS LOZENGES 6'S, WOODS LOZENGES ORANGE VITAMIN C
125019407;Februari 24, 2025;KOMIX HERBAL JAHE, KOMIX HERBAL JERUK NIPIS, KOMIX HERBAL ORI PACK
125019411;Februari 24, 2025;KOMIX JAHE G-FORMULA BOX, KOMIX J.NIPIS G-FORMULA B
125019412;Februari 24, 2025;KOMIX JAHE G-FORMULA BOX, KOMIX J.NIPIS G-FORMULA B
125019424;Februari 24, 2025;KOMIX JAHE G-FORMULA BOX, KOMIX J.NIPIS G-FORMULA B
125019425;Februari 24, 2025;KOMIX HERBAL JERUK NIPIS, KOMIX HERBAL 15 ML, KOMIX HERBAL ORI PACK, KOMIX OBH PE, SAKATONIK ABC ANGGUR30TAB
125019431;Februari 24, 2025;BEJO JAHE MERAH HERBAL 6S MT, KALPANAX K CREAM 5 GR, ENTROSTOP HERBAL ANAK, ENTROSTOP 10'S
125019433;Februari 24, 2025;KOMIX HERBAL JAHE, KOMIX HERBAL JERUK NIPIS, KOMIX HERBAL PEPPERMINT, PUYER OSK BT NO.16/BOX, PROMAG TABLET
125019443;Februari 24, 2025;KOMIX HERBAL JAHE, KOMIX HERBAL JERUK NIPIS, KOMIX HERBAL 15 ML
125019450;Februari 24, 2025;KOMIX HERBAL 15 ML, KALPANAX K CREAM 5 GR
125019452;Februari 24, 2025;WOODS NATURALS SYR 60 ML, SAKATONIK ABC STRAW 30TAB
125019459;Februari 24, 2025;FATIGON KAPLET 10X6S, PROMAG TABLET
125019471;Februari 24, 2025;BEJO JAHE MERAH HERBAL 12 SC, KOMIX HERBAL 15 ML, MIXAGRIP HERBAL GREGES, FATIGON SPIRIT BOX 10X6S
125019482;Februari 24, 2025;PROMAG SUSPENSI BTL 60 ML, PROMAG TABLET
125019483;Februari 24, 2025;CEREBROFORT GOLD ORANGE 100 ML, CEREBROFORT GOLD STRAWBERY, KOMIX HERBAL 15 ML, WOODS COUGH SYR ATT  60ML, WOODS EXPECTORANT 60 ML, PUYER OSK BT NO.16/BOX, WAISAN NEW FORMULA  /LUSIN
125019497;Februari 24, 2025;CEREBROFORT GOLD ORANGE 100 ML, ENTROSTOP HERBAL ANAK, WOODS LOZENGES CHERRY 6'S, WOODS LOZENGES 6'S
125019498;Februari 24, 2025;BEJO JAHE MERAH HERBAL 12 SC, EXTRA JOSS ACTIVE 12SCH
125019505;Februari 24, 2025;BEJO JAHE MERAH PACK 12SC, MIXAGRIP HERBAL GREGES
125019525;Februari 24, 2025;CEREBROFORT GOLD ORANGE 100 ML, CEREBROFORT GOLD STRAWBERY
125019529;Februari 24, 2025;SAKATONIK ABC ANTARIKSA 30 TAB, SAKATONIK ABC STRAW 30TAB, SAKATONIK ABC ANGGUR30TAB
125019540;Februari 24, 2025;KOMIX HERBAL JAHE, KOMIX HERBAL JERUK NIPIS, KOMIX HERBAL ORI PACK, KOMIX OBH PE, PUYER OSK BT NO.16/BOX, WAISAN NEW FORMULA  /LUSIN
125019551;Februari 24, 2025;BEJO JAHE MERAH HERBAL 12 SC, EXTRA JOSS ACTIVE 12SCH, EXTRA JOSS GO RASA ANGGUR, EXTRA JOSS MANGGA LAKI, ENTROSTOP HERBAL ANAK, CEREBROFORT M.G. AGGR SCH, CEREBROFORT MG MGA SCH, WOODS LOZENGES 6'S
125019559;Februari 24, 2025;KOMIX JAHE G-FORMULA BOX, KOMIX J.NIPIS G-FORMULA B
125019567;Februari 24, 2025;WOODS COUGH SYR ATT  60ML, PROCOLD FLU BATUK PE
125019569;Februari 24, 2025;BEJO JAHE MERAH HERBAL 6S MT, KOMIX HERBAL 15 ML, KOMIX HERBAL ORI PACK
125019575;Februari 24, 2025;WOODS EXPECTORANT 60 ML, ENTROSTOP 10'S
125019589;Februari 24, 2025;FATIGON SPIRIT BOX 10X6S, SAKATONIK ACTIV MULTIVIT ZAT BESI - KAPLET 6S, SAKATONIK ABC ANTARIKSA 30 TAB, SAKATONIK ABC STRAW 30TAB, SKT ABC CURCUMA MADU
125019597;Februari 25, 2025;PROMAG HERBAL 15 ML, WOODS EXPECTORANT 100 ML, ENTROSTOP 10'S
125019598;Februari 25, 2025;WOODS LOZENGES 6'S, WOODS LOZENGES LEMON VITAMIN C
125019599;Februari 25, 2025;PROMAG SUSPENSI BTL 60 ML, PROMAG TABLET
125019607;Februari 25, 2025;CEREBROFORT GOLD ORANGE 100 ML, CEREBROFORT GOLD STRAWBERY, KOMIX HERBAL 15 ML, WOODS COUGH SYR ATT  60ML, WOODS EXPECTORANT 60 ML, PUYER OSK BT NO.16/BOX, WAISAN NEW FORMULA  /LUSIN
125019613;Februari 25, 2025;WOODS LOZ HONEY LEMON, WOODS LOZENGES LEMON VITAMIN C
125019640;Februari 25, 2025;PUYER OSK BT NO.16/BOX, WAISAN NEW FORMULA  /LUSIN
125019665;Februari 25, 2025;WAISAN NEW FORMULA  /LUSIN, WOODS EXPECTORANT 60 ML, WOODS LOZENGES 6'S
125019666;Februari 25, 2025;PROMAG SUSPENSI BTL 60 ML, PROMAG SUSPENSI 10ML/6, PROMAG HERBAL 15 ML
125019667;Februari 25, 2025;KOMIX HERBAL JAHE, KOMIX HERBAL PEPPERMINT
125019680;Februari 25, 2025;BEJO JAHE MERAH HERBAL 6S MT, KOMIX HERBAL JAHE, KOMIX HERBAL 15 ML, KOMIX HERBAL ORI PACK, KOMIX OBH PE, B7 SLASI JERUK NIPIS 12'S
125019685;Februari 25, 2025;WOODS COUGH SYR ATT  60ML, WOODS EXPECTORANT 60 ML
125019689;Februari 25, 2025;WOODS EXPECTORANT 60 ML, PROCOLD FLU PE
125019691;Februari 25, 2025;WOODS LOZENGES CHERRY 6'S, WOODS LOZENGES 6'S
125019704;Februari 25, 2025;BEJO JAHE MERAH HERBAL 12 SC, KOMIX HERBAL 15 ML, KOMIX HERBAL ORI PACK
125019707;Februari 25, 2025;SKT ACTIV SIRUP 100 ML, SAKATONIK ABC ANTARIKSA 30 TAB, SKT ABC CURCUMA MADU
125019710;Februari 25, 2025;PUYER OSK BT NO.16/BOX, SKT ABC CURCUMA MADU
125019716;Februari 25, 2025;KALPANAX SALEP 6G/12, FATIGON SPIRIT BOX 10X6S
125019727;Februari 25, 2025;ENTROSTOP HERBAL ANAK, ENTROSTOP 10'S
125019740;Februari 25, 2025;BEJO JAHE MERAH HERBAL 12 SC, KALPANAX SALEP 6G/12
125019741;Februari 25, 2025;WOODS COUGH SYR ATT  60ML, WOODS EXPECTORANT 60 ML
125019742;Februari 25, 2025;WOODS EXPECTORANT 60 ML, PROMAG TABLET
125019753;Februari 25, 2025;WOODS COUGH SYR ATT  60ML, SKT ABC CURCUMA MADU
125019767;Februari 25, 2025;KOMIX HERBAL JAHE, KOMIX HERBAL 15 ML, KOMIX HERBAL ORI PACK, KOMIX HERBAL PEPPERMINT
125019769;Februari 25, 2025;BEJO ANAK JAHE MERAH 5S, BEJO JAHE MERAH HERBAL 12 SC, KOMIX HERBAL JAHE, KOMIX HERBAL 15 ML, KOMIX HERBAL ORI PACK, KOMIX HERBAL PEPPERMINT, B7 SLASI JERUK NIPIS 12'S, EXTRA JOSS GO RASA ANGGUR
125019779;Februari 25, 2025;WOODS COUGH SYR ATT  60ML, WOODS EXPECTORANT 60 ML, WOODS NATURALS SYR 60 ML, SAKATONIK ABC ANTARIKSA 30 TAB, SAKATONIK ABC STRAW 30TAB, SAKATONIK ABC ANGGUR30TAB, SAKATONIK ABC ORANGE 30TAB
125019784;Februari 25, 2025;BEJO JAHE MERAH HERBAL 12 SC, PROMAG HERBAL 15 ML, WOODS COUGH SYR ATT  60ML, WOODS EXPECTORANT 60 ML
125019785;Februari 25, 2025;FATIGON KAPLET 10X6S, FATIGON SPIRIT BOX 10X6S
125019786;Februari 25, 2025;CEREBROFORT GOLD ORANGE 100 ML, CEREBROFORT GOLD STRAWBERY, KOMIX OBH PE, ENTROSTOP 10'S, PROMAG TABLET, FATIGON SPIRIT BOX 10X6S, SAKATONIK ABC ANTARIKSA 30 TAB
125019791;Februari 25, 2025;BEJO JAHE MERAH HERBAL 12 SC, MIXAGRIP HERBAL GREGES, PROMAG HERBAL 15 ML
125019792;Februari 25, 2025;BEJO JAHE MERAH HERBAL 12 SC, MIXAGRIP HERBAL GREGES, PROMAG HERBAL 15 ML
125019798;Februari 25, 2025;KALPANAX SALEP 6G/12, ENTROSTOP HERBAL ANAK, KOMIX HERBAL JAHE, KOMIX HERBAL ORI PACK, PROMAG HERBAL 15 ML, B7 SLASI JERUK NIPIS 12'S
125019800;Februari 25, 2025;CEREBROFORT M.G. AGGR SCH, CEREBROFORT MG JRK SCH, CEREBROFORT MG STRAW SCH, SKT ABC CURCUMA MADU
125019821;Februari 25, 2025;KOMIX HERBAL JAHE, KOMIX HERBAL 15 ML, KOMIX HERBAL ORI PACK, KOMIX HERBAL PEPPERMINT, PUYER OSK BT NO.16/BOX
125019832;Februari 25, 2025;KOMIX HERBAL 15 ML, KOMIX HERBAL ORI PACK, KOMIX HERBAL PEPPERMINT
125019840;Februari 25, 2025;BEJO JAHE MERAH HERBAL 12 SC, KOMIX HERBAL 15 ML, KOMIX HERBAL ORI PACK, KOMIX HERBAL PEPPERMINT
125019855;Februari 25, 2025;CEREBROFORT GOLD ORANGE 100 ML, CEREBROFORT GOLD STRAWBERY, KOMIX HERBAL 15 ML, WOODS COUGH SYR ATT  60ML, WOODS EXPECTORANT 60 ML, PUYER OSK BT NO.16/BOX, WAISAN NEW FORMULA  /LUSIN
125019874;Februari 25, 2025;PROMAG HERBAL 15 ML, PROMAG TABLET
125019880;Februari 25, 2025;BEJO JAHE MERAH HERBAL 6S MT, KOMIX HERBAL 15 ML, KOMIX HERBAL ORI PACK
125019895;Februari 25, 2025;KOMIX JAHE G-FORMULA BOX, KOMIX J.NIPIS G-FORMULA B
125019897;Februari 25, 2025;BEJO JAHE MERAH HERBAL 12 SC, MIXAGRIP HERBAL GREGES, PROMAG HERBAL 15 ML
125019898;Februari 25, 2025;BEJO JAHE MERAH HERBAL 12 SC, MIXAGRIP HERBAL GREGES, PROMAG HERBAL 15 ML
125019900;Februari 25, 2025;CEREBROFORT GOLD ORANGE 100 ML, CEREBROFORT GOLD STRAWBERY, KOMIX HERBAL 15 ML
125019919;Februari 25, 2025;SAKATONIK ABC ANTARIKSA 30 TAB, SAKATONIK ABC STRAW 30TAB, SAKATONIK ABC ORANGE 30TAB, SKT ABC CURCUMA MADU
125019920;Februari 25, 2025;BEJO JAHE MERAH HERBAL 12 SC, FATIGON KAPLET 10X6S, PROMAG TABLET
125019924;Februari 25, 2025;BEJO JAHE MERAH HERBAL 12 SC, KOMIX HERBAL ORI PACK, PROMAG HERBAL 15 ML, XONCE TAB BOX 50'S
125019930;Februari 25, 2025;BEJO JAHE MERAH HERBAL 12 SC, MIXAGRIP HERBAL GREGES, PROMAG HERBAL 15 ML
125019936;Februari 25, 2025;KOMIX OBH PE, WAISAN NEW FORMULA  /LUSIN, PROMAG TABLET
125020015;Februari 25, 2025;BEJO JAHE MERAH HERBAL 12 SC, KOMIX HERBAL ORI PACK, MIXAGRIP HERBAL GREGES
125020019;Februari 25, 2025;BEJO JAHE MERAH HERBAL 12 SC, KOMIX HERBAL 15 ML, KOMIX HERBAL ORI PACK, MIXAGRIP HERBAL GREGES, FATIGON SPIRIT BOX 10X6S, PROMAG TABLET
125020021;Februari 25, 2025;KOMIX HERBAL 15 ML, PROMAG TABLET
125020036;Februari 25, 2025;FATIGON SPIRIT BOX 10X6S, ENTROSTOP 10'S
125020046;Februari 25, 2025;KALPANAX K CREAM 5 GR, KALPANAX KRIM 10 GR, SAKATONIK ABC STRAW 30TAB, SAKATONIK ABC ANGGUR30TAB, SAKATONIK ABC ORANGE 30TAB
125020050;Februari 25, 2025;MIXAGRIP HERBAL GREGES, PROMAG HERBAL 15 ML
125020067;Februari 25, 2025;CEREBROFORT GOLD ORANGE 100 ML, CEREBROFORT GOLD STRAWBERY, KOMIX HERBAL 15 ML, WOODS COUGH SYR ATT  60ML, WOODS EXPECTORANT 60 ML, PUYER OSK BT NO.16/BOX, WAISAN NEW FORMULA  /LUSIN
125020068;Februari 25, 2025;CEREBROFORT GOLD ORANGE 100 ML, CEREBROFORT GOLD STRAWBERY, KOMIX HERBAL 15 ML, WOODS COUGH SYR ATT  60ML, WOODS EXPECTORANT 60 ML, PUYER OSK BT NO.16/BOX, WAISAN NEW FORMULA  /LUSIN
125020069;Februari 25, 2025;CEREBROFORT GOLD ORANGE 100 ML, CEREBROFORT GOLD STRAWBERY, KOMIX HERBAL 15 ML, WOODS COUGH SYR ATT  60ML, WOODS EXPECTORANT 60 ML, PUYER OSK BT NO.16/BOX, WAISAN NEW FORMULA  /LUSIN
125020070;Februari 25, 2025;WOODS NATURALS SYR 60 ML, SAKATONIK ABC ORANGE 30TAB
125020072;Februari 25, 2025;BEJO JAHE MERAH HERBAL 12 SC, PROMAG HERBAL 15 ML
125020078;Februari 25, 2025;BEJO JAHE MERAH HERBAL 12 SC, KOMIX HERBAL JAHE, KOMIX HERBAL 15 ML, KOMIX HERBAL ORI PACK, KOMIX HERBAL PEPPERMINT, MIXAGRIP HERBAL GREGES
125020082;Februari 25, 2025;KOMIX HERBAL 15 ML, PROMAG HERBAL 15 ML, SAKATONIK ABC ANGGUR30TAB, WOODS LOZENGES 6'S
125020088;Februari 25, 2025;BEJO JAHE MERAH HERBAL 12 SC, KOMIX HERBAL ORI PACK, EXTRA JOSS ACTIVE 12SCH
125020090;Februari 25, 2025;BEJO JAHE MERAH HERBAL 12 SC, WOODS LOZENGES 6'S
125020091;Februari 25, 2025;BEJO JAHE MERAH HERBAL 12 SC, MIXAGRIP HERBAL GREGES, PROMAG HERBAL 15 ML, FATIGON SPIRIT BOX 10X6S
125020102;Februari 25, 2025;KOMIX HERBAL JAHE, KOMIX HERBAL 15 ML, KOMIX HERBAL ORI PACK
125020104;Februari 25, 2025;KOMIX HERBAL JAHE, EXTRA JOSS ACTIVE 12SCH, PROMAG HERBAL 15 ML
125020109;Februari 25, 2025;BEJO JAHE MERAH HERBAL 12 SC, EXTRA JOSS ACTIVE 12SCH, MIXAGRIP HERBAL GREGES, PROMAG HERBAL 15 ML, FATIGON SPIRIT BOX 10X6S
125020113;Februari 25, 2025;CEREBROFORT GOLD ORANGE 100 ML, CEREBROFORT GOLD STRAWBERY, KOMIX HERBAL 15 ML, WOODS COUGH SYR ATT  60ML, WOODS EXPECTORANT 60 ML, PUYER OSK BT NO.16/BOX, WAISAN NEW FORMULA  /LUSIN
125020140;Februari 26, 2025;CEREBROFORT GOLD ORANGE 100 ML, CEREBROFORT GOLD STRAWBERY, KOMIX HERBAL 15 ML, WOODS COUGH SYR ATT  60ML, WOODS EXPECTORANT 60 ML, PUYER OSK BT NO.16/BOX, WAISAN NEW FORMULA  /LUSIN
125020141;Februari 26, 2025;CEREBROFORT GOLD ORANGE 100 ML, CEREBROFORT GOLD STRAWBERY, KOMIX HERBAL 15 ML, WOODS COUGH SYR ATT  60ML, WOODS EXPECTORANT 60 ML, PUYER OSK BT NO.16/BOX, WAISAN NEW FORMULA  /LUSIN
125020142;Februari 26, 2025;CEREBROFORT GOLD ORANGE 100 ML, CEREBROFORT GOLD STRAWBERY, KOMIX HERBAL 15 ML, WOODS COUGH SYR ATT  60ML, WOODS EXPECTORANT 60 ML, PUYER OSK BT NO.16/BOX, WAISAN NEW FORMULA  /LUSIN
125020143;Februari 26, 2025;CEREBROFORT GOLD ORANGE 100 ML, CEREBROFORT GOLD STRAWBERY, KOMIX HERBAL 15 ML, WOODS COUGH SYR ATT  60ML, WOODS EXPECTORANT 60 ML, PUYER OSK BT NO.16/BOX, WAISAN NEW FORMULA  /LUSIN
125020144;Februari 26, 2025;CEREBROFORT GOLD ORANGE 100 ML, CEREBROFORT GOLD STRAWBERY, KOMIX HERBAL 15 ML, WOODS COUGH SYR ATT  60ML, WOODS EXPECTORANT 60 ML, PUYER OSK BT NO.16/BOX, WAISAN NEW FORMULA  /LUSIN
125020145;Februari 26, 2025;CEREBROFORT GOLD ORANGE 100 ML, CEREBROFORT GOLD STRAWBERY, KOMIX HERBAL 15 ML, WOODS COUGH SYR ATT  60ML, WOODS EXPECTORANT 60 ML, PUYER OSK BT NO.16/BOX, WAISAN NEW FORMULA  /LUSIN
125020146;Februari 26, 2025;CEREBROFORT GOLD ORANGE 100 ML, CEREBROFORT GOLD STRAWBERY, KOMIX HERBAL 15 ML, WOODS COUGH SYR ATT  60ML, WOODS EXPECTORANT 60 ML, PUYER OSK BT NO.16/BOX, WAISAN NEW FORMULA  /LUSIN
125020147;Februari 26, 2025;CEREBROFORT GOLD ORANGE 100 ML, CEREBROFORT GOLD STRAWBERY, KOMIX HERBAL 15 ML, WOODS COUGH SYR ATT  60ML, WOODS EXPECTORANT 60 ML, PUYER OSK BT NO.16/BOX, WAISAN NEW FORMULA  /LUSIN
125020149;Februari 26, 2025;WOODS COUGH SYR ATT  60ML, WOODS EXPECTORANT 60 ML, ENTROSTOP 10'S, PROMAG TABLET
125020150;Februari 26, 2025;BEJO JAHE MERAH HERBAL 12 SC, KOMIX HERBAL 15 ML, ENTROSTOP HERBAL DEWASA 15 ML, MIXAGRIP HERBAL GREGES, PROMAG HERBAL 15 ML
125020154;Februari 26, 2025;CEREBROFORT GOLD ORANGE 100 ML, CEREBROFORT GOLD STRAWBERY, WAISAN NEW FORMULA  /LUSIN, WOODS COUGH SYR ATT  60ML, WOODS EXPECTORANT 60 ML
125020159;Februari 26, 2025;KALPANAX K CREAM 5 GR, PROMAG SUSPENSI BTL 60 ML
125020177;Februari 26, 2025;CEREBROFORT GOLD ORANGE 100 ML, CEREBROFORT GOLD STRAWBERY, KOMIX HERBAL 15 ML, WOODS COUGH SYR ATT  60ML, WOODS EXPECTORANT 60 ML, PUYER OSK BT NO.16/BOX, WAISAN NEW FORMULA  /LUSIN
125020178;Februari 26, 2025;CEREBROFORT GOLD ORANGE 100 ML, CEREBROFORT GOLD STRAWBERY, KOMIX HERBAL 15 ML, WOODS COUGH SYR ATT  60ML, WOODS EXPECTORANT 60 ML, PUYER OSK BT NO.16/BOX, WAISAN NEW FORMULA  /LUSIN
125020179;Februari 26, 2025;CEREBROFORT GOLD ORANGE 100 ML, CEREBROFORT GOLD STRAWBERY, KOMIX HERBAL 15 ML, WOODS COUGH SYR ATT  60ML, WOODS EXPECTORANT 60 ML, PUYER OSK BT NO.16/BOX, WAISAN NEW FORMULA  /LUSIN
125020180;Februari 26, 2025;CEREBROFORT GOLD ORANGE 100 ML, CEREBROFORT GOLD STRAWBERY, KOMIX HERBAL 15 ML, WOODS COUGH SYR ATT  60ML, WOODS EXPECTORANT 60 ML, PUYER OSK BT NO.16/BOX, WAISAN NEW FORMULA  /LUSIN
125020181;Februari 26, 2025;CEREBROFORT GOLD ORANGE 100 ML, CEREBROFORT GOLD STRAWBERY, KOMIX HERBAL 15 ML, WOODS COUGH SYR ATT  60ML, WOODS EXPECTORANT 60 ML, PUYER OSK BT NO.16/BOX, WAISAN NEW FORMULA  /LUSIN
125020183;Februari 26, 2025;KALPANAX K CREAM 5 GR, KALPANAX SALEP 6G/12, SKT ACTIV SIRUP 100 ML, SAKATONIK ABC STRAW 30TAB, SAKATONIK ABC ANGGUR30TAB, SAKATONIK ABC ORANGE 30TAB
125020186;Februari 26, 2025;PROMAG SUSPENSI 10ML/6, WOODS EXPECTORANT 60 ML
125020189;Februari 26, 2025;KALPANAX SALEP 6G/12, CEREBROFORT M.G. AGGR SCH, CEREBROFORT MG MGA SCH, CEREBROFORT MG JRK SCH, CEREBROFORT MG STRAW SCH
125020206;Februari 26, 2025;KALPANAX K CREAM 5 GR, PROMAG HERBAL 15 ML, PROMAG TABLET
125020207;Februari 26, 2025;SAKATONIK ABC ANTARIKSA 30 TAB, SAKATONIK ABC STRAW 30TAB, SAKATONIK ABC ORANGE 30TAB
125020213;Februari 26, 2025;BEJO JAHE MERAH HERBAL 6S MT, WOODS EXPECTORANT 60 ML, PROMAG TABLET
125020219;Februari 26, 2025;BEJO JAHE MERAH HERBAL 12 SC, KOMIX HERBAL 15 ML, PROMAG HERBAL 15 ML, MIXAGRIP HERBAL GREGES, WOODS LOZENGES 6'S
125020220;Februari 26, 2025;BEJO JAHE MERAH HERBAL 12 SC, KOMIX HERBAL 15 ML, B7 SLASI JERUK NIPIS 12'S, MIXAGRIP HERBAL GREGES, PROMAG HERBAL 15 ML, WOODS LOZENGES 6'S, WOODS LOZENGES ORANGE VITAMIN C, XONCE TAB BOX 50'S
125020229;Februari 26, 2025;KALPANAX K CREAM 5 GR, PROMAG TABLET, WOODS COUGH SYR ATT  60ML, WOODS EXPECTORANT 60 ML, WOODS EXPECTORANT 100 ML
125020231;Februari 26, 2025;WOODS COUGH SYR ATT 100ML, WOODS COUGH SYR ATT  60ML, WOODS EXPECTORANT 60 ML, WOODS EXPECTORANT 100 ML, WOODS NATURALS SYR 60 ML
125020243;Februari 26, 2025;KOMIX HERBAL JAHE, KOMIX HERBAL 15 ML, KOMIX HERBAL PEPPERMINT
125020284;Februari 26, 2025;KALPANAX K CREAM 5 GR, PROMAG TABLET
125020287;Februari 26, 2025;KALPANAX K CREAM 5 GR, ENTROSTOP 10'S, WOODS COUGH SYR ATT 100ML, WOODS COUGH SYR ATT  60ML, WOODS EXPECTORANT 60 ML, WOODS EXPECTORANT 100 ML
125020296;Februari 26, 2025;KALPANAX K CREAM 5 GR, ENTROSTOP 10'S
125020299;Februari 26, 2025;KOMIX HERBAL 15 ML, KALPANAX SALEP 6G/12, CEREBROFORT GOLD ORANGE 200 ML, PROMAG SUSPENSI BTL 60 ML, PROMAG HERBAL 15 ML
125020305;Februari 26, 2025;KOMIX JAHE G-FORMULA BOX, KOMIX J.NIPIS G-FORMULA B
125020309;Februari 26, 2025;SAKATONIK ABC ANTARIKSA 30 TAB, SAKATONIK ABC ANGGUR30TAB, SAKATONIK ABC ORANGE 30TAB
125020314;Februari 26, 2025;BEJO JAHE MERAH HERBAL 12 SC, WOODS EXPECTORANT 100 ML
125020333;Februari 26, 2025;BEJO JAHE MERAH HERBAL 12 SC, MIXAGRIP HERBAL GREGES, PROMAG HERBAL 15 ML, SKT ACTIV SIRUP 100 ML
125020354;Februari 26, 2025;BEJO JAHE MERAH HERBAL 12 SC, KOMIX HERBAL 15 ML, MIXAGRIP HERBAL GREGES
125020355;Februari 26, 2025;BEJO JAHE MERAH HERBAL 12 SC, KOMIX HERBAL 15 ML
125020361;Februari 26, 2025;KOMIX HERBAL 15 ML, SKT ACTIV SIRUP 100 ML, SAKATONIK ACTIV MULTIVIT ZAT BESI - KAPLET 6S
125020381;Februari 26, 2025;CEREBROFORT GOLD ORANGE 100 ML, CEREBROFORT GOLD STRAWBERY, KOMIX HERBAL 15 ML, WOODS COUGH SYR ATT  60ML, WOODS EXPECTORANT 60 ML, PUYER OSK BT NO.16/BOX, WAISAN NEW FORMULA  /LUSIN
125020412;Februari 26, 2025;KALPANAX K CREAM 5 GR, WOODS EXPECTORANT 100 ML, WOODS LOZENGES LEMON VITAMIN C
125020413;Februari 26, 2025;CEREBROFORT GOLD ORANGE 200 ML, PROMAG TABLET
125020414;Februari 26, 2025;SKT ACTIV SIRUP 100 ML, SKT ACTIV SIRUP 300 ML, SAKATONIK ABC ANGGUR30TAB
125020427;Februari 26, 2025;SAKATONIK ABC ANTARIKSA 30 TAB, SAKATONIK ABC STRAW 30TAB, SAKATONIK ABC ANGGUR30TAB, SAKATONIK ABC ORANGE 30TAB
125020440;Februari 26, 2025;CEREBROFORT M.G. AGGR SCH, CEREBROFORT MG JRK SCH
125020458;Februari 26, 2025;PROMAG SUSPENSI 10ML/6, CEREBROFORT MG JRK SCH, CEREBROFORT MG STRAW SCH, PROMAG TABLET
125020509;Februari 26, 2025;KALPANAX K CREAM 5 GR, KALPANAX KRIM 10 GR, FATIGON SPIRIT BOX 10X6S, WOODS LOZENGES CHERRY 6'S
125020517;Februari 26, 2025;CEREBROFORT MG JRK SCH, CEREBROFORT MG STRAW SCH, SAKATONIK ABC ANGGUR30TAB, WOODS LOZENGES CHERRY 6'S
125020539;Februari 26, 2025;KOMIX HERBAL JAHE, KOMIX HERBAL 15 ML, KOMIX HERBAL PEPPERMINT, EXTRA JOSS ACTIVE 12SCH
125020563;Februari 26, 2025;BEJO JAHE MERAH HERBAL 12 SC, B7 SLASI JERUK NIPIS 12'S
125020574;Februari 26, 2025;KOMIX HERBAL 15 ML, PUYER OSK BT NO.16/BOX, WAISAN NEW FORMULA  /LUSIN, CEREBROFORT GOLD ORANGE 100 ML, CEREBROFORT GOLD STRAWBERY, WOODS COUGH SYR ATT  60ML, WOODS EXPECTORANT 60 ML
125020604;Februari 26, 2025;KALPANAX K CREAM 5 GR, SAKATONIK ABC STRAW 30TAB, SAKATONIK ABC ANGGUR30TAB
125020607;Februari 26, 2025;BEJO JAHE MERAH HERBAL 12 SC, WOODS LOZENGES 6'S, WOODS LOZENGES ORANGE VITAMIN C, WOODS LOZENGES LEMON VITAMIN C
125020613;Februari 26, 2025;KOMIX HERBAL 15 ML, KALPANAX K CREAM 5 GR, PROMAG HERBAL 15 ML, WOODS EXPECTORANT 60 ML
125020638;Februari 26, 2025;PROMAG SUSPENSI 10ML/6, SKT ABC CURCUMA MADU
125020639;Februari 26, 2025;PROMAG SUSPENSI 10ML/6, PROMAG HERBAL 15 ML, PROMAG TABLET
125020654;Februari 26, 2025;KOMIX JAHE G-FORMULA BOX, PUYER OSK BT NO.16/BOX, WAISAN NEW FORMULA  /LUSIN
125020655;Februari 26, 2025;EXTRA JOSS ACTIVE 12SCH, WOODS LOZENGES 6'S
125020656;Februari 26, 2025;BEJO JAHE MERAH HERBAL 12 SC, MIXAGRIP HERBAL GREGES
125020657;Februari 26, 2025;BEJO JAHE MERAH HERBAL 12 SC, B7 SLASI JERUK NIPIS 12'S, EXTRA JOSS GO RASA ANGGUR, EXTRA JOSS MANGGA LAKI, ENTROSTOP HERBAL ANAK, CEREBROFORT MG MGA SCH, FATIGON SPIRIT BOX 10X6S
125020658;Februari 26, 2025;BEJO JAHE MERAH HERBAL 12 SC, KOMIX HERBAL 15 ML, EXTRA JOSS MANGGA LAKI, CEREBROFORT GOLD STRAWBERY, ENTROSTOP HERBAL ANAK, PROMAG HERBAL 15 ML, CEREBROFORT MG JRK SCH, CEREBROFORT MG STRAW SCH, WOODS LOZENGES 6'S
125020659;Februari 26, 2025;EXTRA JOSS ACTIVE 12SCH, KALPANAX SALEP 6G/12
125020665;Februari 26, 2025;BEJO JAHE MERAH HERBAL 12 SC, ENTROSTOP HERBAL ANAK, PROMAG HERBAL 15 ML, EXTRA JOSS ACTIVE 12SCH, EXTRA JOSS MANGGA LAKI, MIXAGRIP HERBAL GREGES, WOODS NATURALS SYR 60 ML, CEREBROFORT M.G. AGGR SCH, WOODS LOZENGES 6'S
125020686;Februari 26, 2025;CEREBROFORT GOLD ORANGE 100 ML, CEREBROFORT GOLD STRAWBERY, KOMIX HERBAL 15 ML, WOODS COUGH SYR ATT  60ML, WOODS EXPECTORANT 60 ML, PUYER OSK BT NO.16/BOX, WAISAN NEW FORMULA  /LUSIN
125020688;Februari 26, 2025;PUYER OSK BT NO.16/BOX, WAISAN NEW FORMULA  /LUSIN
125020692;Februari 26, 2025;KOMIX HERBAL JAHE, KALPANAX K CREAM 5 GR, KALPANAX SALEP 6G/12, CEREBROFORT GOLD ORANGE 100 ML, CEREBROFORT GOLD STRAWBERY, FATIGON SPIRIT BOX 10X6S, PROMAG TABLET
125020695;Februari 26, 2025;KOMIX OBH PE, WAISAN NEW FORMULA  /LUSIN
125020701;Februari 26, 2025;SAKATONIK ABC ANTARIKSA 30 TAB, SAKATONIK ABC STRAW 30TAB, SAKATONIK ABC ANGGUR30TAB, SAKATONIK ABC ORANGE 30TAB
125020702;Februari 26, 2025;PUYER OSK BT NO.16/BOX, WAISAN NEW FORMULA  /LUSIN
125020712;Februari 26, 2025;KOMIX HERBAL JAHE, KOMIX HERBAL PEPPERMINT, EXTRA JOSS ACTIVE 12SCH, MIXAGRIP HERBAL GREGES
125020752;Februari 26, 2025;KALPANAX SALEP 6G/12, CEREBROFORT M.G. AGGR SCH, CEREBROFORT MG STRAW SCH
125020754;Februari 26, 2025;WOODS NATURALS SYR 60 ML, FATIGON SPIRIT BOX 10X6S, SAKATONIK ACTIV MULTIVIT ZAT BESI - KAPLET 6S, SAKATONIK ABC ANTARIKSA 30 TAB, SAKATONIK ABC STRAW 30TAB, SKT ABC CURCUMA MADU, XONCE TAB BOX 50'S
125020771;Februari 26, 2025;WOODS LOZENGES 6'S, WOODS LOZENGES LEMON VITAMIN C
125020772;Februari 26, 2025;WOODS COUGH SYR ATT  60ML, PROCOLD FLU BATUK PE
125020773;Februari 26, 2025;KALPANAX K CREAM 5 GR, WOODS EXPECTORANT 60 ML, ENTROSTOP 10'S
125020778;Februari 26, 2025;BEJO JAHE MERAH HERBAL 6S MT, KOMIX HERBAL 15 ML, KOMIX HERBAL ORI PACK, EXTRA JOSS ACTIVE 6 SCH
125020779;Februari 26, 2025;MIXAGRIP HERBAL GREGES, PROMAG HERBAL 15 ML
125020806;Februari 27, 2025;SKT ACTIV SIRUP 300 ML, WOODS EXPECTORANT 60 ML
125020812;Februari 27, 2025;BEJO JAHE MERAH HERBAL 12 SC, MIXAGRIP HERBAL GREGES, PROMAG HERBAL 15 ML
125020814;Februari 27, 2025;BEJO JAHE MERAH HERBAL 12 SC, KOMIX HERBAL 15 ML, MIXAGRIP HERBAL GREGES, PROMAG HERBAL 15 ML, FATIGON KAPLET 10X6S
125020816;Februari 27, 2025;BEJO JAHE MERAH HERBAL 12 SC, PROMAG HERBAL 15 ML, FATIGON SPIRIT BOX 10X6S
125020817;Februari 27, 2025;BEJO JAHE MERAH HERBAL 12 SC, EXTRA JOSS ACTIVE 12SCH, PROMAG HERBAL 15 ML, XONCE TAB BOX 50'S
125020820;Februari 27, 2025;PROMAG HERBAL 15 ML, PROMAG TABLET
125020825;Februari 27, 2025;PUYER OSK BT NO.16/BOX, WAISAN NEW FORMULA  /LUSIN
125020826;Februari 27, 2025;KOMIX KID STRAWBERRY PACK, KOMIX J.NIPIS G-FORMULA B
125020834;Februari 27, 2025;PUYER OSK BT NO.16/BOX, KALPANAX SALEP 6G/12
125020835;Februari 27, 2025;PUYER OSK BT NO.16/BOX, SAKATONIK ABC ORANGE 30TAB
125020841;Februari 27, 2025;BEJO JAHE MERAH HERBAL 12 SC, MIXAGRIP HERBAL GREGES, PROMAG HERBAL 15 ML, FATIGON SPIRIT BOX 10X6S
125020858;Februari 27, 2025;PROMAG SUSPENSI 10ML/6, PROMAG HERBAL 15 ML, MIXAGRIP FLU &BATUK PE, PROMAG TABLET
125020867;Februari 27, 2025;PROMAG SUSPENSI BTL 60 ML, SKT ABC CURCUMA MADU
125020879;Februari 27, 2025;KOMIX HERBAL JAHE, KOMIX HERBAL 15 ML, KOMIX HERBAL PEPPERMINT, SAKATONIK ABC STRAW 30TAB
125020880;Februari 27, 2025;ENTROSTOP 10'S, PROMAG TABLET
125020891;Februari 27, 2025;CEREBROFORT GOLD ORANGE 100 ML, CEREBROFORT GOLD STRAWBERY, KOMIX HERBAL 15 ML, WOODS COUGH SYR ATT  60ML, WOODS EXPECTORANT 60 ML, PUYER OSK BT NO.16/BOX, WAISAN NEW FORMULA  /LUSIN
125020892;Februari 27, 2025;CEREBROFORT GOLD ORANGE 100 ML, CEREBROFORT GOLD STRAWBERY, KOMIX HERBAL 15 ML, WOODS COUGH SYR ATT  60ML, PUYER OSK BT NO.16/BOX, WAISAN NEW FORMULA  /LUSIN
125020894;Februari 27, 2025;KOMIX HERBAL JAHE, KOMIX HERBAL 15 ML, KOMIX HERBAL PEPPERMINT
125020895;Februari 27, 2025;KALPANAX K CREAM 5 GR, PROMAG SUSPENSI 10ML/6, PROMAG HERBAL 15 ML, CEREBROFORT M.G. AGGR SCH, CEREBROFORT MG STRAW SCH, FATIGON SPIRIT BOX 10X6S
125020901;Februari 27, 2025;MIXAGRIP FLU KAPLET 25X4, PROCOLD FLU PE
125020927;Februari 27, 2025;WOODS COUGH SYR ATT  60ML, WOODS EXPECTORANT 60 ML, PUYER OSK BT NO.16/BOX, WAISAN NEW FORMULA  /LUSIN
125020928;Februari 27, 2025;CEREBROFORT GOLD ORANGE 100 ML, CEREBROFORT GOLD STRAWBERY, WOODS COUGH SYR ATT  60ML, WOODS EXPECTORANT 60 ML, WAISAN NEW FORMULA  /LUSIN
125020929;Februari 27, 2025;CEREBROFORT GOLD ORANGE 100 ML, CEREBROFORT GOLD STRAWBERY, KOMIX HERBAL 15 ML, WOODS COUGH SYR ATT  60ML, WOODS EXPECTORANT 60 ML, PUYER OSK BT NO.16/BOX, WAISAN NEW FORMULA  /LUSIN
125020930;Februari 27, 2025;CEREBROFORT GOLD ORANGE 100 ML, CEREBROFORT GOLD STRAWBERY, KOMIX HERBAL 15 ML, WOODS COUGH SYR ATT  60ML, WOODS EXPECTORANT 60 ML, PUYER OSK BT NO.16/BOX, WAISAN NEW FORMULA  /LUSIN
125020935;Februari 27, 2025;KALPANAX K CREAM 5 GR, KALPANAX SALEP 6G/12, PROCOLD FLU PE
125020936;Februari 27, 2025;PROMAG HERBAL 15 ML, WOODS EXPECTORANT 60 ML, FATIGON SPIRIT BOX 10X6S, PROMAG TABLET, SAKATONIK ABC ANTARIKSA 30 TAB, SAKATONIK ABC STRAW 30TAB
125020941;Februari 27, 2025;WOODS EXPECTORANT 60 ML, SAKATONIK ABC STRAW 30TAB, SAKATONIK ABC ANGGUR30TAB, SAKATONIK ABC ORANGE 30TAB
125020944;Februari 27, 2025;PUYER OSK BT NO.16/BOX, WAISAN NEW FORMULA  /LUSIN, ENTROSTOP 10'S
125020946;Februari 27, 2025;KALPANAX K CREAM 5 GR, KALPANAX SALEP 6G/12, KALPANAX KRIM 10 GR
125020951;Februari 27, 2025;BEJO JAHE MERAH HERBAL 12 SC, SKT ACTIV SIRUP 100 ML, SKT ABC CURCUMA MADU
125020962;Februari 27, 2025;KALPANAX K CREAM 5 GR, FATIGON SPIRIT BOX 10X6S, PROCOLD FLU PE, PROMAG TABLET
125020963;Februari 27, 2025;PROMAG SUSPENSI BTL 60 ML, PROMAG SUSPENSI 10ML/6, PROMAG HERBAL 15 ML, ENTROSTOP 10'S
125020984;Februari 27, 2025;KALPANAX KRIM 10 GR, MIXAGRIP FLU KAPLET 25X4, ENTROSTOP 10'S
125020989;Februari 27, 2025;PUYER OSK BT NO.16/BOX, PROMAG SUSPENSI BTL 60 ML, WOODS EXPECTORANT 60 ML, CEREBROFORT MG JRK SCH, CEREBROFORT MG STRAW SCH, PROMAG TABLET
125020998;Februari 27, 2025;CEREBROFORT GOLD ORANGE 100 ML, CEREBROFORT GOLD STRAWBERY, KOMIX HERBAL 15 ML, WOODS COUGH SYR ATT  60ML, WOODS EXPECTORANT 60 ML, PUYER OSK BT NO.16/BOX, WAISAN NEW FORMULA  /LUSIN
125020999;Februari 27, 2025;CEREBROFORT GOLD ORANGE 100 ML, CEREBROFORT GOLD STRAWBERY, KOMIX HERBAL 15 ML, WOODS COUGH SYR ATT  60ML, WOODS EXPECTORANT 60 ML, PUYER OSK BT NO.16/BOX, WAISAN NEW FORMULA  /LUSIN
125021011;Februari 27, 2025;PROMAG SUSPENSI 10ML/6, PROMAG HERBAL 15 ML, PROMAG TABLET
125021022;Februari 27, 2025;CEREBROFORT GOLD ORANGE 100 ML, CEREBROFORT GOLD STRAWBERY, KOMIX HERBAL 15 ML, WOODS COUGH SYR ATT  60ML, WOODS EXPECTORANT 60 ML, PUYER OSK BT NO.16/BOX, WAISAN NEW FORMULA  /LUSIN
125021023;Februari 27, 2025;CEREBROFORT GOLD ORANGE 100 ML, CEREBROFORT GOLD STRAWBERY, KOMIX HERBAL 15 ML, WOODS COUGH SYR ATT  60ML, WOODS EXPECTORANT 60 ML, PUYER OSK BT NO.16/BOX
125021041;Februari 27, 2025;KALPANAX SALEP 6G/12, WOODS EXPECTORANT 60 ML, PROMAG TABLET
125021042;Februari 27, 2025;ENTROSTOP HERBAL DEWASA 15 ML, ENTROSTOP HERBAL ANAK
125021052;Februari 27, 2025;WOODS EXPECTORANT 60 ML, PROMAG TABLET
125021061;Februari 27, 2025;PROMAG HERBAL 15 ML, PROMAG TABLET
125021071;Februari 27, 2025;PROMAG HERBAL 15 ML, PROMAG TABLET
125021074;Februari 27, 2025;CEREBROFORT GOLD ORANGE 100 ML, CEREBROFORT GOLD STRAWBERY, KOMIX HERBAL 15 ML, WOODS COUGH SYR ATT  60ML, WOODS EXPECTORANT 60 ML, PUYER OSK BT NO.16/BOX, WAISAN NEW FORMULA  /LUSIN
125021075;Februari 27, 2025;CEREBROFORT GOLD ORANGE 100 ML, CEREBROFORT GOLD STRAWBERY, KOMIX HERBAL 15 ML, PUYER OSK BT NO.16/BOX, WAISAN NEW FORMULA  /LUSIN
125021149;Februari 27, 2025;PROMAG HERBAL 15 ML, PROMAG TABLET
125021153;Februari 27, 2025;KOMIX KID STRAWBERRY PACK, KOMIX PEPP.G-FORMULA BOX, WOODS COUGH SYR ATT  60ML
125021163;Februari 27, 2025;BEJO JAHE MERAH HERBAL 12 SC, ENTROSTOP HERBAL ANAK
125021183;Februari 27, 2025;CEREBROFORT GOLD ORANGE 100 ML, CEREBROFORT GOLD STRAWBERY, KOMIX HERBAL 15 ML, WOODS COUGH SYR ATT  60ML, WOODS EXPECTORANT 60 ML, PUYER OSK BT NO.16/BOX, WAISAN NEW FORMULA  /LUSIN
125021184;Februari 27, 2025;CEREBROFORT GOLD ORANGE 100 ML, CEREBROFORT GOLD STRAWBERY, KOMIX HERBAL 15 ML, WOODS EXPECTORANT 60 ML, WAISAN NEW FORMULA  /LUSIN
125021211;Februari 27, 2025;KOMIX HERBAL JAHE, PROMAG TABLET
125021212;Februari 27, 2025;CEREBROFORT GOLD ORANGE 100 ML, CEREBROFORT GOLD STRAWBERY, PROMAG SUSPENSI 10ML/6, PROMAG TABLET, SAKATONIK ABC ANTARIKSA 30 TAB, SAKATONIK ABC STRAW 30TAB, SAKATONIK ABC ANGGUR30TAB, SAKATONIK ABC ORANGE 30TAB
125021221;Februari 27, 2025;KOMIX HERBAL JAHE, KOMIX HERBAL 15 ML, KOMIX HERBAL PEPPERMINT, EXTRA JOSS ACTIVE 12SCH, EXTRA JOSS MANGGA LAKI, PROMAG HERBAL 15 ML
125021306;Februari 27, 2025;CEREBROFORT GOLD ORANGE 100 ML, CEREBROFORT GOLD STRAWBERY, KOMIX HERBAL 15 ML, WOODS COUGH SYR ATT  60ML, WOODS EXPECTORANT 60 ML, PUYER OSK BT NO.16/BOX, WAISAN NEW FORMULA  /LUSIN
125021307;Februari 27, 2025;BEJO JAHE MERAH HERBAL 12 SC, KOMIX HERBAL 15 ML, ENTROSTOP HERBAL ANAK, MIXAGRIP HERBAL GREGES, PROMAG HERBAL 15 ML, CEREBROFORT MG STRAW SCH, WOODS LOZENGES 6'S, WOODS LOZENGES ORANGE VITAMIN C
125021312;Februari 27, 2025;BEJO JAHE MERAH HERBAL 12 SC, MIXAGRIP HERBAL GREGES, PROMAG HERBAL 15 ML, FATIGON SPIRIT BOX 10X6S
125021317;Februari 27, 2025;EXTRA JOSS ACTIVE 12SCH, MIXAGRIP HERBAL GREGES
125021322;Februari 27, 2025;BEJO JAHE MERAH HERBAL 12 SC, KOMIX HERBAL JAHE, KOMIX HERBAL 15 ML, KOMIX HERBAL PEPPERMINT, MIXAGRIP HERBAL GREGES
125021329;Februari 27, 2025;BEJO JAHE MERAH HERBAL 12 SC, MIXAGRIP HERBAL GREGES, PROMAG HERBAL 15 ML, FATIGON KAPLET 10X6S, FATIGON SPIRIT BOX 10X6S
125021331;Februari 27, 2025;BEJO JAHE MERAH HERBAL 12 SC, MIXAGRIP HERBAL GREGES, PROMAG HERBAL 15 ML, FATIGON KAPLET 10X6S, FATIGON SPIRIT BOX 10X6S
125021342;Februari 27, 2025;KOMIX JAHE G-FORMULA BOX, KOMIX J.NIPIS G-FORMULA B, KOMIX OBH PE, ENTROSTOP HERBAL ANAK
125021347;Februari 27, 2025;KOMIX HERBAL 15 ML, PROMAG HERBAL 15 ML
125021350;Februari 27, 2025;CEREBROFORT GOLD ORANGE 100 ML, CEREBROFORT GOLD STRAWBERY, KOMIX HERBAL 15 ML, WOODS COUGH SYR ATT  60ML, WOODS EXPECTORANT 60 ML, PUYER OSK BT NO.16/BOX, WAISAN NEW FORMULA  /LUSIN
125021351;Februari 27, 2025;CEREBROFORT GOLD ORANGE 100 ML, CEREBROFORT GOLD STRAWBERY, KOMIX HERBAL 15 ML, WOODS COUGH SYR ATT  60ML, WOODS EXPECTORANT 60 ML, PUYER OSK BT NO.16/BOX, WAISAN NEW FORMULA  /LUSIN
125021352;Februari 27, 2025;CEREBROFORT GOLD ORANGE 100 ML, CEREBROFORT GOLD STRAWBERY, KOMIX HERBAL 15 ML, WOODS EXPECTORANT 60 ML, PUYER OSK BT NO.16/BOX, WAISAN NEW FORMULA  /LUSIN
125021353;Februari 27, 2025;CEREBROFORT GOLD ORANGE 100 ML, CEREBROFORT GOLD STRAWBERY, KOMIX HERBAL 15 ML, WOODS EXPECTORANT 60 ML, PUYER OSK BT NO.16/BOX, WAISAN NEW FORMULA  /LUSIN
125021354;Februari 27, 2025;WOODS COUGH SYR ATT 100ML, PROMAG TABLET
125021355;Februari 27, 2025;KOMIX JAHE G-FORMULA BOX, PUYER OSK BT NO.16/BOX, WAISAN NEW FORMULA  /LUSIN
125021356;Februari 27, 2025;KALPANAX K CREAM 5 GR, WOODS EXPECTORANT 60 ML
125021358;Februari 27, 2025;ENTROSTOP 10'S, SAKATONIK ABC ANTARIKSA 30 TAB, SAKATONIK ABC ORANGE 30TAB, SKT ABC CURCUMA MADU
125021396;Februari 27, 2025;KOMIX JAHE G-FORMULA BOX, KOMIX J.NIPIS G-FORMULA B
125021401;Februari 27, 2025;BEJO JAHE MERAH HERBAL 12 SC, MIXAGRIP HERBAL GREGES, PROMAG HERBAL 15 ML, FATIGON SPIRIT BOX 10X6S
125021402;Februari 27, 2025;BEJO JAHE MERAH HERBAL 12 SC, MIXAGRIP HERBAL GREGES
125021406;Februari 27, 2025;BEJO JAHE MERAH HERBAL 12 SC, MIXAGRIP HERBAL GREGES, PROMAG HERBAL 15 ML, FATIGON SPIRIT BOX 10X6S
125021408;Februari 27, 2025;BEJO JAHE MERAH HERBAL 12 SC, MIXAGRIP HERBAL GREGES, PROMAG HERBAL 15 ML, SKT ACTIV SIRUP 100 ML, SKT ACTIV SIRUP 300 ML, FATIGON SPIRIT BOX 10X6S, SKT ABC CURCUMA MADU
125021442;Februari 27, 2025;BEJO ANAK JAHE MERAH 5S, BEJO JAHE MERAH HERBAL 12 SC, B7 SLASI JERUK NIPIS 12'S
125021449;Februari 27, 2025;BEJO JAHE MERAH HERBAL 12 SC, MIXAGRIP HERBAL GREGES
125021501;Februari 27, 2025;CEREBROFORT GOLD ORANGE 100 ML, CEREBROFORT GOLD STRAWBERY, ENTROSTOP HERBAL DEWASA 15 ML, ENTROSTOP HERBAL ANAK, PROMAG HERBAL 15 ML, CEREBROFORT MG JRK SCH, CEREBROFORT MG STRAW SCH, MIXAGRIP FLU KAPLET 25X4, PROCOLD FLU PE, SAKATONIK ABC STRAW 30TAB
125021509;Februari 28, 2025;CEREBROFORT GOLD ORANGE 100 ML, CEREBROFORT GOLD STRAWBERY, KOMIX HERBAL 15 ML
125021533;Februari 28, 2025;CEREBROFORT GOLD ORANGE 100 ML, CEREBROFORT GOLD STRAWBERY, WOODS COUGH SYR ATT  60ML, WOODS EXPECTORANT 60 ML, PUYER OSK BT NO.16/BOX, WAISAN NEW FORMULA  /LUSIN
125021534;Februari 28, 2025;CEREBROFORT GOLD ORANGE 100 ML, CEREBROFORT GOLD STRAWBERY, KOMIX HERBAL 15 ML, WOODS COUGH SYR ATT  60ML, WOODS EXPECTORANT 60 ML, PUYER OSK BT NO.16/BOX, WAISAN NEW FORMULA  /LUSIN
125021540;Februari 28, 2025;BEJO JAHE MERAH HERBAL 12 SC, KOMIX HERBAL 15 ML, KOMIX OBH PE, PROMAG TABLET, WOODS EXPECTORANT 60 ML
125021543;Februari 28, 2025;CEREBROFORT GOLD ORANGE 100 ML, CEREBROFORT GOLD STRAWBERY, KOMIX HERBAL 15 ML, WOODS COUGH SYR ATT  60ML, WOODS EXPECTORANT 60 ML, PUYER OSK BT NO.16/BOX, WAISAN NEW FORMULA  /LUSIN
125021545;Februari 28, 2025;CEREBROFORT GOLD ORANGE 100 ML, CEREBROFORT GOLD STRAWBERY, KOMIX HERBAL 15 ML, WOODS COUGH SYR ATT  60ML, WOODS EXPECTORANT 60 ML, PUYER OSK BT NO.16/BOX, WAISAN NEW FORMULA  /LUSIN
125021546;Februari 28, 2025;CEREBROFORT GOLD ORANGE 100 ML, CEREBROFORT GOLD STRAWBERY, KOMIX HERBAL 15 ML, WOODS COUGH SYR ATT  60ML, WOODS EXPECTORANT 60 ML, PUYER OSK BT NO.16/BOX, WAISAN NEW FORMULA  /LUSIN
125021547;Februari 28, 2025;CEREBROFORT GOLD ORANGE 100 ML, CEREBROFORT GOLD STRAWBERY, KOMIX HERBAL 15 ML, WOODS COUGH SYR ATT  60ML, WOODS EXPECTORANT 60 ML, PUYER OSK BT NO.16/BOX, WAISAN NEW FORMULA  /LUSIN
125021548;Februari 28, 2025;CEREBROFORT GOLD ORANGE 100 ML, CEREBROFORT GOLD STRAWBERY, KOMIX HERBAL 15 ML, WOODS COUGH SYR ATT  60ML, WOODS EXPECTORANT 60 ML, PUYER OSK BT NO.16/BOX, WAISAN NEW FORMULA  /LUSIN
125021552;Februari 28, 2025;KOMIX HERBAL JAHE, KOMIX HERBAL 15 ML, KOMIX HERBAL PEPPERMINT, B7 SLASI JERUK NIPIS 12'S, KALPANAX K CREAM 5 GR, KALPANAX SALEP 6G/12, CEREBROFORT GOLD ORANGE 200 ML, CEREBROFORT GOLD STRAWBERY, WOODS EXPECTORANT 60 ML, MIXAGRIP FLU KAPLET 25X4, PROCOLD FLU PE, PROMAG TABLET
125021556;Februari 28, 2025;CEREBROFORT GOLD ORANGE 100 ML, CEREBROFORT GOLD STRAWBERY, KOMIX HERBAL 15 ML, WOODS COUGH SYR ATT  60ML, WOODS EXPECTORANT 60 ML, PUYER OSK BT NO.16/BOX, WAISAN NEW FORMULA  /LUSIN
125021557;Februari 28, 2025;CEREBROFORT GOLD ORANGE 100 ML, CEREBROFORT GOLD STRAWBERY, KOMIX HERBAL 15 ML, WOODS COUGH SYR ATT  60ML, WOODS EXPECTORANT 60 ML, PUYER OSK BT NO.16/BOX, WAISAN NEW FORMULA  /LUSIN
125021558;Februari 28, 2025;CEREBROFORT GOLD ORANGE 100 ML, CEREBROFORT GOLD STRAWBERY, KOMIX HERBAL 15 ML, WOODS COUGH SYR ATT  60ML, WOODS EXPECTORANT 60 ML, PUYER OSK BT NO.16/BOX, WAISAN NEW FORMULA  /LUSIN
125021559;Februari 28, 2025;CEREBROFORT GOLD ORANGE 100 ML, CEREBROFORT GOLD STRAWBERY, KOMIX HERBAL 15 ML, WOODS COUGH SYR ATT  60ML, WOODS EXPECTORANT 60 ML, PUYER OSK BT NO.16/BOX, WAISAN NEW FORMULA  /LUSIN
125021560;Februari 28, 2025;CEREBROFORT GOLD ORANGE 100 ML, CEREBROFORT GOLD STRAWBERY, KOMIX HERBAL 15 ML, WOODS COUGH SYR ATT  60ML, WOODS EXPECTORANT 60 ML, PUYER OSK BT NO.16/BOX, WAISAN NEW FORMULA  /LUSIN
125021561;Februari 28, 2025;CEREBROFORT GOLD ORANGE 100 ML, CEREBROFORT GOLD STRAWBERY, KOMIX HERBAL 15 ML, WOODS COUGH SYR ATT  60ML, WOODS EXPECTORANT 60 ML, PUYER OSK BT NO.16/BOX, WAISAN NEW FORMULA  /LUSIN
125021562;Februari 28, 2025;CEREBROFORT GOLD ORANGE 100 ML, CEREBROFORT GOLD STRAWBERY, KOMIX HERBAL 15 ML, WOODS COUGH SYR ATT  60ML, WOODS EXPECTORANT 60 ML, PUYER OSK BT NO.16/BOX, WAISAN NEW FORMULA  /LUSIN
125021563;Februari 28, 2025;CEREBROFORT GOLD ORANGE 100 ML, CEREBROFORT GOLD STRAWBERY, KOMIX HERBAL 15 ML, WOODS COUGH SYR ATT  60ML, WOODS EXPECTORANT 60 ML, PUYER OSK BT NO.16/BOX, WAISAN NEW FORMULA  /LUSIN
125021564;Februari 28, 2025;CEREBROFORT GOLD ORANGE 100 ML, CEREBROFORT GOLD STRAWBERY, KOMIX HERBAL 15 ML, WOODS COUGH SYR ATT  60ML, WOODS EXPECTORANT 60 ML, PUYER OSK BT NO.16/BOX, WAISAN NEW FORMULA  /LUSIN
125021565;Februari 28, 2025;CEREBROFORT GOLD ORANGE 100 ML, CEREBROFORT GOLD STRAWBERY, KOMIX HERBAL 15 ML, WOODS COUGH SYR ATT  60ML, WOODS EXPECTORANT 60 ML, PUYER OSK BT NO.16/BOX, WAISAN NEW FORMULA  /LUSIN
125021566;Februari 28, 2025;CEREBROFORT GOLD ORANGE 100 ML, CEREBROFORT GOLD STRAWBERY, KOMIX HERBAL 15 ML, WOODS COUGH SYR ATT  60ML, WOODS EXPECTORANT 60 ML, PUYER OSK BT NO.16/BOX, WAISAN NEW FORMULA  /LUSIN
125021567;Februari 28, 2025;CEREBROFORT GOLD ORANGE 100 ML, CEREBROFORT GOLD STRAWBERY, KOMIX HERBAL 15 ML, WOODS COUGH SYR ATT  60ML, WOODS EXPECTORANT 60 ML, PUYER OSK BT NO.16/BOX, WAISAN NEW FORMULA  /LUSIN
125021568;Februari 28, 2025;CEREBROFORT GOLD ORANGE 100 ML, CEREBROFORT GOLD STRAWBERY, KOMIX HERBAL 15 ML, WOODS COUGH SYR ATT  60ML, WOODS EXPECTORANT 60 ML, PUYER OSK BT NO.16/BOX, WAISAN NEW FORMULA  /LUSIN
125021605;Februari 28, 2025;KOMIX OBH PE, PROMAG SUSPENSI 10ML/6
125021606;Februari 28, 2025;KOMIX J.NIPIS G-FORMULA B, PROMAG TABLET
125021622;Februari 28, 2025;BEJO ANAK JAHE MERAH 5S, BEJO JAHE MERAH HERBAL 12 SC, B7 SLASI JERUK NIPIS 12'S
125021639;Februari 28, 2025;BEJO JAHE MERAH HERBAL 12 SC, KOMIX JAHE G-FORMULA BOX, KOMIX J.NIPIS G-FORMULA B, B7 SLASI JERUK NIPIS 12'S
125021662;Februari 28, 2025;KOMIX HERBAL 15 ML, PROMAG HERBAL 15 ML
125021672;Februari 28, 2025;CEREBROFORT GOLD ORANGE 100 ML, CEREBROFORT GOLD STRAWBERY, KOMIX HERBAL 15 ML, WOODS COUGH SYR ATT  60ML, WOODS EXPECTORANT 60 ML, PUYER OSK BT NO.16/BOX, WAISAN NEW FORMULA  /LUSIN
125021673;Februari 28, 2025;CEREBROFORT GOLD ORANGE 100 ML, CEREBROFORT GOLD STRAWBERY, KOMIX HERBAL 15 ML, WOODS COUGH SYR ATT  60ML, WOODS EXPECTORANT 60 ML, PUYER OSK BT NO.16/BOX, WAISAN NEW FORMULA  /LUSIN
125021674;Februari 28, 2025;CEREBROFORT GOLD ORANGE 100 ML, CEREBROFORT GOLD STRAWBERY, KOMIX HERBAL 15 ML, WOODS COUGH SYR ATT  60ML, WOODS EXPECTORANT 60 ML, PUYER OSK BT NO.16/BOX, WAISAN NEW FORMULA  /LUSIN
125021675;Februari 28, 2025;CEREBROFORT GOLD ORANGE 100 ML, CEREBROFORT GOLD STRAWBERY, KOMIX HERBAL 15 ML, WOODS COUGH SYR ATT  60ML, WOODS EXPECTORANT 60 ML, PUYER OSK BT NO.16/BOX, WAISAN NEW FORMULA  /LUSIN
125021676;Februari 28, 2025;KALPANAX K CREAM 5 GR, KALPANAX SALEP 6G/12, WOODS LOZENGES CHERRY 6'S, WOODS LOZENGES 6'S, WOODS LOZENGES ORANGE VITAMIN C
125021677;Februari 28, 2025;KOMIX HERBAL 15 ML, KOMIX OBH PE, FATIGON SPIRIT BOX 10X6S
125021679;Februari 28, 2025;BEJO JAHE MERAH HERBAL 12 SC, KALPANAX K CREAM 5 GR
125021680;Februari 28, 2025;ENTROSTOP 10'S, PROMAG TABLET, SAKATONIK ABC STRAW 30TAB, SAKATONIK ABC ANGGUR30TAB, SAKATONIK ABC ORANGE 30TAB
125021681;Februari 28, 2025;KOMIX OBH PE, PROMAG SUSPENSI BTL 60 ML, PROMAG SUSPENSI 10ML/6, PROMAG HERBAL 15 ML, PROCOLD FLU PE, PROMAG TABLET
125021684;Februari 28, 2025;PROMAG HERBAL 15 ML, PROMAG TABLET
125021686;Februari 28, 2025;KOMIX HERBAL 15 ML, KOMIX OBH PE, PROMAG SUSPENSI 10ML/6, PROMAG HERBAL 15 ML, SKT ABC CURCUMA MADU
125021721;Februari 28, 2025;KALPANAX K CREAM 5 GR, KALPANAX SALEP 6G/12, PROMAG HERBAL 15 ML, ENTROSTOP 10'S, PROMAG TABLET
125021728;Februari 28, 2025;PROMAG SUSPENSI 10ML/6, PROMAG TABLET
125021733;Februari 28, 2025;PROMAG SUSPENSI BTL 60 ML, PROMAG SUSPENSI 10ML/6, PROMAG TABLET
125021749;Februari 28, 2025;KALPANAX K CREAM 5 GR, PROMAG SUSPENSI 10ML/6, WOODS EXPECTORANT 60 ML, ENTROSTOP 10'S
125021757;Februari 28, 2025;KALPANAX SALEP 6G/12, PROMAG HERBAL 15 ML, WOODS NATURALS SYR 60 ML, CEREBROFORT M.G. AGGR SCH, CEREBROFORT MG STRAW SCH, FATIGON SPIRIT BOX 10X6S, SAKATONIK ACTIV MULTIVIT ZAT BESI - KAPLET 6S, SAKATONIK ABC ANTARIKSA 30 TAB, SAKATONIK ABC STRAW 30TAB, SKT ABC CURCUMA MADU
125021761;Februari 28, 2025;WOODS COUGH SYR ATT  60ML, PROCOLD FLU BATUK PE
125021793;Februari 28, 2025;MIXAGRIP FLU &BATUK PE, MIXAGRIP FLU KAPLET 25X4
125021803;Februari 28, 2025;KOMIX HERBAL JAHE, KOMIX HERBAL JERUK NIPIS, KOMIX HERBAL ORI PACK
125021806;Februari 28, 2025;CEREBROVIT XCEL 10 CAPS, PROMAG SUSPENSI 10ML/6, WOODS EXPECTORANT 60 ML, PROCOLD FLU BATUK PE, WOODS LOZENGES 6'S
125021807;Februari 28, 2025;PROMAG SUSPENSI 10ML/6, PROMAG HERBAL 15 ML
125021808;Februari 28, 2025;WOODS EXPECTORANT 60 ML, PROMAG TABLET
125021815;Februari 28, 2025;KOMIX JAHE G-FORMULA BOX, KOMIX PEPP.G-FORMULA BOX, WOODS COUGH SYR ATT  60ML
125021817;Februari 28, 2025;ENTROSTOP 10'S, PROMAG TABLET
125021831;Februari 28, 2025;BEJO JAHE MERAH HERBAL 12 SC, KOMIX JAHE G-FORMULA BOX, KOMIX J.NIPIS G-FORMULA B, KOMIX OBH PE, PUYER OSK BT NO.16/BOX
125021839;Februari 28, 2025;KOMIX HERBAL JAHE, KOMIX OBH PE, ENTROSTOP HERBAL ANAK
125021843;Februari 28, 2025;BEJO ANAK JAHE MERAH 5S, BEJO JAHE MERAH HERBAL 12 SC, B7 SLASI JERUK NIPIS 12'S
125021844;Februari 28, 2025;BEJO JAHE MERAH HERBAL 12 SC, KOMIX HERBAL 15 ML, PROMAG HERBAL 15 ML, FATIGON SPIRIT BOX 10X6S, WOODS LOZENGES CHERRY 6'S, WOODS LOZENGES 6'S, WOODS LOZENGES ORANGE VITAMIN C
125021850;Februari 28, 2025;BEJO JAHE MERAH HERBAL 12 SC, KOMIX HERBAL JAHE, KOMIX HERBAL PEPPERMINT, B7 SLASI JERUK NIPIS 12'S, EXTRA JOSS ACTIVE 12SCH, PROMAG HERBAL 15 ML
125021861;Februari 28, 2025;KOMIX JAHE G-FORMULA BOX, KOMIX KID STRAWBERRY PACK, KOMIX J.NIPIS G-FORMULA B, KOMIX KID OBH PE, KOMIX OBH PE
125021871;Februari 28, 2025;CEREBROFORT GOLD ORANGE 100 ML, CEREBROFORT GOLD STRAWBERY, KOMIX HERBAL 15 ML, WOODS COUGH SYR ATT  60ML, WOODS EXPECTORANT 60 ML, PUYER OSK BT NO.16/BOX, WAISAN NEW FORMULA  /LUSIN
125021883;Februari 28, 2025;KOMIX HERBAL PEPPERMINT, PROMAG SUSPENSI 10ML/6, PROMAG HERBAL 15 ML, PROMAG TABLET
125021889;Februari 28, 2025;BEJO JAHE MERAH HERBAL 12 SC, KOMIX HERBAL 15 ML, PROMAG HERBAL 15 ML, MIXAGRIP HERBAL GREGES, FATIGON SPIRIT BOX 10X6S
125021896;Februari 28, 2025;CEREBROFORT GOLD ORANGE 100 ML, CEREBROFORT GOLD STRAWBERY, KOMIX HERBAL 15 ML
125021904;Februari 28, 2025;PROMAG SUSPENSI 10ML/6, PROMAG TABLET
125021977;Februari 28, 2025;KOMIX HERBAL JAHE, KOMIX HERBAL JERUK NIPIS, KOMIX HERBAL ORI PACK, KOMIX HERBAL PEPPERMINT, EXTRA JOSS ACTIVE 12SCH
125021979;Februari 28, 2025;SKT ACTIV SIRUP 100 ML, PROMAG TABLET, SAKATONIK ACTIV MULTIVIT ZAT BESI - KAPLET 6S, SAKATONIK ABC ANTARIKSA 30 TAB, SAKATONIK ABC STRAW 30TAB, SAKATONIK ABC ANGGUR30TAB, SAKATONIK ABC ORANGE 30TAB
125021989;Februari 28, 2025;KOMIX HERBAL JAHE, KOMIX HERBAL JERUK NIPIS, KOMIX HERBAL ORI PACK, KOMIX HERBAL PEPPERMINT, KALPANAX SALEP 6G/12, WOODS LOZENGES 6'S
125021990;Februari 28, 2025;KOMIX JAHE G-FORMULA BOX, KOMIX J.NIPIS G-FORMULA B, KOMIX OBH PE
125021991;Februari 28, 2025;PROMAG SUSPENSI BTL 60 ML, PUYER OSK BT NO.16/BOX, WAISAN NEW FORMULA  /LUSIN, MIXAGRIP FLU KAPLET 25X4, PROMAG TABLET
125022037;Februari 28, 2025;WOODS EXPECTORANT 60 ML, WOODS EXPECTORANT 100 ML
125022044;Februari 28, 2025;BEJO JAHE MERAH HERBAL 12 SC, MIXAGRIP HERBAL GREGES, PROMAG HERBAL 15 ML, FATIGON SPIRIT BOX 10X6S
125022052;Februari 28, 2025;CEREBROFORT GOLD ORANGE 100 ML, CEREBROFORT GOLD STRAWBERY, KOMIX HERBAL 15 ML, WOODS COUGH SYR ATT  60ML, WOODS EXPECTORANT 60 ML, PUYER OSK BT NO.16/BOX, WAISAN NEW FORMULA  /LUSIN
125022063;Februari 28, 2025;PROMAG SUSPENSI 10ML/6, PROMAG TABLET
125022079;Februari 28, 2025;KOMIX JAHE G-FORMULA BOX, KOMIX J.NIPIS G-FORMULA B
125022086;Februari 28, 2025;BEJO JAHE MERAH HERBAL 12 SC, MIXAGRIP HERBAL GREGES, PROMAG HERBAL 15 ML, FATIGON SPIRIT BOX 10X6S
125022101;Februari 28, 2025;KOMIX KID OBH PE, KOMIX OBH PE
125022106;Februari 28, 2025;EXTRA JOSS ACTIVE 6 SCH, WOODS LOZENGES CHERRY 6'S, WOODS LOZ HONEY LEMON, WOODS LOZENGES ORANGE VITAMIN C
125022120;Februari 28, 2025;CEREBROFORT GOLD ORANGE 100 ML, CEREBROFORT GOLD STRAWBERY, KOMIX HERBAL 15 ML, WOODS COUGH SYR ATT  60ML, WOODS EXPECTORANT 60 ML, PUYER OSK BT NO.16/BOX, WAISAN NEW FORMULA  /LUSIN
125022121;Februari 28, 2025;CEREBROFORT GOLD ORANGE 100 ML, CEREBROFORT GOLD STRAWBERY, KOMIX HERBAL 15 ML, WOODS COUGH SYR ATT  60ML, WOODS EXPECTORANT 60 ML, PUYER OSK BT NO.16/BOX, WAISAN NEW FORMULA  /LUSIN
125022122;Februari 28, 2025;CEREBROFORT GOLD ORANGE 100 ML, CEREBROFORT GOLD STRAWBERY, KOMIX HERBAL 15 ML, WOODS COUGH SYR ATT  60ML, WOODS EXPECTORANT 60 ML, PUYER OSK BT NO.16/BOX, WAISAN NEW FORMULA  /LUSIN
125022123;Februari 28, 2025;CEREBROFORT GOLD ORANGE 100 ML, CEREBROFORT GOLD STRAWBERY, KOMIX HERBAL 15 ML, WOODS COUGH SYR ATT  60ML, WOODS EXPECTORANT 60 ML, PUYER OSK BT NO.16/BOX, WAISAN NEW FORMULA  /LUSIN
125022124;Februari 28, 2025;CEREBROFORT GOLD ORANGE 100 ML, CEREBROFORT GOLD STRAWBERY, WOODS COUGH SYR ATT  60ML, WOODS EXPECTORANT 60 ML, PUYER OSK BT NO.16/BOX, WAISAN NEW FORMULA  /LUSIN
125022132;Februari 28, 2025;KALPANAX K CREAM 5 GR, ENTROSTOP 10'S, PROMAG TABLET, SAKATONIK ABC ANGGUR30TAB
125022147;Februari 28, 2025;BEJO JAHE MERAH HERBAL 12 SC, EXTRA JOSS ACTIVE 12SCH
125022154;Februari 28, 2025;BEJO JAHE MERAH HERBAL 12 SC, EXTRA JOSS ACTIVE 12SCH
125022159;Februari 28, 2025;CEREBROFORT GOLD ORANGE 100 ML, CEREBROFORT GOLD STRAWBERY, KOMIX HERBAL 15 ML, WOODS COUGH SYR ATT  60ML, WOODS EXPECTORANT 60 ML, PUYER OSK BT NO.16/BOX, WAISAN NEW FORMULA  /LUSIN
125022172;Februari 28, 2025;KALPANAX K CREAM 5 GR, ENTROSTOP HERBAL ANAK, FATIGON SPIRIT BOX 10X6S, ENTROSTOP 10'S
125022176;Februari 28, 2025;CEREBROFORT GOLD ORANGE 100 ML, CEREBROFORT GOLD STRAWBERY, KOMIX HERBAL 15 ML
125022198;Februari 28, 2025;CEREBROFORT GOLD ORANGE 100 ML, CEREBROFORT GOLD STRAWBERY, KOMIX HERBAL 15 ML, WOODS COUGH SYR ATT  60ML, WOODS EXPECTORANT 60 ML, PUYER OSK BT NO.16/BOX, WAISAN NEW FORMULA  /LUSIN
125022202;Februari 28, 2025;SAKATONIK ABC STRAW 30TAB, SAKATONIK ABC ANGGUR30TAB, SAKATONIK ABC ORANGE 30TAB, SKT ABC CURCUMA MADU
125022205;Februari 28, 2025;PROMAG HERBAL 15 ML, PROMAG TABLET
125022233;Februari 28, 2025;PUYER OSK BT NO.16/BOX, WAISAN NEW FORMULA  /LUSIN
125022234;Februari 28, 2025;PUYER OSK BT NO.16/BOX, WAISAN NEW FORMULA  /LUSIN
125022235;Februari 28, 2025;BEJO JAHE MERAH HERBAL 12 SC, PUYER OSK BT NO.16/BOX
125022269;Februari 28, 2025;PROMAG HERBAL 15 ML, PUYER OSK BT NO.16/BOX, ENTROSTOP 10'S, PROMAG TABLET, WOODS LOZENGES CHERRY 6'S, WOODS LOZENGES 6'S, WOODS LOZENGES ORANGE VITAMIN C
125022275;Februari 28, 2025;PROMAG SUSPENSI BTL 60 ML, PROMAG HERBAL 15 ML, PROMAG TABLET
125022351;Februari 28, 2025;KALPANAX SALEP 6G/12, KOMIX J.NIPIS G-FORMULA B, KOMIX KID OBH PE, KOMIX OBH PE, PUYER OSK BT NO.16/BOX, SAKATONIK ABC STRAW 30TAB, SAKATONIK ABC ANGGUR30TAB, SAKATONIK ABC ORANGE 30TAB
125022373;Februari 28, 2025;CEREBROFORT GOLD ORANGE 100 ML, CEREBROFORT GOLD STRAWBERY, KOMIX HERBAL 15 ML, WOODS COUGH SYR ATT  60ML, WOODS EXPECTORANT 60 ML, PUYER OSK BT NO.16/BOX, WAISAN NEW FORMULA  /LUSIN
125022375;Februari 28, 2025;KOMIX JAHE G-FORMULA BOX, KOMIX J.NIPIS G-FORMULA B, KOMIX PEPP.G-FORMULA BOX, KOMIX OBH PE
125022377;Februari 28, 2025;MIXAGRIP FLU &BATUK PE, PROCOLD FLU BATUK PE
125022378;Februari 28, 2025;WOODS COUGH SYR ATT  60ML, WOODS EXPECTORANT 60 ML, PROCOLD FLU BATUK PE
125022389;Februari 28, 2025;BEJO JAHE MERAH HERBAL 6S MT, EXTRA JOSS ACTIVE 6 SCH
125022404;Februari 28, 2025;WOODS NATURALS SYR 60 ML, CEREBROFORT M.G. AGGR SCH, CEREBROFORT MG MGA SCH, CEREBROFORT MG JRK SCH, CEREBROFORT MG STRAW SCH, FATIGON KAPLET 10X6S, WOODS LOZENGES 6'S, WOODS LOZ HONEY LEMON
125022410;Februari 28, 2025;KALPANAX K CREAM 5 GR, PROCOLD FLU PE
125022418;Februari 28, 2025;CEREBROFORT M.G. AGGR SCH, CEREBROFORT MG JRK SCH, CEREBROFORT MG STRAW SCH
125022509;Februari 28, 2025;BEJO JAHE MERAH HERBAL 12 SC, PROMAG HERBAL 15 ML, MIXAGRIP HERBAL GREGES, FATIGON SPIRIT BOX 10X6S
125022510;Februari 28, 2025;BEJO JAHE MERAH HERBAL 12 SC, MIXAGRIP HERBAL GREGES, PROMAG HERBAL 15 ML, FATIGON SPIRIT BOX 10X6S
125022517;Februari 28, 2025;PROMAG SUSPENSI BTL 60 ML, PROMAG SUSPENSI 10ML/6, PROMAG HERBAL 15 ML, PROMAG TABLET
125022535;Februari 28, 2025;BEJO JAHE MERAH HERBAL 12 SC, PROMAG HERBAL 15 ML
125022536;Februari 28, 2025;BEJO JAHE MERAH HERBAL 12 SC, PROMAG HERBAL 15 ML
125022537;Februari 28, 2025;BEJO JAHE MERAH HERBAL 12 SC, MIXAGRIP HERBAL GREGES, PROMAG HERBAL 15 ML
125022538;Februari 28, 2025;BEJO JAHE MERAH HERBAL 12 SC, PROMAG HERBAL 15 ML, MIXAGRIP HERBAL GREGES
125022540;Februari 28, 2025;BEJO JAHE MERAH HERBAL 12 SC, PROMAG HERBAL 15 ML
125022541;Februari 28, 2025;BEJO JAHE MERAH HERBAL 12 SC, EXTRA JOSS ACTIVE 12SCH, PROMAG HERBAL 15 ML
125022542;Februari 28, 2025;BEJO JAHE MERAH HERBAL 12 SC, MIXAGRIP HERBAL GREGES, PROMAG HERBAL 15 ML
125022543;Februari 28, 2025;BEJO JAHE MERAH HERBAL 12 SC, MIXAGRIP HERBAL GREGES, PROMAG HERBAL 15 ML
125022545;Februari 28, 2025;BEJO JAHE MERAH HERBAL 12 SC, PROMAG HERBAL 15 ML, FATIGON SPIRIT BOX 10X6S
125022546;Februari 28, 2025;BEJO JAHE MERAH HERBAL 12 SC, MIXAGRIP HERBAL GREGES, PROMAG HERBAL 15 ML
125022547;Februari 28, 2025;BEJO JAHE MERAH HERBAL 12 SC, PROMAG HERBAL 15 ML, MIXAGRIP HERBAL GREGES
125022561;Februari 28, 2025;KALPANAX K CREAM 5 GR, KALPANAX SALEP 6G/12, WOODS COUGH SYR ATT  60ML, WOODS EXPECTORANT 60 ML, WOODS NATURALS SYR 60 ML, PROCOLD FLU BATUK PE, PROCOLD FLU PE
125022566;Februari 28, 2025;PROMAG SUSPENSI BTL 60 ML, PROMAG HERBAL 15 ML, PROMAG TABLET
125022576;Februari 28, 2025;KOMIX HERBAL JERUK NIPIS, KOMIX HERBAL ORI PACK, B7 SLASI JERUK NIPIS 12'S, EXTRA JOSS ACTIVE 12SCH, EXTRA JOSS GO RASA ANGGUR
125022577;Februari 28, 2025;BEJO ANAK JAHE MERAH 5S, BEJO JAHE MERAH HERBAL 12 SC, KOMIX HERBAL JAHE, KOMIX HERBAL JERUK NIPIS, KOMIX HERBAL ORI PACK, KOMIX HERBAL PEPPERMINT, B7 SLASI JERUK NIPIS 12'S, EXTRA JOSS MANGGA LAKI
125022581;Februari 28, 2025;PROMAG SUSPENSI BTL 60 ML, PROMAG SUSPENSI 10ML/6, PROMAG TABLET
125022582;Februari 28, 2025;WOODS COUGH SYR ATT 100ML, WOODS COUGH SYR ATT  60ML
125022599;Maret 01, 2025;CEREBROFORT GOLD STRAWBERY, PROMAG TABLET
125022601;Maret 01, 2025;PROMAG SUSPENSI BTL 60 ML, SKT ACTIV SIRUP 300 ML
125022609;Maret 01, 2025;PROMAG SUSPENSI 10ML/6, PROMAG HERBAL 15 ML, ENTROSTOP 10'S, PROMAG TABLET
125022619;Maret 01, 2025;SKT ACTIV SIRUP 100 ML, SAKATONIK ABC ORANGE 30TAB
125022628;Maret 01, 2025;PUYER OSK BT NO.16/BOX, ENTROSTOP HERBAL DEWASA 15 ML, PROMAG TABLET
125022639;Maret 01, 2025;PUYER OSK BT NO.16/BOX, WOODS EXPECTORANT 100 ML, PROMAG TABLET
125022640;Maret 01, 2025;BEJO JAHE MERAH HERBAL 12 SC, KOMIX HERBAL JAHE, KOMIX HERBAL JERUK NIPIS, KOMIX HERBAL ORI PACK
125022682;Maret 01, 2025;KOMIX HERBAL JERUK NIPIS, KOMIX HERBAL ORI PACK, KOMIX OBH PE, PROMAG SUSPENSI 10ML/6, PROMAG HERBAL 15 ML, PROMAG TABLET
125022683;Maret 01, 2025;KALPANAX K CREAM 5 GR, PROMAG TABLET, FATIGON SPIRIT BOX 10X6S
125022693;Maret 01, 2025;PROMAG SUSPENSI 10ML/6, SKT ACTIV SIRUP 100 ML, WOODS EXPECTORANT 60 ML
125022694;Maret 01, 2025;KOMIX JAHE G-FORMULA BOX, KOMIX KID STRAWBERRY PACK, KOMIX J.NIPIS G-FORMULA B
125022702;Maret 01, 2025;PROMAG HERBAL 15 ML, PROMAG TABLET
125022708;Maret 01, 2025;PROMAG SUSPENSI 10ML/6, PROMAG TABLET
125022711;Maret 01, 2025;SAKATONIK ABC ANTARIKSA 30 TAB, SAKATONIK ABC STRAW 30TAB, SAKATONIK ABC ANGGUR30TAB, SAKATONIK ABC ORANGE 30TAB
125022723;Maret 01, 2025;KALPANAX K CREAM 5 GR, WOODS EXPECTORANT 60 ML, WOODS EXPECTORANT 100 ML
125022741;Maret 01, 2025;KALPANAX K CREAM 5 GR, ENTROSTOP HERBAL ANAK, ENTROSTOP 10'S, PROMAG TABLET, WOODS NATURALS SYR 60 ML, SAKATONIK ABC ANGGUR30TAB
125022776;Maret 03, 2025;KALPANAX K CREAM 5 GR, PROMAG SUSPENSI BTL 60 ML, PROMAG SUSPENSI 10ML/6, PROMAG HERBAL 15 ML, PROMAG TABLET
125022777;Maret 03, 2025;WOODS EXPECTORANT 60 ML, WOODS LOZ HONEY LEMON
125022778;Maret 03, 2025;KOMIX HERBAL 15 ML, PROMAG HERBAL 15 ML
125022783;Maret 03, 2025;KALPANAX SALEP 6G/12, SKT ACTIV SIRUP 100 ML, PROMAG TABLET
125022784;Maret 03, 2025;FATIGON KAPLET 10X6S, FATIGON SPIRIT BOX 10X6S, PROMAG TABLET
125022793;Maret 03, 2025;KOMIX HERBAL 15 ML, PROMAG TABLET
125022796;Maret 03, 2025;PROMAG SUSPENSI BTL 60 ML, PROMAG SUSPENSI 10ML/6, PROMAG HERBAL 15 ML
125022802;Maret 03, 2025;KOMIX HERBAL ORI PACK, ENTROSTOP HERBAL ANAK
125022808;Maret 03, 2025;KALPANAX K CREAM 5 GR, CEREBROFORT GOLD ORANGE 100 ML, CEREBROFORT GOLD STRAWBERY, WOODS EXPECTORANT 60 ML, WOODS EXPECTORANT 100 ML, SAKATONIK ABC STRAW 30TAB, SAKATONIK ABC ANGGUR30TAB, SAKATONIK ABC ORANGE 30TAB
125022813;Maret 03, 2025;KOMIX OBH PE, ENTROSTOP 10'S, SAKATONIK ABC STRAW 30TAB, WOODS LOZENGES 6'S
125022815;Maret 03, 2025;KALPANAX K CREAM 5 GR, WAISAN NEW FORMULA  /LUSIN
125022816;Maret 03, 2025;PROMAG SUSPENSI 10ML/6, SAKATONIK ABC ORANGE 30TAB
125022818;Maret 03, 2025;FATIGON SPIRIT BOX 10X6S, PROMAG TABLET
125022841;Maret 03, 2025;KALPANAX K CREAM 5 GR, CEREBROFORT GOLD STRAWBERY, ENTROSTOP 10'S, PROMAG TABLET
125022844;Maret 03, 2025;KALPANAX K CREAM 5 GR, CEREBROFORT GOLD ORANGE 100 ML, CEREBROFORT GOLD ORANGE 200 ML, ENTROSTOP 10'S, SAKATONIK ABC STRAW 30TAB, SAKATONIK ABC ANGGUR30TAB
125022891;Maret 03, 2025;KOMIX HERBAL ORI PACK, KOMIX OBH PE, PROMAG TABLET
125022892;Maret 03, 2025;BEJO JAHE MERAH HERBAL 12 SC, KOMIX HERBAL JAHE, KOMIX HERBAL 15 ML, KOMIX HERBAL ORI PACK, ENTROSTOP 10'S, PROMAG TABLET
125022897;Maret 03, 2025;WOODS EXPECTORANT 60 ML, PROMAG TABLET
125022901;Maret 03, 2025;KALPANAX KRIM 10 GR, PROMAG SUSPENSI BTL 60 ML
125022903;Maret 03, 2025;PROCOLD FLU PE, PROMAG TABLET
125022907;Maret 03, 2025;KOMIX HERBAL 15 ML, KOMIX OBH PE, WOODS EXPECTORANT 60 ML
125022910;Maret 03, 2025;PROMAG TABLET, WOODS EXPECTORANT 60 ML
125022911;Maret 03, 2025;SAKATONIK ACTIV MULTIVIT ZAT BESI - KAPLET 6S, SAKATONIK ABC ANTARIKSA 30 TAB, SAKATONIK ABC STRAW 30TAB
125022916;Maret 03, 2025;ENTROSTOP HERBAL ANAK, ENTROSTOP 10'S
125022917;Maret 03, 2025;BEJO JAHE MERAH HERBAL 12 SC, KOMIX HERBAL 15 ML, KOMIX HERBAL ORI PACK, ENTROSTOP HERBAL ANAK, ENTROSTOP 10'S, PROCOLD FLU PE, PROMAG TABLET
125022923;Maret 03, 2025;CEREBROFORT GOLD ORANGE 200 ML, SKT ACTIV SIRUP 100 ML, SKT ACTIV SIRUP 300 ML, SAKATONIK ABC ANTARIKSA 30 TAB, SAKATONIK ABC STRAW 30TAB, SAKATONIK ABC ANGGUR30TAB, SAKATONIK ABC ORANGE 30TAB
125022924;Maret 03, 2025;SKT ACTIV SIRUP 300 ML, WOODS NATURALS SYR 60 ML
125022926;Maret 03, 2025;KOMIX HERBAL PEPPERMINT, KALPANAX K CREAM 5 GR, PROMAG SUSPENSI BTL 60 ML
125022936;Maret 03, 2025;WAISAN NEW FORMULA  /LUSIN, WOODS EXPECTORANT 60 ML, SAKATONIK ABC ANGGUR30TAB
125022938;Maret 03, 2025;KALPANAX SALEP 6G/12, CEREBROFORT M.G. AGGR SCH, CEREBROFORT MG JRK SCH, CEREBROFORT MG STRAW SCH, ENTROSTOP 10'S, SAKATONIK ABC ORANGE 30TAB
125022952;Maret 03, 2025;WOODS COUGH SYR ATT  60ML, MIXAGRIP FLU &BATUK PE
125022953;Maret 03, 2025;KOMIX J.NIPIS G-FORMULA B, KOMIX PEPP.G-FORMULA BOX
125022972;Maret 03, 2025;KOMIX HERBAL JAHE, KOMIX HERBAL PEPPERMINT
125022980;Maret 03, 2025;KOMIX HERBAL 15 ML, KOMIX OBH PE
125022981;Maret 03, 2025;KOMIX HERBAL 15 ML, PUYER OSK BT NO.16/BOX, WAISAN NEW FORMULA  /LUSIN, CEREBROFORT GOLD ORANGE 100 ML, CEREBROFORT GOLD STRAWBERY, WOODS EXPECTORANT 60 ML
125022983;Maret 03, 2025;KOMIX HERBAL 15 ML, PROMAG TABLET
125022987;Maret 03, 2025;WOODS EXPECTORANT 60 ML, PROMAG TABLET
125022989;Maret 03, 2025;KOMIX HERBAL 15 ML, MIXAGRIP FLU KAPLET 25X4, SAKATONIK ACTIV MULTIVIT ZAT BESI - KAPLET 6S
125023008;Maret 03, 2025;BEJO JAHE MERAH HERBAL 12 SC, MIXAGRIP HERBAL GREGES
125023017;Maret 03, 2025;CEREBROFORT M.G. AGGR SCH, CEREBROFORT MG MGA SCH, CEREBROFORT MG STRAW SCH, WOODS LOZENGES CHERRY 6'S, WOODS LOZENGES 6'S
125023053;Maret 03, 2025;KOMIX HERBAL 15 ML, PUYER OSK BT NO.16/BOX, KALPANAX K CREAM 5 GR, KALPANAX SALEP 6G/12, KALPANAX KRIM 10 GR, H2 HEMORID 36 KAPS, ENTROSTOP HERBAL ANAK, ENTROSTOP 10'S, PROMAG TABLET, WOODS EXPECTORANT 60 ML, SAKATONIK ABC ANGGUR30TAB
125023058;Maret 03, 2025;BEJO ANAK JAHE MERAH 5S, FATIGON SPIRIT BOX 10X6S, PROMAG TABLET
125023062;Maret 03, 2025;WOODS EXPECTORANT 60 ML, ENTROSTOP 10'S, PROMAG TABLET
125023064;Maret 03, 2025;KOMIX HERBAL JAHE, KOMIX HERBAL 15 ML, KOMIX HERBAL ORI PACK, KOMIX HERBAL PEPPERMINT, CEREBROFORT GOLD STRAWBERY, SAKATONIK ABC ANTARIKSA 30 TAB, SAKATONIK ABC STRAW 30TAB, SAKATONIK ABC ANGGUR30TAB, SKT ABC CURCUMA MADU
125023068;Maret 03, 2025;WOODS EXPECTORANT 60 ML, WOODS EXPECTORANT 100 ML, PROCOLD FLU PE
125023071;Maret 03, 2025;PROMAG HERBAL 15 ML, WOODS EXPECTORANT 60 ML
125023073;Maret 03, 2025;KALPANAX KRIM 10 GR, ENTROSTOP 10'S
125023087;Maret 03, 2025;KOMIX HERBAL 15 ML, SKT ABC CURCUMA MADU
125023097;Maret 03, 2025;KOMIX HERBAL PEPPERMINT, WOODS NATURALS SYR 60 ML
125023098;Maret 03, 2025;WOODS LOZENGES ORANGE VITAMIN C, WOODS LOZENGES LEMON VITAMIN C
125023100;Maret 03, 2025;WOODS LOZENGES CHERRY 6'S, WOODS LOZENGES 6'S, WOODS LOZ HONEY LEMON, WOODS LOZENGES ORANGE VITAMIN C
125023104;Maret 03, 2025;CEREBROFORT GOLD ORANGE 100 ML, KOMIX OBH PE, PUYER OSK BT NO.16/BOX, FATIGON KAPLET 10X6S, FATIGON SPIRIT BOX 10X6S
125023108;Maret 03, 2025;KALPANAX SALEP 6G/12, PROMAG TABLET
125023129;Maret 03, 2025;CEREBROFORT GOLD ORANGE 200 ML, CEREBROFORT MG MGA SCH, CEREBROFORT MG JRK SCH, CEREBROFORT MG STRAW SCH, SAKATONIK ABC ANTARIKSA 30 TAB, SKT ABC CURCUMA MADU
125023167;Maret 03, 2025;PROMAG SUSPENSI 10ML/6, WOODS COUGH SYR ATT  60ML, WOODS EXPECTORANT 60 ML, ENTROSTOP 10'S
125023168;Maret 03, 2025;KOMIX JAHE G-FORMULA BOX, KOMIX J.NIPIS G-FORMULA B, KOMIX OBH PE
125023169;Maret 03, 2025;KOMIX OBH PE, SKT ACTIV SIRUP 100 ML, SKT ACTIV SIRUP 300 ML, WOODS EXPECTORANT 60 ML, PROMAG TABLET
125023170;Maret 03, 2025;KOMIX HERBAL 15 ML, KOMIX HERBAL PEPPERMINT, KOMIX OBH PE, PROMAG SUSPENSI 10ML/6, ENTROSTOP 10'S, SAKATONIK ABC ANTARIKSA 30 TAB, SAKATONIK ABC STRAW 30TAB, SAKATONIK ABC ORANGE 30TAB
125023173;Maret 03, 2025;CEREBROVIT XCEL 10 CAPS, CEREBROFORT GOLD ORANGE 100 ML, CEREBROFORT GOLD STRAWBERY
125023184;Maret 03, 2025;SAKATONIK ABC STRAW 30TAB, SAKATONIK ABC ANGGUR30TAB, SAKATONIK ABC ORANGE 30TAB
125023192;Maret 03, 2025;SKT ACTIV SIRUP 300 ML, SAKATONIK ABC ANGGUR30TAB, SAKATONIK ABC ORANGE 30TAB, XONCE TAB BOX 50'S
125023198;Maret 03, 2025;PROMAG SUSPENSI 10ML/6, PROMAG TABLET
125023208;Maret 03, 2025;SKT ACTIV SIRUP 100 ML, SKT ACTIV SIRUP 300 ML, WOODS EXPECTORANT 60 ML, FATIGON KAPLET 10X6S, SAKATONIK ABC STRAW 30TAB
125023211;Maret 03, 2025;KOMIX HERBAL 15 ML, KOMIX OBH PE
125023214;Maret 03, 2025;CEREBROFORT M.G. AGGR SCH, CEREBROFORT MG STRAW SCH, SAKATONIK ACTIV MULTIVIT ZAT BESI - KAPLET 6S
125023235;Maret 03, 2025;SAKATONIK ABC STRAW 30TAB, SAKATONIK ABC ANGGUR30TAB
125023238;Maret 03, 2025;KALPANAX K CREAM 5 GR, KALPANAX SALEP 6G/12, SKT ACTIV SIRUP 300 ML, FATIGON SPIRIT BOX 10X6S, MIXAGRIP FLU KAPLET 25X4, SAKATONIK ABC ANTARIKSA 30 TAB, SAKATONIK ABC STRAW 30TAB, SAKATONIK ABC ANGGUR30TAB, SAKATONIK ABC ORANGE 30TAB
125023243;Maret 03, 2025;ENTROSTOP 10'S, PROMAG TABLET
125023247;Maret 03, 2025;KALPANAX K CREAM 5 GR, ENTROSTOP 10'S, FATIGON SPIRIT BOX 10X6S, PROCOLD FLU PE, SAKATONIK ABC ANGGUR30TAB
125023249;Maret 03, 2025;WOODS COUGH SYR ATT 100ML, WOODS COUGH SYR ATT  60ML, MIXAGRIP FLU &BATUK PE, PROCOLD FLU BATUK PE
125023250;Maret 03, 2025;CEREBROFORT GOLD ORANGE 100 ML, CEREBROFORT GOLD STRAWBERY, SKT ACTIV SIRUP 100 ML, CEREBROFORT M.G. AGGR SCH, CEREBROFORT MG MGA SCH, CEREBROFORT MG JRK SCH, CEREBROFORT MG STRAW SCH, SAKATONIK ACTIV MULTIVIT ZAT BESI - KAPLET 6S, SAKATONIK ABC ANTARIKSA 30 TAB, SAKATONIK ABC STRAW 30TAB, SAKATONIK ABC ANGGUR30TAB, SAKATONIK ABC ORANGE 30TAB
125023254;Maret 03, 2025;CEREBROFORT GOLD ORANGE 100 ML, CEREBROFORT GOLD ORANGE 200 ML, SAKATONIK ABC ANTARIKSA 30 TAB, SAKATONIK ABC STRAW 30TAB, SAKATONIK ABC ANGGUR30TAB
125023256;Maret 03, 2025;WOODS EXPECTORANT 60 ML, FATIGON SPIRIT BOX 10X6S
125023269;Maret 04, 2025;BEJO JAHE MERAH HERBAL 12 SC, KOMIX HERBAL ORI PACK, MIXAGRIP HERBAL GREGES
125023298;Maret 04, 2025;BEJO JAHE MERAH HERBAL 12 SC, KOMIX HERBAL ORI PACK, MIXAGRIP HERBAL GREGES
125023300;Maret 04, 2025;BEJO JAHE MERAH HERBAL 12 SC, KOMIX HERBAL ORI PACK, MIXAGRIP HERBAL GREGES, SKT ACTIV SIRUP 100 ML
125023301;Maret 04, 2025;MIXAGRIP HERBAL GREGES, BEJO JAHE MERAH HERBAL 12 SC, KOMIX HERBAL ORI PACK
125023326;Maret 04, 2025;ENTROSTOP HERBAL ANAK, PROMAG SUSPENSI BTL 60 ML, PROMAG SUSPENSI 10ML/6, ENTROSTOP 10'S, PROMAG TABLET
125023328;Maret 04, 2025;KOMIX HERBAL ORI PACK, WOODS EXPECTORANT 60 ML, WOODS EXPECTORANT 100 ML, PROCOLD FLU PE
125023336;Maret 04, 2025;BEJO JAHE MERAH HERBAL 12 SC, KOMIX HERBAL ORI PACK, MIXAGRIP HERBAL GREGES, SKT ACTIV SIRUP 100 ML, SKT ACTIV SIRUP 300 ML, WOODS LOZENGES 6'S, BEJO JAHE MERAH HERBAL 6S MT
125023337;Maret 04, 2025;BEJO JAHE MERAH HERBAL 12 SC, KOMIX HERBAL ORI PACK, ENTROSTOP HERBAL DEWASA 15 ML, SKT ACTIV SIRUP 300 ML, SAKATONIK ACTIV MULTIVIT ZAT BESI - KAPLET 6S, WOODS LOZENGES 6'S, BEJO JAHE MERAH HERBAL 6S MT
125023344;Maret 04, 2025;KOMIX HERBAL PEPPERMINT, KALPANAX SALEP 6G/12
125023347;Maret 04, 2025;PROMAG TABLET, WOODS LOZENGES 6'S
125023366;Maret 04, 2025;BEJO JAHE MERAH HERBAL 12 SC, KOMIX HERBAL ORI PACK, MIXAGRIP HERBAL GREGES, CEREBROFORT MG MGA SCH, FATIGON SPIRIT BOX 10X6S, WOODS LOZENGES 6'S
125023372;Maret 04, 2025;KOMIX KID STRAWBERRY PACK, KOMIX KID OBH PE, WOODS COUGH SYR ATT  60ML, PROMAG TABLET, SAKATONIK ABC STRAW 30TAB, SAKATONIK ABC ANGGUR30TAB, SAKATONIK ABC ORANGE 30TAB
125023378;Maret 04, 2025;BEJO JAHE MERAH HERBAL 12 SC, KOMIX HERBAL ORI PACK, EXTRA JOSS ACTIVE 12SCH, WOODS NATURALS SYR 60 ML
125023381;Maret 04, 2025;SKT ACTIV SIRUP 100 ML, WOODS EXPECTORANT 60 ML, MIXAGRIP FLU KAPLET 25X4
125023385;Maret 04, 2025;H2 HEMORID 36 KAPS, ENTROSTOP HERBAL ANAK, WOODS EXPECTORANT 60 ML, WOODS NATURALS SYR 60 ML
125023391;Maret 04, 2025;KALPANAX K CREAM 5 GR, SKT ACTIV SIRUP 100 ML, SKT ACTIV SIRUP 300 ML, WOODS EXPECTORANT 60 ML, FATIGON KAPLET 10X6S
125023395;Maret 04, 2025;PROMAG SUSPENSI BTL 60 ML, PROMAG SUSPENSI 10ML/6, WOODS EXPECTORANT 60 ML, WOODS EXPECTORANT 100 ML, WOODS NATURALS SYR 60 ML, PROMAG TABLET, WOODS LOZENGES 6'S, WOODS LOZ HONEY LEMON, WOODS LOZENGES LEMON VITAMIN C
125023401;Maret 04, 2025;CEREBROFORT M.G. AGGR SCH, CEREBROFORT MG STRAW SCH, PROMAG TABLET
125023414;Maret 04, 2025;KALPANAX K CREAM 5 GR, KALPANAX KRIM 10 GR, PROMAG SUSPENSI BTL 60 ML, PROMAG TABLET
125023419;Maret 04, 2025;WOODS COUGH SYR ATT 100ML, WOODS COUGH SYR ATT  60ML
125023421;Maret 04, 2025;BEJO JAHE MERAH HERBAL 12 SC, EXTRA JOSS ACTIVE 12SCH
125023425;Maret 04, 2025;SKT ACTIV SIRUP 100 ML, SKT ACTIV SIRUP 300 ML, WOODS EXPECTORANT 100 ML
125023429;Maret 04, 2025;PROMAG TABLET, FATIGON KAPLET 10X6S
125023445;Maret 04, 2025;BEJO JAHE MERAH HERBAL 12 SC, EXTRA JOSS ACTIVE 12SCH, MIXAGRIP HERBAL GREGES
125023446;Maret 04, 2025;BEJO JAHE MERAH HERBAL 12 SC, KOMIX HERBAL ORI PACK, MIXAGRIP HERBAL GREGES, CEREBROFORT MG MGA SCH, FATIGON SPIRIT BOX 10X6S
125023474;Maret 04, 2025;KOMIX KID STRAWBERRY PACK, KOMIX KID OBH PE
125023495;Maret 04, 2025;KOMIX JAHE G-FORMULA 6'S, WOODS COUGH SYR ATT 100ML, WOODS COUGH SYR ATT  60ML, PROCOLD FLU BATUK PE
125023498;Maret 04, 2025;KOMIX HERBAL 15 ML, KOMIX HERBAL ORI PACK
125023510;Maret 04, 2025;PROMAG SUSPENSI BTL 60 ML, PROMAG SUSPENSI 10ML/6, PROMAG TABLET
125023595;Maret 04, 2025;BEJO JAHE MERAH HERBAL 12 SC, MIXAGRIP HERBAL GREGES
125023596;Maret 04, 2025;BEJO JAHE MERAH HERBAL 12 SC, KOMIX HERBAL ORI PACK
125023600;Maret 04, 2025;BEJO JAHE MERAH HERBAL 12 SC, KOMIX HERBAL ORI PACK, MIXAGRIP HERBAL GREGES, WOODS NATURALS SYR 60 ML
125023611;Maret 04, 2025;BEJO JAHE MERAH HERBAL 12 SC, KOMIX HERBAL ORI PACK, FATIGON SPIRIT BOX 10X6S
125023631;Maret 04, 2025;BEJO JAHE MERAH HERBAL 12 SC, KOMIX HERBAL ORI PACK
125023655;Maret 04, 2025;KOMIX OBH PE, KALPANAX SALEP 6G/12, KALPANAX KRIM 10 GR, PROMAG SUSPENSI BTL 60 ML, ENTROSTOP 10'S, PROMAG TABLET
125023656;Maret 04, 2025;PROMAG SUSPENSI 10ML/6, PROMAG TABLET
125023657;Maret 04, 2025;KALPANAX K CREAM 5 GR, PROMAG SUSPENSI BTL 60 ML
125023661;Maret 04, 2025;B7 SLASI JERUK NIPIS 12'S, ENTROSTOP 10'S, SAKATONIK ABC STRAW 30TAB
125023674;Maret 04, 2025;KOMIX OBH PE, PROMAG SUSPENSI BTL 60 ML, PROMAG TABLET
125023676;Maret 04, 2025;PUYER OSK BT NO.16/BOX, ENTROSTOP 10'S
125023681;Maret 04, 2025;KALPANAX SALEP 6G/12, XONCE TAB BOX 50'S
125023698;Maret 04, 2025;KALPANAX K CREAM 5 GR, WOODS EXPECTORANT 60 ML
125023699;Maret 04, 2025;KALPANAX SALEP 6G/12, PROMAG HERBAL 15 ML, FATIGON SPIRIT BOX 10X6S, SAKATONIK ABC ANTARIKSA 30 TAB, SAKATONIK ABC STRAW 30TAB, SKT ABC CURCUMA MADU
125023704;Maret 04, 2025;EXTRA JOSS SPORT GEL 2 TB, KOMIX HERBAL 15 ML, EXTRA JOSS ACTIVE 6 SCH
125023707;Maret 04, 2025;WOODS LOZENGES 6'S, WOODS LOZENGES LEMON VITAMIN C
125023731;Maret 04, 2025;KOMIX JAHE G-FORMULA BOX, KOMIX KID STRAWBERRY PACK, KOMIX J.NIPIS G-FORMULA B, KOMIX KID OBH PE
125023741;Maret 04, 2025;BEJO JAHE MERAH HERBAL 12 SC, FATIGON SPIRIT BOX 10X6S, MIXAGRIP FLU KAPLET 25X4, SAKATONIK ABC STRAW 30TAB, SAKATONIK ABC ANGGUR30TAB
125023746;Maret 04, 2025;BEJO JAHE MERAH HERBAL 12 SC, PROMAG SUSPENSI BTL 60 ML, WOODS EXPECTORANT 60 ML
125023752;Maret 04, 2025;WAISAN NEW FORMULA  /LUSIN, ENTROSTOP 10'S, PROMAG TABLET
125023754;Maret 04, 2025;BEJO JAHE MERAH HERBAL 12 SC, PROMAG TABLET
125023786;Maret 05, 2025;WAISAN NEW FORMULA  /LUSIN, SAKATONIK ABC ANTARIKSA 30 TAB, SAKATONIK ABC STRAW 30TAB, SAKATONIK ABC ANGGUR30TAB
125023804;Maret 05, 2025;FATIGON KAPLET 10X6S, FATIGON SPIRIT BOX 10X6S
125023813;Maret 05, 2025;ENTROSTOP 10'S, PROCOLD FLU PE
125023816;Maret 05, 2025;BEJO JAHE MERAH HERBAL 6S MT, BEJO JAHE MERAH HERBAL 12 SC, KOMIX HERBAL ORI PACK, MIXAGRIP HERBAL GREGES
125023820;Maret 05, 2025;ENTROSTOP 10'S, PROMAG TABLET
125023831;Maret 05, 2025;BEJO JAHE MERAH HERBAL 12 SC, B7 SLASI JERUK NIPIS 12'S, MIXAGRIP HERBAL GREGES
125023834;Maret 05, 2025;WOODS EXPECTORANT 60 ML, SAKATONIK ABC ANGGUR30TAB, WOODS LOZ HONEY LEMON
125023843;Maret 05, 2025;KALPANAX SALEP 6G/12, ENTROSTOP 10'S, SAKATONIK ABC ANTARIKSA 30 TAB, SAKATONIK ABC STRAW 30TAB, SAKATONIK ABC ANGGUR30TAB, SAKATONIK ABC ORANGE 30TAB
125023845;Maret 05, 2025;BEJO ANAK JAHE MERAH 5S, KOMIX HERBAL 15 ML, KOMIX HERBAL ORI PACK, KOMIX HERBAL PEPPERMINT, EXTRA JOSS ACTIVE 12SCH
125023858;Maret 05, 2025;KALPANAX K CREAM 5 GR, KALPANAX SALEP 6G/12, PROMAG SUSPENSI BTL 60 ML, PROCOLD FLU PE, PROMAG TABLET
125023859;Maret 05, 2025;CEREBROFORT GOLD ORANGE 100 ML, CEREBROFORT GOLD STRAWBERY
125023860;Maret 05, 2025;KOMIX HERBAL 15 ML, KOMIX HERBAL ORI PACK, ENTROSTOP 10'S
125023878;Maret 05, 2025;WAISAN NEW FORMULA  /LUSIN, KALPANAX K CREAM 5 GR, PROMAG SUSPENSI BTL 60 ML, PROMAG SUSPENSI 10ML/6, MIXAGRIP FLU KAPLET 25X4, PROCOLD FLU PE, PROMAG TABLET
125023882;Maret 05, 2025;FATIGON KAPLET 10X6S, SAKATONIK ABC STRAW 30TAB, SAKATONIK ABC ANGGUR30TAB, SAKATONIK ABC ORANGE 30TAB
125023894;Maret 05, 2025;SKT ACTIV SIRUP 100 ML, SAKATONIK ABC STRAW 30TAB
125023903;Maret 05, 2025;BEJO JAHE MERAH HERBAL 12 SC, KOMIX HERBAL ORI PACK, EXTRA JOSS ACTIVE 12SCH, EXTRA JOSS GO RASA ANGGUR, ENTROSTOP HERBAL ANAK, MIXAGRIP HERBAL GREGES, WOODS LOZENGES 6'S
125023906;Maret 05, 2025;ENTROSTOP 10'S, PROMAG TABLET
125023935;Maret 05, 2025;KOMIX JAHE G-FORMULA BOX, KOMIX J.NIPIS G-FORMULA B
125023938;Maret 05, 2025;KALPANAX K CREAM 5 GR, PROMAG SUSPENSI BTL 60 ML, PROMAG SUSPENSI 10ML/6
125023939;Maret 05, 2025;KALPANAX K CREAM 5 GR, KALPANAX KRIM 10 GR, PROMAG TABLET
125023941;Maret 05, 2025;WOODS EXPECTORANT 100 ML, WOODS LOZENGES CHERRY 6'S, WOODS LOZENGES 6'S, WOODS LOZ HONEY LEMON
125023971;Maret 05, 2025;KOMIX JAHE G-FORMULA BOX, KOMIX J.NIPIS G-FORMULA B
125023978;Maret 05, 2025;PROMAG SUSPENSI 10ML/6, SKT ACTIV SIRUP 300 ML
125023983;Maret 05, 2025;KOMIX J.NIPIS G-FORMULA B, KOMIX OBH PE
125023986;Maret 05, 2025;KOMIX HERBAL 15 ML, KOMIX HERBAL ORI PACK, ENTROSTOP HERBAL ANAK, WOODS EXPECTORANT 60 ML, ENTROSTOP 10'S
125023995;Maret 05, 2025;BEJO ANAK JAHE MERAH 5S, BEJO JAHE MERAH HERBAL 12 SC, ENTROSTOP HERBAL ANAK, WOODS EXPECTORANT 60 ML
125023998;Maret 05, 2025;KALPANAX KRIM 10 GR, PROMAG TABLET
125024000;Maret 05, 2025;KOMIX HERBAL 15 ML, KOMIX HERBAL ORI PACK, SAKATONIK ABC ANTARIKSA 30 TAB
125024043;Maret 05, 2025;FATIGON SPIRIT BOX 10X6S, ENTROSTOP 10'S, SAKATONIK ABC ANTARIKSA 30 TAB, SAKATONIK ABC ORANGE 30TAB
125024045;Maret 05, 2025;WOODS EXPECTORANT 60 ML, PROMAG TABLET
125024054;Maret 05, 2025;PROMAG SUSPENSI BTL 60 ML, PROMAG SUSPENSI 10ML/6, PROMAG TABLET
125024068;Maret 05, 2025;BEJO JAHE MERAH HERBAL 6S MT, KOMIX HERBAL ORI PACK, WOODS LOZENGES CHERRY 6'S, WOODS LOZ HONEY LEMON
125024070;Maret 05, 2025;FEMMY FYBER, FEMMY SKIN
125024071;Maret 05, 2025;WOODS COUGH SYR ATT  60ML, PROCOLD FLU BATUK PE
125024107;Maret 05, 2025;MIXAGRIP FLU KAPLET 25X4, PROCOLD FLU PE
125024139;Maret 05, 2025;BEJO JAHE MERAH HERBAL 12 SC, KOMIX JAHE G-FORMULA BOX, KOMIX J.NIPIS G-FORMULA B, KOMIX HERBAL ORI PACK, PUYER OSK BT NO.16/BOX, WAISAN NEW FORMULA  /LUSIN, KALPANAX K CREAM 5 GR, KALPANAX SALEP 6G/12, MIXAGRIP HERBAL GREGES, WOODS EXPECTORANT 60 ML
125024148;Maret 05, 2025;KOMIX HERBAL 15 ML, FATIGON KAPLET 10X6S, FATIGON SPIRIT BOX 10X6S
125024152;Maret 05, 2025;WOODS EXPECTORANT 60 ML, WOODS EXPECTORANT 100 ML
125024153;Maret 05, 2025;WOODS EXPECTORANT 60 ML, WOODS EXPECTORANT 100 ML
125024166;Maret 05, 2025;KOMIX JAHE G-FORMULA BOX, KOMIX J.NIPIS G-FORMULA B, KOMIX OBH PE
125024168;Maret 05, 2025;WOODS COUGH SYR ATT  60ML, PROCOLD FLU BATUK PE
125024194;Maret 05, 2025;BEJO JAHE MERAH HERBAL 12 SC, B7 SLASI JERUK NIPIS 12'S, EXTRA JOSS ACTIVE 12SCH
125024201;Maret 05, 2025;BEJO ANAK JAHE MERAH 5S, BEJO JAHE MERAH HERBAL 12 SC, KALPANAX K CREAM 5 GR, PROMAG SUSPENSI BTL 60 ML, PROMAG TABLET
125024202;Maret 05, 2025;KOMIX JAHE G-FORMULA BOX, KOMIX J.NIPIS G-FORMULA B, KOMIX OBH PE
125024203;Maret 05, 2025;BEJO JAHE MERAH HERBAL 12 SC, KOMIX HERBAL ORI PACK, MIXAGRIP HERBAL GREGES
125024210;Maret 05, 2025;BEJO JAHE MERAH HERBAL 12 SC, EXTRA JOSS ACTIVE 12SCH
125024309;Maret 06, 2025;PROMAG SUSPENSI BTL 60 ML, PROMAG TABLET
125024310;Maret 06, 2025;KALPANAX K CREAM 5 GR, KALPANAX SALEP 6G/12
125024311;Maret 06, 2025;WAISAN NEW FORMULA  /LUSIN, KALPANAX K CREAM 5 GR, KALPANAX KRIM 10 GR, FATIGON KAPLET 10X6S, FATIGON SPIRIT BOX 10X6S, ENTROSTOP 10'S, SAKATONIK ABC STRAW 30TAB, SAKATONIK ABC ANGGUR30TAB
125024312;Maret 06, 2025;KALPANAX K CREAM 5 GR, WOODS EXPECTORANT 100 ML
125024314;Maret 06, 2025;SAKATONIK ABC ANGGUR30TAB, SAKATONIK ABC ORANGE 30TAB
125024330;Maret 06, 2025;KOMIX HERBAL JAHE, SKT ABC CURCUMA MADU
125024331;Maret 06, 2025;WOODS NATURALS SYR 60 ML, SKT ABC CURCUMA MADU
125024332;Maret 06, 2025;PUYER OSK BT NO.16/BOX, CEREBROFORT GOLD ORANGE 100 ML, CEREBROFORT GOLD STRAWBERY, XONCE TAB BOX 50'S
125024343;Maret 06, 2025;SKT ACTIV SIRUP 300 ML, SAKATONIK ABC ANTARIKSA 30 TAB, SAKATONIK ABC ANGGUR30TAB, SAKATONIK ABC ORANGE 30TAB, SKT ABC CURCUMA MADU
125024346;Maret 06, 2025;KOMIX HERBAL JAHE, KOMIX HERBAL ORI PACK, KOMIX OBH PE
125024373;Maret 06, 2025;CEREBROFORT GOLD STRAWBERY, CEREBROFORT M.G. AGGR SCH
125024379;Maret 06, 2025;BEJO JAHE MERAH HERBAL 6S MT, PROMAG TABLET
125024394;Maret 06, 2025;PROMAG TABLET, WOODS NATURALS SYR 60 ML
125024403;Maret 06, 2025;KALPANAX K CREAM 5 GR, KALPANAX KRIM 10 GR, PROMAG TABLET, WOODS LOZENGES 6'S
125024430;Maret 06, 2025;KOMIX HERBAL JAHE, KOMIX HERBAL JERUK NIPIS, KOMIX HERBAL 15 ML, KALPANAX K CREAM 5 GR, KALPANAX KRIM 10 GR
125024431;Maret 06, 2025;WOODS EXPECTORANT 60 ML, PROCOLD FLU PE, PROMAG TABLET
125024437;Maret 06, 2025;KALPANAX SALEP 6G/12, CEREBROFORT MG STRAW SCH, FATIGON KAPLET 10X6S, FATIGON SPIRIT BOX 10X6S, ENTROSTOP 10'S, PROCOLD FLU PE
125024438;Maret 06, 2025;KOMIX HERBAL 15 ML, SAKATONIK ABC STRAW 30TAB
125024440;Maret 06, 2025;WAISAN NEW FORMULA  /LUSIN, PROCOLD FLU PE
125024443;Maret 06, 2025;KALPANAX SALEP 6G/12, PROMAG HERBAL 15 ML, ENTROSTOP 10'S
125024444;Maret 06, 2025;PROMAG SUSPENSI BTL 60 ML, WOODS EXPECTORANT 60 ML, SAKATONIK ABC ANTARIKSA 30 TAB
125024463;Maret 06, 2025;SKT ACTIV SIRUP 300 ML, WOODS EXPECTORANT 60 ML, WOODS EXPECTORANT 100 ML
125024467;Maret 06, 2025;BEJO JAHE MERAH HERBAL 6S MT, EXTRA JOSS SPORT GEL 2 TB, KOMIX HERBAL ORI PACK
125024470;Maret 06, 2025;WOODS COUGH SYR ATT  60ML, PROCOLD FLU BATUK PE
125024472;Maret 06, 2025;WOODS LOZENGES 6'S, WOODS LOZENGES LEMON VITAMIN C
125024474;Maret 06, 2025;KALPANAX K CREAM 5 GR, PROMAG SUSPENSI 10ML/6, WOODS EXPECTORANT 60 ML, ENTROSTOP 10'S
125024477;Maret 06, 2025;KALPANAX SALEP 6G/12, WOODS NATURALS SYR 60 ML, CEREBROFORT M.G. AGGR SCH, CEREBROFORT MG STRAW SCH, FATIGON SPIRIT BOX 10X6S, SAKATONIK ACTIV MULTIVIT ZAT BESI - KAPLET 6S, SAKATONIK ABC ANTARIKSA 30 TAB, SAKATONIK ABC STRAW 30TAB, SKT ABC CURCUMA MADU, XONCE TAB BOX 50'S
125024478;Maret 06, 2025;MIXAGRIP FLU KAPLET 25X4, PROCOLD FLU PE
125024508;Maret 06, 2025;WOODS COUGH SYR ATT  60ML, MEXTRIL BATUK-TABLET BOX
125024522;Maret 06, 2025;ENTROSTOP HERBAL ANAK, KOMIX HERBAL JAHE, KOMIX HERBAL JERUK NIPIS, ENTROSTOP 10'S, CEREBROFORT MG STRAW SCH, XONCE TAB BOX 50'S
125024524;Maret 06, 2025;SAKATONIK ACTIV MULTIVIT ZAT BESI - KAPLET 6S, SAKATONIK ABC ANGGUR30TAB, SAKATONIK ABC ORANGE 30TAB, SKT ABC CURCUMA MADU
125024532;Maret 06, 2025;BEJO JAHE MERAH HERBAL 6S MT, KOMIX HERBAL ORI PACK
125024543;Maret 06, 2025;KOMIX HERBAL JAHE, KOMIX HERBAL JERUK NIPIS
125024557;Maret 06, 2025;MIXAGRIP HERBAL GREGES, PROMAG HERBAL 15 ML, KOMIX HERBAL 15 ML
125024569;Maret 06, 2025;BEJO JAHE MERAH HERBAL 6S MT, KOMIX HERBAL ORI PACK, FATIGON KAPLET 10X6S, FATIGON SPIRIT BOX 10X6S, SAKATONIK ABC STRAW 30TAB, SAKATONIK ABC ANGGUR30TAB, SAKATONIK ABC ORANGE 30TAB
125024570;Maret 06, 2025;EXTRA JOSS GO RASA ANGGUR, EXTRA JOSS MANGGA LAKI
125024576;Maret 06, 2025;KOMIX HERBAL 15 ML, KOMIX HERBAL ORI PACK, BEJO JAHE MERAH HERBAL 6S MT
125024602;Maret 06, 2025;FATIGON SPIRIT BOX 10X6S, SAKATONIK ABC STRAW 30TAB
125024604;Maret 06, 2025;WAISAN NEW FORMULA  /LUSIN, PROCOLD FLU PE
125024608;Maret 06, 2025;BEJO JAHE MERAH HERBAL 6S MT, KALPANAX K CREAM 5 GR, CEREBROFORT GOLD ORANGE 100 ML, ENTROSTOP 10'S
125024619;Maret 06, 2025;SAKATONIK ABC ANTARIKSA 30 TAB, SAKATONIK ABC STRAW 30TAB, SAKATONIK ABC ANGGUR30TAB, SKT ABC CURCUMA MADU
125024628;Maret 06, 2025;KALPANAX SALEP 6G/12, CEREBROFORT GOLD ORANGE 100 ML, CEREBROFORT GOLD ORANGE 200 ML, CEREBROFORT GOLD STRAWBERY
125024698;Maret 06, 2025;WOODS COUGH SYR ATT  60ML, PROMAG TABLET
125024699;Maret 06, 2025;KALPANAX K CREAM 5 GR, PROMAG TABLET
125024721;Maret 06, 2025;MIXAGRIP HERBAL GREGES, PROMAG HERBAL 15 ML, FATIGON KAPLET 10X6S, FATIGON SPIRIT BOX 10X6S
125024727;Maret 06, 2025;KALPANAX SALEP 6G/12, PROMAG TABLET
125024728;Maret 06, 2025;PROMAG TABLET, WOODS LOZENGES 6'S
125024753;Maret 06, 2025;WOODS COUGH SYR ATT 100ML, WOODS EXPECTORANT 60 ML
125024795;Maret 07, 2025;WOODS COUGH SYR ATT  60ML, WOODS EXPECTORANT 60 ML
125024810;Maret 07, 2025;PROMAG SUSPENSI 10ML/6, CEREBROFORT M.G. AGGR SCH
125024812;Maret 07, 2025;FATIGON KAPLET 10X6S, SAKATONIK ABC STRAW 30TAB, SAKATONIK ABC ANGGUR30TAB, SAKATONIK ABC ORANGE 30TAB
125024817;Maret 07, 2025;CEREBROFORT GOLD ORANGE 100 ML, CEREBROFORT GOLD STRAWBERY
125024818;Maret 07, 2025;SAKATONIK ABC STRAW 30TAB, SAKATONIK ABC ORANGE 30TAB
125024822;Maret 07, 2025;MIXAGRIP HERBAL GREGES, PROMAG TABLET
125024832;Maret 07, 2025;WAISAN NEW FORMULA  /LUSIN, PROMAG TABLET
125024857;Maret 07, 2025;KALPANAX K CREAM 5 GR, CEREBROFORT GOLD ORANGE 100 ML, CEREBROFORT GOLD STRAWBERY
125024860;Maret 07, 2025;KOMIX HERBAL JERUK NIPIS, KOMIX HERBAL PEPPERMINT, PROMAG HERBAL 15 ML
125024862;Maret 07, 2025;BEJO JAHE MERAH HERBAL 6S MT, CEREBROFORT GOLD ORANGE 200 ML, ENTROSTOP HERBAL ANAK, PROMAG TABLET, SAKATONIK ABC ANGGUR30TAB, SKT ABC CURCUMA MADU
125024883;Maret 07, 2025;BEJO JAHE MERAH HERBAL 6S MT, ENTROSTOP 10'S
125024885;Maret 07, 2025;PROMAG HERBAL 15 ML, PROMAG TABLET
125024901;Maret 07, 2025;KALPANAX K CREAM 5 GR, WOODS EXPECTORANT 100 ML
125024911;Maret 07, 2025;KOMIX HERBAL JAHE, SAKATONIK ABC ANTARIKSA 30 TAB
125024916;Maret 07, 2025;CEREBROFORT GOLD ORANGE 100 ML, CEREBROFORT GOLD STRAWBERY, SKT ACTIV SIRUP 100 ML, WOODS EXPECTORANT 60 ML, MIXAGRIP FLU KAPLET 25X4
125024928;Maret 07, 2025;WOODS COUGH SYR ATT  60ML, PROMAG TABLET
125024932;Maret 07, 2025;KALPANAX K CREAM 5 GR, WOODS COUGH SYR ATT  60ML, PROMAG TABLET
125024945;Maret 07, 2025;B7 SLASI JERUK NIPIS 12'S, EXTRA JOSS ACTIVE 12SCH
125024946;Maret 07, 2025;KOMIX HERBAL JAHE, B7 SLASI JERUK NIPIS 12'S
125024995;Maret 07, 2025;KOMIX HERBAL 15 ML, KOMIX OBH PE, WAISAN NEW FORMULA  /LUSIN, KALPANAX K CREAM 5 GR, ENTROSTOP 10'S, PROMAG TABLET
125024998;Maret 07, 2025;WOODS EXPECTORANT 60 ML, WOODS EXPECTORANT 100 ML
125025012;Maret 07, 2025;FATIGON SPIRIT BOX 10X6S, WOODS LOZENGES 6'S, WOODS LOZ HONEY LEMON, WOODS LOZENGES ORANGE VITAMIN C, WOODS LOZENGES LEMON VITAMIN C
125025020;Maret 07, 2025;KOMIX JAHE G-FORMULA 6'S, KOMIX J.NIPIS G-FORMULA B
125025021;Maret 07, 2025;KOMIX HERBAL 15 ML, PROMAG TABLET
125025026;Maret 07, 2025;KALPANAX K CREAM 5 GR, KALPANAX KRIM 10 GR
125025054;Maret 07, 2025;ENTROSTOP HERBAL ANAK, KOMIX HERBAL JAHE, KOMIX HERBAL JERUK NIPIS, KOMIX HERBAL 15 ML, KOMIX HERBAL ORI PACK, EXTRA JOSS ACTIVE 12SCH, FATIGON SPIRIT BOX 10X6S
125025071;Maret 07, 2025;CEREBROFORT M.G. AGGR SCH, CEREBROFORT MG MGA SCH, CEREBROFORT MG JRK SCH, CEREBROFORT MG STRAW SCH
125025084;Maret 08, 2025;KALPANAX SALEP 6G/12, KOMIX OBH PE, WOODS EXPECTORANT 60 ML, PUYER OSK BT NO.16/BOX, WAISAN NEW FORMULA  /LUSIN, PROCOLD FLU PE
125025097;Maret 08, 2025;KALPANAX K CREAM 5 GR, KALPANAX KRIM 10 GR, SAKATONIK ABC ANTARIKSA 30 TAB, SAKATONIK ABC STRAW 30TAB, SAKATONIK ABC ORANGE 30TAB
125025105;Maret 08, 2025;KOMIX HERBAL 15 ML, WOODS EXPECTORANT 60 ML
125025107;Maret 08, 2025;KOMIX JAHE G-FORMULA BOX, KOMIX J.NIPIS G-FORMULA B, KOMIX PEPP.G-FORMULA BOX
125025112;Maret 08, 2025;KALPANAX K CREAM 5 GR, WOODS EXPECTORANT 60 ML
125025123;Maret 08, 2025;WOODS COUGH SYR ATT 100ML, WOODS COUGH SYR ATT  60ML
125025126;Maret 08, 2025;KOMIX HERBAL JAHE, KOMIX HERBAL JERUK NIPIS, EXTRA JOSS ACTIVE 12SCH, WOODS LOZENGES CHERRY 6'S, WOODS LOZENGES 6'S, WOODS LOZ HONEY LEMON, XONCE TAB BOX 50'S
125025133;Maret 08, 2025;WOODS COUGH SYR ATT  60ML, PROCOLD FLU BATUK PE, WOODS LOZENGES 6'S
125025138;Maret 08, 2025;ENTROSTOP HERBAL DEWASA 15 ML, PROMAG SUSPENSI BTL 60 ML, PROMAG SUSPENSI 10ML/6, PROMAG TABLET
125025142;Maret 08, 2025;KALPANAX K CREAM 5 GR, ENTROSTOP 10'S
125025144;Maret 08, 2025;KOMIX HERBAL 15 ML, KOMIX HERBAL ORI PACK
125025156;Maret 08, 2025;KOMIX HERBAL 15 ML, ENTROSTOP 10'S
125025160;Maret 08, 2025;WOODS NATURALS SYR 60 ML, SAKATONIK ABC STRAW 30TAB, SAKATONIK ABC ANGGUR30TAB
125025162;Maret 08, 2025;KOMIX HERBAL JAHE, KOMIX HERBAL JERUK NIPIS, KOMIX HERBAL ORI PACK, WOODS EXPECTORANT 100 ML, FATIGON SPIRIT BOX 10X6S, ENTROSTOP 10'S, PROMAG TABLET, SAKATONIK ABC ANTARIKSA 30 TAB, SAKATONIK ABC ANGGUR30TAB, SAKATONIK ABC ORANGE 30TAB
125025165;Maret 08, 2025;CEREBROFORT GOLD ORANGE 100 ML, CEREBROFORT GOLD ORANGE 200 ML, PROMAG TABLET
125025167;Maret 08, 2025;KOMIX HERBAL 15 ML, KOMIX HERBAL ORI PACK, WOODS EXPECTORANT 60 ML, ENTROSTOP 10'S, PROCOLD FLU PE
125025171;Maret 08, 2025;CEREBROFORT GOLD ORANGE 100 ML, CEREBROFORT GOLD STRAWBERY, WOODS EXPECTORANT 60 ML
125025172;Maret 08, 2025;CEREBROFORT GOLD ORANGE 100 ML, PROMAG TABLET
125025185;Maret 08, 2025;ENTROSTOP 10'S, SAKATONIK ABC ANTARIKSA 30 TAB, SAKATONIK ABC ORANGE 30TAB
125025194;Maret 08, 2025;WAISAN NEW FORMULA  /LUSIN, CEREBROFORT GOLD ORANGE 100 ML, WOODS EXPECTORANT 60 ML, PROMAG TABLET, WOODS LOZENGES 6'S
125025197;Maret 08, 2025;KOMIX HERBAL 15 ML, WOODS NATURALS SYR 60 ML
125025222;Maret 08, 2025;FATIGON KAPLET 10X6S, FATIGON SPIRIT BOX 10X6S
125025224;Maret 08, 2025;ENTROSTOP 10'S, PROMAG TABLET, SKT ACTIV SIRUP 100 ML
125025227;Maret 08, 2025;CEREBROFORT GOLD STRAWBERY, WOODS EXPECTORANT 100 ML
125025236;Maret 08, 2025;KALPANAX K CREAM 5 GR, KALPANAX SALEP 6G/12
125025272;Maret 08, 2025;CEREBROFORT GOLD ORANGE 100 ML, CEREBROFORT GOLD STRAWBERY
125025276;Maret 08, 2025;KALPANAX K CREAM 5 GR, KALPANAX KRIM 10 GR
125025277;Maret 08, 2025;KOMIX HERBAL JERUK NIPIS, ENTROSTOP HERBAL ANAK, PROMAG SUSPENSI 10ML/6, PROCOLD FLU PE
125025283;Maret 08, 2025;KOMIX HERBAL JAHE, KOMIX HERBAL JERUK NIPIS, KOMIX HERBAL 15 ML, KOMIX HERBAL ORI PACK, EXTRA JOSS ACTIVE 12SCH, MIXAGRIP HERBAL GREGES, WOODS NATURALS SYR 60 ML, WOODS LOZENGES 6'S
125025287;Maret 08, 2025;CEREBROFORT M.G. AGGR SCH, CEREBROFORT MG JRK SCH, CEREBROFORT MG STRAW SCH
125025289;Maret 08, 2025;KOMIX JAHE G-FORMULA BOX, KOMIX KID STRAWBERRY PACK, KOMIX J.NIPIS G-FORMULA B, KOMIX KID OBH PE
125025296;Maret 08, 2025;WOODS LOZENGES 6'S, WOODS LOZENGES LEMON VITAMIN C
125025297;Maret 08, 2025;WOODS COUGH SYR ATT  60ML, PROCOLD FLU BATUK PE
125025302;Maret 08, 2025;KALPANAX SALEP 6G/12, PROMAG HERBAL 15 ML, WOODS NATURALS SYR 60 ML, CEREBROFORT M.G. AGGR SCH, FATIGON SPIRIT BOX 10X6S, SAKATONIK ABC ANTARIKSA 30 TAB, SAKATONIK ABC STRAW 30TAB, SKT ABC CURCUMA MADU, XONCE TAB BOX 50'S
125025303;Maret 08, 2025;MIXAGRIP FLU KAPLET 25X4, PROCOLD FLU PE
125025383;Maret 08, 2025;KOMIX HERBAL JERUK NIPIS, KOMIX HERBAL ORI PACK
125025391;Maret 08, 2025;KALPANAX K CREAM 5 GR, PROMAG SUSPENSI 10ML/6, WOODS EXPECTORANT 60 ML, ENTROSTOP 10'S
125025392;Maret 08, 2025;BEJO JAHE MERAH HERBAL 6S MT, EXTRA JOSS SPORT GEL 2 TB, KOMIX HERBAL 15 ML, KOMIX HERBAL ORI PACK, EXTRA JOSS ACTIVE 6 SCH
125025403;Maret 10, 2025;CEREBROFORT GOLD ORANGE 100 ML, CEREBROFORT GOLD STRAWBERY
125025404;Maret 10, 2025;WOODS EXPECTORANT 60 ML, WOODS NATURALS SYR 60 ML, WOODS LOZENGES CHERRY 6'S, WOODS LOZENGES 6'S
125025405;Maret 10, 2025;SAKATONIK ABC ANTARIKSA 30 TAB, SAKATONIK ABC STRAW 30TAB, SAKATONIK ABC ORANGE 30TAB
125025421;Maret 10, 2025;SKT ACTIV SIRUP 100 ML, SKT ACTIV SIRUP 300 ML
125025449;Maret 10, 2025;KALPANAX SALEP 6G/12, WOODS EXPECTORANT 60 ML, WOODS EXPECTORANT 100 ML, CEREBROFORT M.G. AGGR SCH, CEREBROFORT MG STRAW SCH, PROCOLD FLU PE
125025452;Maret 10, 2025;WOODS EXPECTORANT 60 ML, SAKATONIK ABC STRAW 30TAB, SAKATONIK ABC ANGGUR30TAB, SAKATONIK ABC ORANGE 30TAB
125025458;Maret 10, 2025;PUYER OSK BT NO.16/BOX, WOODS EXPECTORANT 60 ML
125025463;Maret 10, 2025;KOMIX JAHE G-FORMULA BOX, KOMIX JAHE G-FORMULA 6'S, KOMIX KID STRAWBERRY PACK, KOMIX J.NIPIS G-FORMULA B
125025475;Maret 10, 2025;SAKATONIK ACTIV MULTIVIT ZAT BESI - KAPLET 6S, SAKATONIK ABC ANTARIKSA 30 TAB, SAKATONIK ABC ANGGUR30TAB
125025477;Maret 10, 2025;KALPANAX K CREAM 5 GR, PROMAG TABLET
125025479;Maret 10, 2025;KOMIX HERBAL 15 ML, KALPANAX SALEP 6G/12, ENTROSTOP 10'S
125025481;Maret 10, 2025;PROMAG SUSPENSI BTL 60 ML, SAKATONIK ABC ANTARIKSA 30 TAB
125025487;Maret 10, 2025;KOMIX KID STRAWBERRY PACK, MEXTRIL BATUK-TABLET BOX
125025495;Maret 10, 2025;ENTROSTOP HERBAL ANAK, SKT ACTIV SIRUP 100 ML, PROCOLD FLU PE
125025500;Maret 10, 2025;KALPANAX SALEP 6G/12, KALPANAX KRIM 10 GR, CEREBROFORT GOLD ORANGE 100 ML, ENTROSTOP HERBAL ANAK, WOODS EXPECTORANT 60 ML, ENTROSTOP 10'S
125025517;Maret 10, 2025;SAKATONIK ABC ANTARIKSA 30 TAB, SAKATONIK ABC ANGGUR30TAB, SAKATONIK ABC ORANGE 30TAB
125025519;Maret 10, 2025;ENTROSTOP HERBAL ANAK, PROMAG SUSPENSI 10ML/6, PROMAG TABLET, SAKATONIK ABC ANTARIKSA 30 TAB
125025520;Maret 10, 2025;KOMIX HERBAL 15 ML, SKT ACTIV SIRUP 100 ML
125025522;Maret 10, 2025;PROMAG SUSPENSI 10ML/6, PROMAG TABLET
125025524;Maret 10, 2025;PROMAG SUSPENSI BTL 60 ML, PROMAG SUSPENSI 10ML/6
125025527;Maret 10, 2025;KALPANAX SALEP 6G/12, PROMAG SUSPENSI BTL 60 ML
125025549;Maret 10, 2025;ENTROSTOP 10'S, PROMAG TABLET
125025562;Maret 10, 2025;KALPANAX SALEP 6G/12, CEREBROFORT GOLD ORANGE 100 ML
125025566;Maret 10, 2025;BEJO ANAK JAHE MERAH 5S, BEJO JAHE MERAH HERBAL 6S MT, FATIGON KAPLET 10X6S
125025575;Maret 10, 2025;KALPANAX K CREAM 5 GR, KALPANAX SALEP 6G/12, KALPANAX KRIM 10 GR, SAKATONIK ABC ANTARIKSA 30 TAB, SAKATONIK ABC STRAW 30TAB, SAKATONIK ABC ANGGUR30TAB
125025584;Maret 10, 2025;WOODS COUGH SYR ATT 100ML, WOODS COUGH SYR ATT  60ML
125025589;Maret 10, 2025;SKT ACTIV SIRUP 300 ML, WOODS EXPECTORANT 60 ML, PROMAG TABLET
125025615;Maret 10, 2025;ENTROSTOP 10'S, PROCOLD FLU PE
125025616;Maret 10, 2025;KOMIX HERBAL JAHE, KOMIX HERBAL JERUK NIPIS
125025626;Maret 10, 2025;PROMAG SUSPENSI BTL 60 ML, PROMAG TABLET
125025627;Maret 10, 2025;CEREBROFORT GOLD STRAWBERY, WOODS EXPECTORANT 60 ML
125025644;Maret 10, 2025;PUYER OSK BT NO.16/BOX, SAKATONIK ABC ANGGUR30TAB
125025700;Maret 10, 2025;ENTROSTOP HERBAL ANAK, WAISAN NEW FORMULA  /LUSIN
125025702;Maret 10, 2025;KOMIX HERBAL 15 ML, KALPANAX SALEP 6G/12, WOODS EXPECTORANT 60 ML, WOODS EXPECTORANT 100 ML, SAKATONIK ABC ANTARIKSA 30 TAB
125025703;Maret 10, 2025;PROMAG SUSPENSI 10ML/6, ENTROSTOP 10'S, PROMAG TABLET, SAKATONIK ABC ORANGE 30TAB
125025714;Maret 10, 2025;KOMIX HERBAL JERUK NIPIS, KOMIX HERBAL 15 ML, KOMIX HERBAL ORI PACK
125025721;Maret 10, 2025;WOODS COUGH SYR ATT 100ML, WOODS COUGH SYR ATT  60ML
125025740;Maret 10, 2025;FATIGON KAPLET 10X6S, FATIGON SPIRIT BOX 10X6S
125025770;Maret 10, 2025;ENTROSTOP 10'S, PROMAG TABLET
125025777;Maret 10, 2025;ENTROSTOP 10'S, PROMAG TABLET
125025778;Maret 10, 2025;KALPANAX K CREAM 5 GR, SAKATONIK ABC ORANGE 30TAB, SKT ABC CURCUMA MADU
125025781;Maret 10, 2025;WOODS LOZENGES CHERRY 6'S, WOODS LOZ HONEY LEMON, WOODS LOZENGES LEMON VITAMIN C, XONCE TAB BOX 50'S
125025805;Maret 10, 2025;KOMIX JAHE G-FORMULA BOX, KOMIX KID STRAWBERRY PACK, KOMIX J.NIPIS G-FORMULA B, KOMIX KID OBH PE, MIXAGRIP FLU KAPLET 25X4, ENTROSTOP 10'S
125025807;Maret 10, 2025;KOMIX JAHE G-FORMULA BOX, KOMIX J.NIPIS G-FORMULA B
125025808;Maret 10, 2025;KOMIX JAHE G-FORMULA BOX, KOMIX J.NIPIS G-FORMULA B, MIXAGRIP FLU &BATUK PE, MEXTRIL BATUK-TABLET BOX
125025831;Maret 10, 2025;KOMIX JAHE G-FORMULA BOX, KOMIX KID STRAWBERRY PACK, KOMIX J.NIPIS G-FORMULA B, KOMIX PEPP.G-FORMULA BOX, MIXAGRIP FLU &BATUK PE, PROCOLD FLU BATUK PE
125025832;Maret 10, 2025;KOMIX JAHE G-FORMULA BOX, KOMIX J.NIPIS G-FORMULA B, KOMIX PEPP.G-FORMULA BOX, WOODS COUGH SYR ATT  60ML
125025851;Maret 10, 2025;KOMIX HERBAL ORI PACK, MIXAGRIP HERBAL GREGES
125025855;Maret 10, 2025;EXTRA JOSS ACTIVE 12SCH, MIXAGRIP HERBAL GREGES
125025857;Maret 10, 2025;KOMIX HERBAL ORI PACK, MIXAGRIP HERBAL GREGES
125025858;Maret 10, 2025;KOMIX HERBAL JAHE, KOMIX HERBAL JERUK NIPIS, KOMIX HERBAL ORI PACK, KOMIX HERBAL PEPPERMINT, B7 SLASI JERUK NIPIS 12'S
125025885;Maret 10, 2025;KOMIX HERBAL JERUK NIPIS, KOMIX HERBAL 15 ML, PROMAG TABLET
125025906;Maret 10, 2025;WAISAN NEW FORMULA  /LUSIN, KALPANAX KRIM 10 GR, PROMAG SUSPENSI 10ML/6
125025907;Maret 10, 2025;KALPANAX K CREAM 5 GR, WOODS EXPECTORANT 60 ML
125025908;Maret 10, 2025;KALPANAX K CREAM 5 GR, PROMAG TABLET
125025913;Maret 11, 2025;KOMIX HERBAL ORI PACK, WOODS LOZENGES CHERRY 6'S, WOODS LOZENGES 6'S
125025930;Maret 11, 2025;KOMIX JAHE G-FORMULA BOX, WOODS COUGH SYR ATT  60ML
125025942;Maret 11, 2025;KOMIX HERBAL JAHE, KOMIX HERBAL JERUK NIPIS, KOMIX HERBAL ORI PACK, KOMIX HERBAL PEPPERMINT, MIXAGRIP HERBAL GREGES, EXTRA JOSS ACTIVE 12SCH
125025955;Maret 11, 2025;KALPANAX K CREAM 5 GR, KALPANAX KRIM 10 GR, BEJO ANAK JAHE MERAH 5S
125025958;Maret 11, 2025;PUYER OSK BT NO.16/BOX, SAKATONIK ABC ANTARIKSA 30 TAB, SAKATONIK ABC STRAW 30TAB, SAKATONIK ABC ANGGUR30TAB, SAKATONIK ABC ORANGE 30TAB
125025960;Maret 11, 2025;KALPANAX K CREAM 5 GR, ENTROSTOP HERBAL ANAK, FATIGON KAPLET 10X6S
125025964;Maret 11, 2025;KOMIX HERBAL ORI PACK, MIXAGRIP HERBAL GREGES
125025990;Maret 11, 2025;PROCOLD FLU PE, SAKATONIK ACTIV MULTIVIT ZAT BESI - KAPLET 6S
125025992;Maret 11, 2025;SAKATONIK ABC ANTARIKSA 30 TAB, SAKATONIK ABC STRAW 30TAB, SAKATONIK ABC ANGGUR30TAB
125025999;Maret 11, 2025;WOODS COUGH SYR ATT 100ML, WOODS COUGH SYR ATT  60ML
125026025;Maret 11, 2025;PROMAG SUSPENSI BTL 60 ML, MIXAGRIP FLU KAPLET 25X4
125026040;Maret 11, 2025;KALPANAX K CREAM 5 GR, PROMAG HERBAL 15 ML
125026049;Maret 11, 2025;KALPANAX K CREAM 5 GR, KOMIX HERBAL JAHE, KOMIX HERBAL JERUK NIPIS, CEREBROFORT M.G. AGGR SCH, CEREBROFORT MG MGA SCH, CEREBROFORT MG JRK SCH, CEREBROFORT MG STRAW SCH
125026050;Maret 11, 2025;KALPANAX K CREAM 5 GR, WOODS EXPECTORANT 60 ML
125026052;Maret 11, 2025;KOMIX HERBAL 15 ML, ENTROSTOP 10'S, PROMAG TABLET
125026057;Maret 11, 2025;PROMAG SUSPENSI BTL 60 ML, PROMAG TABLET
125026058;Maret 11, 2025;KOMIX KID STRAWBERRY PACK, WOODS COUGH SYR ATT  60ML
125026085;Maret 11, 2025;KALPANAX KRIM 10 GR, WOODS COUGH SYR ATT  60ML, WOODS EXPECTORANT 100 ML
125026099;Maret 11, 2025;KALPANAX KRIM 10 GR, PROMAG SUSPENSI 10ML/6
125026101;Maret 11, 2025;SAKATONIK ABC ANTARIKSA 30 TAB, SAKATONIK ABC STRAW 30TAB, SAKATONIK ABC ANGGUR30TAB, SAKATONIK ABC ORANGE 30TAB
125026110;Maret 11, 2025;WOODS EXPECTORANT 60 ML, ENTROSTOP 10'S, PROMAG TABLET
125026111;Maret 11, 2025;KALPANAX K CREAM 5 GR, KALPANAX KRIM 10 GR, WOODS EXPECTORANT 60 ML
125026113;Maret 11, 2025;KOMIX HERBAL 15 ML, PROMAG SUSPENSI 10ML/6
125026170;Maret 11, 2025;PROCOLD FLU BATUK PE, SKT ABC CURCUMA MADU
125026172;Maret 11, 2025;BEJO JAHE MERAH HERBAL 12 SC, KOMIX HERBAL ORI PACK, MIXAGRIP HERBAL GREGES
125026173;Maret 11, 2025;BEJO JAHE MERAH HERBAL 12 SC, KOMIX HERBAL ORI PACK, MIXAGRIP HERBAL GREGES
125026174;Maret 11, 2025;BEJO JAHE MERAH HERBAL 12 SC, KOMIX HERBAL ORI PACK
125026177;Maret 11, 2025;MIXAGRIP HERBAL GREGES, SKT ABC CURCUMA MADU
125026178;Maret 11, 2025;BEJO JAHE MERAH HERBAL 12 SC, KOMIX HERBAL 15 ML, MIXAGRIP HERBAL GREGES
125026180;Maret 11, 2025;KALPANAX SALEP 6G/12, FATIGON KAPLET 10X6S, SAKATONIK ABC STRAW 30TAB, BEJO JAHE MERAH HERBAL 12 SC
125026181;Maret 11, 2025;CEREBROFORT GOLD ORANGE 100 ML, CEREBROFORT GOLD STRAWBERY, MIXAGRIP HERBAL GREGES, SAKATONIK ABC ANTARIKSA 30 TAB, SAKATONIK ABC ANGGUR30TAB, SAKATONIK ABC ORANGE 30TAB
125026239;Maret 11, 2025;SKT ACTIV SIRUP 100 ML, SKT ACTIV SIRUP 300 ML
125026243;Maret 11, 2025;SKT ACTIV SIRUP 100 ML, SKT ACTIV SIRUP 300 ML
125026245;Maret 11, 2025;KALPANAX K CREAM 5 GR, KALPANAX SALEP 6G/12, KALPANAX KRIM 10 GR
125026255;Maret 11, 2025;ENTROSTOP HERBAL DEWASA 15 ML, ENTROSTOP HERBAL ANAK, PROMAG HERBAL 15 ML
125026259;Maret 11, 2025;KOMIX HERBAL 15 ML, SAKATONIK ABC STRAW 30TAB, SAKATONIK ABC ANGGUR30TAB, SAKATONIK ABC ORANGE 30TAB
125026260;Maret 11, 2025;KOMIX HERBAL JAHE, KOMIX HERBAL JERUK NIPIS
125026261;Maret 11, 2025;WOODS LOZENGES 6'S, WOODS LOZ HONEY LEMON
125026265;Maret 11, 2025;SAKATONIK ABC ANTARIKSA 30 TAB, SAKATONIK ABC STRAW 30TAB, SAKATONIK ABC ANGGUR30TAB, SAKATONIK ABC ORANGE 30TAB
125026277;Maret 11, 2025;SKT ACTIV SIRUP 100 ML, SKT ACTIV SIRUP 300 ML, SAKATONIK ABC ANTARIKSA 30 TAB, SAKATONIK ABC STRAW 30TAB, SAKATONIK ABC ANGGUR30TAB, SAKATONIK ABC ORANGE 30TAB
125026280;Maret 11, 2025;ENTROSTOP 10'S, PROMAG TABLET
125026331;Maret 11, 2025;SAKATONIK ACTIV MULTIVIT ZAT BESI - KAPLET 6S, SAKATONIK ABC STRAW 30TAB
125026378;Maret 11, 2025;CEREBROFORT M.G. AGGR SCH, SAKATONIK ABC ANTARIKSA 30 TAB, SKT ABC CURCUMA MADU
125026381;Maret 11, 2025;KOMIX JAHE G-FORMULA BOX, KOMIX J.NIPIS G-FORMULA B
125026386;Maret 11, 2025;BEJO JAHE MERAH HERBAL 12 SC, SAKATONIK ABC ANGGUR30TAB, SAKATONIK ABC ORANGE 30TAB
125026389;Maret 11, 2025;BEJO JAHE MERAH HERBAL 12 SC, KOMIX HERBAL ORI PACK, MIXAGRIP HERBAL GREGES
125026448;Maret 11, 2025;PUYER OSK BT NO.16/BOX, PROMAG SUSPENSI BTL 60 ML
125026455;Maret 11, 2025;SAKATONIK ABC ANTARIKSA 30 TAB, SAKATONIK ABC ANGGUR30TAB, WOODS LOZENGES 6'S
125026457;Maret 11, 2025;CEREBROFORT M.G. AGGR SCH, FATIGON SPIRIT BOX 10X6S, SAKATONIK ABC ANTARIKSA 30 TAB, WOODS LOZENGES 6'S
125026466;Maret 11, 2025;WOODS LOZENGES CHERRY 6'S, WOODS LOZENGES 6'S, WOODS LOZ HONEY LEMON
125026470;Maret 11, 2025;KOMIX HERBAL JERUK NIPIS, KOMIX HERBAL ORI PACK, EXTRA JOSS ACTIVE 12SCH
125026484;Maret 11, 2025;SAKATONIK ABC STRAW 30TAB, SAKATONIK ABC ANGGUR30TAB, SAKATONIK ABC ORANGE 30TAB, SKT ABC CURCUMA MADU
125026512;Maret 11, 2025;KOMIX HERBAL 15 ML, SKT ACTIV SIRUP 300 ML
125026513;Maret 11, 2025;BEJO JAHE MERAH HERBAL 12 SC, PUYER OSK BT NO.16/BOX, ENTROSTOP HERBAL ANAK
125026517;Maret 11, 2025;KOMIX HERBAL 15 ML, PROMAG HERBAL 15 ML
125026518;Maret 11, 2025;KALPANAX K CREAM 5 GR, PROMAG TABLET
125026548;Maret 12, 2025;SKT ACTIV SIRUP 300 ML, SAKATONIK ABC STRAW 30TAB, SAKATONIK ABC ORANGE 30TAB, SKT ABC CURCUMA MADU
125026552;Maret 12, 2025;WOODS COUGH SYR ATT 100ML, WOODS COUGH SYR ATT  60ML
125026554;Maret 12, 2025;PROMAG TABLET, SAKATONIK ABC STRAW 30TAB, SAKATONIK ABC ANGGUR30TAB, SAKATONIK ABC ORANGE 30TAB
125026556;Maret 12, 2025;PROMAG SUSPENSI BTL 60 ML, PROMAG TABLET
125026557;Maret 12, 2025;KOMIX HERBAL 15 ML, KOMIX HERBAL ORI PACK, MIXAGRIP HERBAL GREGES
125026569;Maret 12, 2025;WAISAN NEW FORMULA  /LUSIN, PROMAG TABLET
125026571;Maret 11, 2025;BEJO JAHE MERAH HERBAL 12 SC, PROMAG TABLET
125026576;Maret 12, 2025;BEJO JAHE MERAH HERBAL 12 SC, KOMIX HERBAL ORI PACK, MIXAGRIP HERBAL GREGES, PROMAG HERBAL 15 ML
125026577;Maret 12, 2025;KOMIX HERBAL ORI PACK, KOMIX HERBAL PEPPERMINT, MIXAGRIP HERBAL GREGES, WOODS NATURALS SYR 60 ML, WOODS LOZENGES 6'S
125026585;Maret 12, 2025;BEJO JAHE MERAH HERBAL 12 SC, MIXAGRIP HERBAL GREGES, SAKATONIK ABC STRAW 30TAB, SAKATONIK ABC ORANGE 30TAB
125026601;Maret 12, 2025;KALPANAX SALEP 6G/12, SKT ACTIV SIRUP 300 ML
125026623;Maret 12, 2025;KALPANAX K CREAM 5 GR, CEREBROFORT GOLD ORANGE 100 ML, CEREBROFORT GOLD STRAWBERY, PROMAG SUSPENSI BTL 60 ML
125026627;Maret 12, 2025;CEREBROFORT GOLD ORANGE 200 ML, SKT ACTIV SIRUP 100 ML, SKT ACTIV SIRUP 300 ML, SAKATONIK ABC STRAW 30TAB, SAKATONIK ABC ANGGUR30TAB
125026635;Maret 12, 2025;B7 SLASI JERUK NIPIS 12'S, KALPANAX KRIM 10 GR
125026663;Maret 12, 2025;WOODS EXPECTORANT 100 ML, SAKATONIK ABC STRAW 30TAB
125026665;Maret 12, 2025;KALPANAX K CREAM 5 GR, KALPANAX KRIM 10 GR
125026669;Maret 12, 2025;WOODS EXPECTORANT 60 ML, WAISAN NEW FORMULA  /LUSIN, FATIGON KAPLET 10X6S, FATIGON SPIRIT BOX 10X6S, SAKATONIK ABC ANGGUR30TAB, SAKATONIK ABC ORANGE 30TAB
125026677;Maret 12, 2025;PROMAG TABLET, WOODS EXPECTORANT 60 ML, FATIGON SPIRIT BOX 10X6S
125026678;Maret 12, 2025;WOODS EXPECTORANT 60 ML, WOODS EXPECTORANT 100 ML
125026685;Maret 12, 2025;SKT ACTIV SIRUP 100 ML, WOODS NATURALS SYR 60 ML, SAKATONIK ABC ANTARIKSA 30 TAB, SAKATONIK ABC STRAW 30TAB, SAKATONIK ABC ANGGUR30TAB, SAKATONIK ABC ORANGE 30TAB
125026701;Maret 12, 2025;WOODS COUGH SYR ATT 100ML, WOODS COUGH SYR ATT  60ML, MIXAGRIP FLU &BATUK PE
125026709;Maret 12, 2025;KOMIX HERBAL ORI PACK, MIXAGRIP HERBAL GREGES
125026725;Maret 12, 2025;KOMIX HERBAL JERUK NIPIS, KOMIX HERBAL PEPPERMINT, FATIGON KAPLET 10X6S, FATIGON SPIRIT BOX 10X6S
125026740;Maret 12, 2025;SAKATONIK ABC ANGGUR30TAB, SAKATONIK ABC ORANGE 30TAB
125026743;Maret 12, 2025;KOMIX HERBAL ORI PACK, KOMIX HERBAL PEPPERMINT, EXTRA JOSS ACTIVE 12SCH, EXTRA JOSS GO RASA ANGGUR, ENTROSTOP HERBAL ANAK, MIXAGRIP HERBAL GREGES, WOODS NATURALS SYR 60 ML, WOODS LOZENGES 6'S
125026791;Maret 12, 2025;KOMIX JAHE G-FORMULA BOX, KOMIX J.NIPIS G-FORMULA B
125026795;Maret 12, 2025;KOMIX HERBAL 15 ML, PROMAG TABLET
125026796;Maret 12, 2025;ENTROSTOP 10'S, SKT ACTIV SIRUP 100 ML
125026827;Maret 12, 2025;BEJO JAHE MERAH HERBAL 12 SC, KOMIX HERBAL 15 ML, KOMIX HERBAL ORI PACK, EXTRA JOSS GO RASA ANGGUR, ENTROSTOP HERBAL ANAK, MIXAGRIP HERBAL GREGES, WOODS NATURALS SYR 60 ML, CEREBROFORT MG JRK SCH, WOODS LOZENGES 6'S
125026828;Maret 12, 2025;BEJO JAHE MERAH HERBAL 12 SC, KOMIX HERBAL JERUK NIPIS, KOMIX HERBAL ORI PACK, KOMIX HERBAL PEPPERMINT, CEREBROFORT M.G. AGGR SCH, CEREBROFORT MG JRK SCH, CEREBROFORT MG STRAW SCH, SAKATONIK ABC ANTARIKSA 30 TAB, SAKATONIK ABC STRAW 30TAB, SAKATONIK ABC ANGGUR30TAB
125026829;Maret 12, 2025;KOMIX HERBAL JERUK NIPIS, KOMIX HERBAL ORI PACK, KOMIX HERBAL PEPPERMINT
125026830;Maret 12, 2025;BEJO JAHE MERAH HERBAL 12 SC, ENTROSTOP HERBAL ANAK, MIXAGRIP HERBAL GREGES
125026842;Maret 12, 2025;BEJO JAHE MERAH HERBAL 12 SC, MIXAGRIP HERBAL GREGES
125026854;Maret 12, 2025;WOODS EXPECTORANT 60 ML, ENTROSTOP 10'S
125026856;Maret 12, 2025;CEREBROFORT GOLD ORANGE 100 ML, CEREBROFORT GOLD STRAWBERY
125026863;Maret 12, 2025;KOMIX HERBAL ORI PACK, KALPANAX K CREAM 5 GR, KALPANAX SALEP 6G/12, PROMAG SUSPENSI BTL 60 ML, PROMAG SUSPENSI 10ML/6, WOODS EXPECTORANT 60 ML, WOODS NATURALS SYR 60 ML, ENTROSTOP 10'S, PROMAG TABLET, SKT ABC CURCUMA MADU
125026921;Maret 12, 2025;BEJO JAHE MERAH HERBAL 12 SC, KOMIX HERBAL ORI PACK, EXTRA JOSS GO RASA ANGGUR, MIXAGRIP HERBAL GREGES, WOODS NATURALS SYR 60 ML, SAKATONIK ABC ANTARIKSA 30 TAB
125026922;Maret 12, 2025;BEJO JAHE MERAH HERBAL 12 SC, KOMIX HERBAL 15 ML, KOMIX HERBAL ORI PACK, EXTRA JOSS GO RASA ANGGUR, ENTROSTOP HERBAL ANAK, MIXAGRIP HERBAL GREGES, WOODS NATURALS SYR 60 ML, CEREBROFORT MG JRK SCH, WOODS LOZENGES 6'S
125026924;Maret 12, 2025;KOMIX HERBAL JERUK NIPIS, KOMIX HERBAL ORI PACK, KOMIX HERBAL PEPPERMINT
125026927;Maret 12, 2025;BEJO JAHE MERAH HERBAL 12 SC, KOMIX HERBAL JERUK NIPIS, KOMIX HERBAL ORI PACK, KOMIX HERBAL PEPPERMINT, ENTROSTOP HERBAL ANAK, MIXAGRIP HERBAL GREGES, FATIGON KAPLET 10X6S, FATIGON SPIRIT BOX 10X6S, SAKATONIK ABC ANGGUR30TAB
125026928;Maret 12, 2025;BEJO JAHE MERAH HERBAL 12 SC, KOMIX HERBAL ORI PACK, MIXAGRIP HERBAL GREGES, WOODS NATURALS SYR 60 ML, CEREBROFORT MG JRK SCH
125026936;Maret 12, 2025;BEJO JAHE MERAH HERBAL 6S MT, BEJO JAHE MERAH HERBAL 12 SC, KOMIX HERBAL ORI PACK, MIXAGRIP HERBAL GREGES, SAKATONIK ACTIV MULTIVIT ZAT BESI - KAPLET 6S
125026998;Maret 12, 2025;KOMIX HERBAL 15 ML, PROMAG SUSPENSI 10ML/6, WOODS EXPECTORANT 60 ML, WOODS EXPECTORANT 100 ML, WOODS NATURALS SYR 60 ML
125027002;Maret 12, 2025;CEREBROFORT M.G. AGGR SCH, CEREBROFORT MG STRAW SCH
125027003;Maret 12, 2025;B7 SLASI JERUK NIPIS 12'S, ENTROSTOP 10'S
125027004;Maret 12, 2025;WOODS NATURALS SYR 60 ML, ENTROSTOP 10'S
125027010;Maret 12, 2025;ENTROSTOP HERBAL ANAK, SKT ACTIV SIRUP 100 ML, FATIGON KAPLET 10X6S, FATIGON SPIRIT BOX 10X6S, SAKATONIK ABC ANGGUR30TAB, SAKATONIK ABC ORANGE 30TAB
125027016;Maret 12, 2025;FATIGON SPIRIT BOX 10X6S, ENTROSTOP 10'S
125027025;Maret 12, 2025;SAKATONIK ABC ORANGE 30TAB, SKT ABC CURCUMA MADU
125027026;Maret 12, 2025;SAKATONIK ABC STRAW 30TAB, SAKATONIK ABC ORANGE 30TAB
125027028;Maret 12, 2025;KOMIX HERBAL 15 ML, WAISAN NEW FORMULA  /LUSIN, PROMAG SUSPENSI 10ML/6, PROMAG TABLET
125027040;Maret 12, 2025;WOODS COUGH SYR ATT  60ML, PROCOLD FLU BATUK PE
125027044;Maret 12, 2025;PROMAG SUSPENSI 10ML/6, WOODS EXPECTORANT 60 ML, ENTROSTOP 10'S
125027047;Maret 12, 2025;BEJO JAHE MERAH HERBAL 6S MT, EXTRA JOSS SPORT GEL 2 TB, KOMIX HERBAL 15 ML, EXTRA JOSS ACTIVE 6 SCH
125027062;Maret 12, 2025;MIXAGRIP FLU KAPLET 25X4, PROCOLD FLU PE
125027069;Maret 12, 2025;KALPANAX SALEP 6G/12, CEREBROFORT M.G. AGGR SCH, FATIGON SPIRIT BOX 10X6S, SAKATONIK ABC ANTARIKSA 30 TAB, SAKATONIK ABC STRAW 30TAB, SKT ABC CURCUMA MADU
125027072;Maret 12, 2025;BEJO JAHE MERAH HERBAL 12 SC, KOMIX HERBAL ORI PACK, MIXAGRIP HERBAL GREGES
125027098;Maret 13, 2025;BEJO JAHE MERAH HERBAL 12 SC, KOMIX HERBAL LEMON, KOMIX HERBAL ORI PACK, MIXAGRIP HERBAL GREGES
125027110;Maret 13, 2025;BEJO JAHE MERAH HERBAL 12 SC, KOMIX HERBAL JERUK NIPIS, KOMIX HERBAL ORI PACK, KOMIX HERBAL PEPPERMINT, EXTRA JOSS ACTIVE 12SCH, MIXAGRIP HERBAL GREGES
125027118;Maret 13, 2025;KOMIX HERBAL JERUK NIPIS, KOMIX HERBAL ORI PACK, KOMIX HERBAL PEPPERMINT
125027119;Maret 13, 2025;BEJO JAHE MERAH HERBAL 12 SC, KOMIX HERBAL 15 ML, MIXAGRIP HERBAL GREGES
125027130;Maret 13, 2025;KOMIX HERBAL LEMON, KOMIX HERBAL 15 ML
125027131;Maret 13, 2025;MIXAGRIP HERBAL GREGES, SAKATONIK ABC ANTARIKSA 30 TAB, SAKATONIK ABC STRAW 30TAB, SAKATONIK ABC ANGGUR30TAB, SKT ABC CURCUMA MADU
125027141;Maret 13, 2025;CEREBROFORT M.G. AGGR SCH, CEREBROFORT MG JRK SCH, CEREBROFORT MG STRAW SCH, CEREBROFORT M.G. TROPICAL FRUIT, SAKATONIK ABC STRAW 30TAB, SAKATONIK ABC ANGGUR30TAB, SAKATONIK ABC ORANGE 30TAB
125027148;Maret 13, 2025;BEJO JAHE MERAH HERBAL 12 SC, KOMIX HERBAL 15 ML, MIXAGRIP HERBAL GREGES, FATIGON KAPLET 10X6S
125027150;Maret 13, 2025;BEJO JAHE MERAH HERBAL 6S MT, BEJO JAHE MERAH HERBAL 12 SC, KOMIX HERBAL LEMON, KOMIX HERBAL ORI PACK, MIXAGRIP HERBAL GREGES, SKT ACTIV SIRUP 100 ML, CEREBROFORT MG JRK SCH, WOODS LOZENGES 6'S
125027164;Maret 13, 2025;KALPANAX K CREAM 5 GR, KALPANAX KRIM 10 GR, CEREBROFORT GOLD ORANGE 100 ML, CEREBROFORT GOLD STRAWBERY, KOMIX JAHE G-FORMULA BOX, KOMIX J.NIPIS G-FORMULA B, KOMIX PEPP.G-FORMULA BOX, KOMIX HERBAL LEMON, PUYER OSK BT NO.16/BOX, MIXAGRIP FLU KAPLET 25X4, PROCOLD FLU BATUK PE, PROCOLD FLU PE, SAKATONIK ABC STRAW 30TAB
125027170;Maret 13, 2025;BEJO JAHE MERAH HERBAL 12 SC, MIXAGRIP FLU KAPLET 25X4
125027177;Maret 13, 2025;KOMIX HERBAL LEMON, KOMIX HERBAL JERUK NIPIS, KOMIX HERBAL 15 ML, KOMIX HERBAL ORI PACK
125027197;Maret 13, 2025;KOMIX HERBAL JERUK NIPIS, KOMIX HERBAL 15 ML, SAKATONIK ABC STRAW 30TAB
125027199;Maret 13, 2025;FATIGON KAPLET 10X6S, FATIGON SPIRIT BOX 10X6S, PROMAG TABLET
125027201;Maret 13, 2025;PUYER OSK BT NO.16/BOX, KALPANAX K CREAM 5 GR, CEREBROFORT GOLD ORANGE 200 ML, PROMAG SUSPENSI BTL 60 ML, WOODS EXPECTORANT 60 ML, WOODS EXPECTORANT 100 ML, ENTROSTOP 10'S, SAKATONIK ABC ANGGUR30TAB
125027203;Maret 13, 2025;SKT ACTIV SIRUP 100 ML, SKT ABC CURCUMA MADU
125027206;Maret 13, 2025;KOMIX HERBAL LEMON, FATIGON SPIRIT BOX 10X6S
125027243;Maret 13, 2025;KOMIX JAHE G-FORMULA BOX, KOMIX PEPP.G-FORMULA BOX
125027280;Maret 13, 2025;BEJO JAHE MERAH HERBAL 12 SC, KOMIX HERBAL LEMON, PROMAG TABLET
125027287;Maret 13, 2025;BEJO JAHE MERAH HERBAL 12 SC, SAKATONIK ACTIV MULTIVIT ZAT BESI - KAPLET 6S
125027302;Maret 13, 2025;BEJO JAHE MERAH HERBAL 12 SC, KOMIX HERBAL LEMON, PROMAG SUSPENSI BTL 60 ML, PROMAG TABLET
125027305;Maret 13, 2025;KOMIX HERBAL LEMON, KOMIX HERBAL JERUK NIPIS, KOMIX HERBAL 15 ML, KOMIX HERBAL ORI PACK, KOMIX HERBAL PEPPERMINT
125027324;Maret 13, 2025;WOODS EXPECTORANT 60 ML, WOODS EXPECTORANT 100 ML
125027337;Maret 13, 2025;EXTRA JOSS ACTIVE 12SCH, MIXAGRIP HERBAL GREGES
125027355;Maret 13, 2025;EXTRA JOSS ACTIVE 12SCH, EXTRA JOSS MANGGA LAKI
125027359;Maret 13, 2025;KALPANAX K CREAM 5 GR, WOODS EXPECTORANT 60 ML, CEREBROFORT M.G. AGGR SCH, CEREBROFORT MG MGA SCH, CEREBROFORT MG JRK SCH, CEREBROFORT MG STRAW SCH, SAKATONIK ABC ANGGUR30TAB
125027362;Maret 13, 2025;FATIGON SPIRIT BOX 10X6S, SAKATONIK ABC STRAW 30TAB, SAKATONIK ABC ORANGE 30TAB
125027368;Maret 13, 2025;BEJO JAHE MERAH HERBAL 12 SC, KOMIX HERBAL LEMON
125027377;Maret 13, 2025;WOODS EXPECTORANT 60 ML, SAKATONIK ABC ORANGE 30TAB
125027407;Maret 13, 2025;KALPANAX K CREAM 5 GR, KOMIX JAHE G-FORMULA BOX, MEXTRIL BATUK-TABLET BOX, PROMAG TABLET
125027410;Maret 13, 2025;BEJO JAHE MERAH HERBAL 12 SC, MIXAGRIP HERBAL GREGES
125027415;Maret 13, 2025;BEJO JAHE MERAH HERBAL 12 SC, SAKATONIK ABC ANGGUR30TAB, SAKATONIK ABC ORANGE 30TAB
125027426;Maret 13, 2025;BEJO JAHE MERAH HERBAL 12 SC, EXTRA JOSS GO RASA ANGGUR, EXTRA JOSS MANGGA LAKI, MIXAGRIP HERBAL GREGES
125027464;Maret 13, 2025;KALPANAX SALEP 6G/12, KOMIX HERBAL LEMON, KOMIX HERBAL 15 ML, PROMAG SUSPENSI BTL 60 ML
125027465;Maret 13, 2025;WOODS NATURALS SYR 60 ML, SAKATONIK ABC ANGGUR30TAB, SAKATONIK ABC ORANGE 30TAB
125027470;Maret 13, 2025;KOMIX HERBAL JERUK NIPIS, KOMIX HERBAL ORI PACK, KOMIX HERBAL PEPPERMINT
125027471;Maret 13, 2025;KALPANAX K CREAM 5 GR, KOMIX HERBAL 15 ML
125027478;Maret 13, 2025;KOMIX JAHE G-FORMULA BOX, KOMIX J.NIPIS G-FORMULA B, KOMIX OBH
125027482;Maret 13, 2025;KOMIX JAHE G-FORMULA BOX, KOMIX J.NIPIS G-FORMULA B, KOMIX PEPP.G-FORMULA BOX, KOMIX OBH
125027512;Maret 13, 2025;BEJO JAHE MERAH HERBAL 12 SC, SAKATONIK ABC ANGGUR30TAB, SAKATONIK ABC ORANGE 30TAB
125027513;Maret 13, 2025;BEJO JAHE MERAH HERBAL 12 SC, SAKATONIK ABC ANGGUR30TAB, SAKATONIK ABC ORANGE 30TAB
125027514;Maret 13, 2025;BEJO JAHE MERAH HERBAL 12 SC, SAKATONIK ABC ANGGUR30TAB, SAKATONIK ABC ORANGE 30TAB
125027552;Maret 13, 2025;BEJO JAHE MERAH HERBAL 12 SC, WAISAN NEW FORMULA  /LUSIN, WOODS EXPECTORANT 60 ML
125027571;Maret 13, 2025;BEJO JAHE MERAH HERBAL 12 SC, KOMIX HERBAL ORI PACK, EXTRA JOSS GO RASA ANGGUR, ENTROSTOP HERBAL ANAK, MIXAGRIP HERBAL GREGES, CEREBROFORT MG JRK SCH, WOODS LOZENGES 6'S
125027590;Maret 14, 2025;ENTROSTOP 10'S, PROMAG TABLET
125027593;Maret 14, 2025;BEJO JAHE MERAH HERBAL 12 SC, SAKATONIK ABC ANGGUR30TAB, SAKATONIK ABC ORANGE 30TAB
125027602;Maret 14, 2025;KOMIX HERBAL 15 ML, KALPANAX K CREAM 5 GR
125027603;Maret 14, 2025;BEJO JAHE MERAH HERBAL 12 SC, SAKATONIK ABC ANGGUR30TAB, SAKATONIK ABC ORANGE 30TAB
125027618;Maret 14, 2025;WOODS EXPECTORANT 60 ML, WOODS EXPECTORANT 100 ML
125027651;Maret 14, 2025;KALPANAX K CREAM 5 GR, KALPANAX SALEP 6G/12, MIXAGRIP FLU KAPLET 25X4
125027652;Maret 14, 2025;ENTROSTOP HERBAL ANAK, ENTROSTOP 10'S
125027664;Maret 14, 2025;KOMIX HERBAL LEMON, KOMIX HERBAL 15 ML, SKT ACTIV SIRUP 100 ML, SKT ACTIV SIRUP 300 ML, WOODS EXPECTORANT 60 ML, SAKATONIK ABC STRAW 30TAB
125027665;Maret 14, 2025;WOODS LOZENGES CHERRY 6'S, WOODS LOZENGES 6'S, WOODS LOZ HONEY LEMON, WOODS LOZENGES ORANGE VITAMIN C
125027667;Maret 14, 2025;BEJO JAHE MERAH HERBAL 12 SC, KALPANAX K CREAM 5 GR, PROMAG SUSPENSI BTL 60 ML, PROMAG SUSPENSI 10ML/6, FATIGON SPIRIT BOX 10X6S, PROMAG TABLET, SAKATONIK ABC ANTARIKSA 30 TAB
125027689;Maret 14, 2025;BEJO JAHE MERAH HERBAL 12 SC, MIXAGRIP FLU KAPLET 25X4, PROMAG TABLET
125027724;Maret 14, 2025;BEJO JAHE MERAH HERBAL 6S MT, BEJO JAHE MERAH HERBAL 12 SC, ENTROSTOP HERBAL DEWASA 15 ML, KOMIX HERBAL LEMON, SKT ACTIV SIRUP 300 ML, SAKATONIK ACTIV MULTIVIT ZAT BESI - KAPLET 6S, WOODS LOZENGES 6'S
125027759;Maret 14, 2025;KOMIX JAHE G-FORMULA BOX, KOMIX KID STRAWBERRY PACK, KOMIX J.NIPIS G-FORMULA B, KOMIX KID OBH PE
125027801;Maret 14, 2025;WOODS EXPECTORANT 60 ML, FATIGON KAPLET 10X6S
125027817;Maret 14, 2025;BEJO JAHE MERAH HERBAL 12 SC, KOMIX HERBAL 15 ML
125027834;Maret 14, 2025;KALPANAX K CREAM 5 GR, KALPANAX SALEP 6G/12, PROMAG TABLET, WOODS EXPECTORANT 100 ML
125027851;Maret 14, 2025;BEJO JAHE MERAH HERBAL 6S MT, BEJO JAHE MERAH HERBAL 12 SC, KOMIX HERBAL ORI PACK, EXTRA JOSS ACTIVE 12SCH, EXTRA JOSS GO RASA ANGGUR, ENTROSTOP HERBAL DEWASA 15 ML, ENTROSTOP HERBAL ANAK, MIXAGRIP HERBAL GREGES, WOODS NATURALS SYR 60 ML
125027853;Maret 14, 2025;CEREBROFORT GOLD ORANGE 100 ML, CEREBROFORT GOLD STRAWBERY
125027856;Maret 14, 2025;BEJO JAHE MERAH HERBAL 6S MT, KOMIX HERBAL PEPPERMINT
125027949;Maret 14, 2025;KOMIX HERBAL LEMON, KOMIX HERBAL JERUK NIPIS, KOMIX HERBAL PEPPERMINT, ENTROSTOP 10'S
125027950;Maret 14, 2025;KOMIX HERBAL LEMON, ENTROSTOP 10'S
125027955;Maret 14, 2025;KOMIX HERBAL LEMON, KOMIX HERBAL 15 ML, PROMAG TABLET
125027958;Maret 14, 2025;FATIGON KAPLET 10X6S, FATIGON SPIRIT BOX 10X6S, PROMAG TABLET, SAKATONIK ABC ANTARIKSA 30 TAB
125027962;Maret 14, 2025;KOMIX HERBAL 15 ML, KOMIX HERBAL PEPPERMINT, B7 SLASI JERUK NIPIS 12'S, WAISAN NEW FORMULA  /LUSIN, CEREBROFORT GOLD ORANGE 100 ML, CEREBROFORT GOLD STRAWBERY, PROMAG SUSPENSI 10ML/6, PROMAG TABLET, SAKATONIK ABC ANGGUR30TAB
125027964;Maret 14, 2025;PUYER OSK BT NO.16/BOX, PROMAG SUSPENSI BTL 60 ML
125027968;Maret 14, 2025;SAKATONIK ABC STRAW 30TAB, SAKATONIK ABC ANGGUR30TAB, SAKATONIK ABC ORANGE 30TAB
125028045;Maret 14, 2025;KALPANAX SALEP 6G/12, BEJO JAHE MERAH HERBAL 12 SC, EXTRA JOSS ACTIVE 12SCH
125028056;Maret 14, 2025;BEJO JAHE MERAH HERBAL 12 SC, WOODS EXPECTORANT 60 ML, SAKATONIK ABC ANGGUR30TAB, SAKATONIK ABC ORANGE 30TAB
125028059;Maret 14, 2025;BEJO JAHE MERAH HERBAL 12 SC, KALPANAX K CREAM 5 GR, KALPANAX SALEP 6G/12, PROMAG SUSPENSI BTL 60 ML, WOODS EXPECTORANT 100 ML
125028064;Maret 14, 2025;CEREBROFORT M.G. AGGR SCH, CEREBROFORT MG MGA SCH, CEREBROFORT MG JRK SCH, CEREBROFORT MG STRAW SCH
125028073;Maret 14, 2025;KALPANAX K CREAM 5 GR, KALPANAX SALEP 6G/12, BEJO JAHE MERAH HERBAL 12 SC, KOMIX HERBAL LEMON, KOMIX HERBAL 15 ML, SAKATONIK ABC ANTARIKSA 30 TAB, SAKATONIK ABC ANGGUR30TAB, SAKATONIK ABC ORANGE 30TAB
125028080;Maret 14, 2025;ENTROSTOP 10'S, PROMAG TABLET
125028084;Maret 14, 2025;BEJO JAHE MERAH HERBAL 12 SC, SAKATONIK ABC ANGGUR30TAB, SAKATONIK ABC ORANGE 30TAB
125028093;Maret 14, 2025;KOMIX HERBAL 15 ML, WOODS EXPECTORANT 60 ML, SAKATONIK ABC ANTARIKSA 30 TAB, SAKATONIK ABC STRAW 30TAB, SAKATONIK ABC ANGGUR30TAB, SAKATONIK ABC ORANGE 30TAB
125028094;Maret 14, 2025;KALPANAX KRIM 10 GR, WOODS LOZENGES 6'S
125028098;Maret 14, 2025;KALPANAX K CREAM 5 GR, PROMAG TABLET
125028105;Maret 14, 2025;KALPANAX K CREAM 5 GR, KOMIX HERBAL 15 ML
125028107;Maret 14, 2025;KALPANAX K CREAM 5 GR, WOODS COUGH SYR ATT  60ML
125028115;Maret 14, 2025;KOMIX KID STRAWBERRY PACK, KOMIX PEPP.G-FORMULA BOX, KOMIX HERBAL LEMON, KOMIX HERBAL JERUK NIPIS, KOMIX HERBAL 15 ML, KOMIX HERBAL ORI PACK, KOMIX HERBAL PEPPERMINT
125028116;Maret 14, 2025;KOMIX JAHE G-FORMULA BOX, KOMIX J.NIPIS G-FORMULA B
125028118;Maret 14, 2025;BEJO JAHE MERAH HERBAL 12 SC, KOMIX HERBAL ORI PACK, MIXAGRIP HERBAL GREGES, SKT ABC CURCUMA MADU
125028120;Maret 14, 2025;BEJO JAHE MERAH HERBAL 12 SC, KOMIX HERBAL 15 ML, KOMIX HERBAL ORI PACK, EXTRA JOSS GO RASA ANGGUR, ENTROSTOP HERBAL DEWASA 15 ML, ENTROSTOP HERBAL ANAK, MIXAGRIP HERBAL GREGES, CEREBROFORT M.G. AGGR SCH, WOODS LOZENGES 6'S, WOODS LOZENGES ORANGE VITAMIN C
125028138;Maret 14, 2025;KALPANAX K CREAM 5 GR, KALPANAX SALEP 6G/12, ENTROSTOP 10'S, PROMAG TABLET
125028139;Maret 14, 2025;KOMIX JAHE G-FORMULA BOX, KOMIX J.NIPIS G-FORMULA B, KOMIX PEPP.G-FORMULA BOX
125028140;Maret 14, 2025;CEREBROFORT GOLD ORANGE 100 ML, ENTROSTOP HERBAL ANAK, PROMAG SUSPENSI 10ML/6, WOODS COUGH SYR ATT  60ML, WOODS EXPECTORANT 60 ML, ENTROSTOP 10'S, SAKATONIK ABC STRAW 30TAB, SAKATONIK ABC ANGGUR30TAB, SAKATONIK ABC ORANGE 30TAB
125028142;Maret 14, 2025;KOMIX HERBAL JERUK NIPIS, KOMIX HERBAL PEPPERMINT, EXTRA JOSS ACTIVE 12SCH
125028148;Maret 14, 2025;WOODS EXPECTORANT 60 ML, SAKATONIK ABC STRAW 30TAB
125028189;Maret 15, 2025;CEREBROFORT GOLD ORANGE 100 ML, CEREBROFORT GOLD STRAWBERY
125028231;Maret 15, 2025;KALPANAX KRIM 10 GR, WOODS EXPECTORANT 60 ML
125028234;Maret 15, 2025;ENTROSTOP HERBAL ANAK, WOODS EXPECTORANT 60 ML, WOODS NATURALS SYR 60 ML
125028258;Maret 15, 2025;WOODS EXPECTORANT 60 ML, SAKATONIK ABC ANGGUR30TAB, SAKATONIK ABC ORANGE 30TAB
125028264;Maret 15, 2025;KOMIX JAHE G-FORMULA BOX, KOMIX J.NIPIS G-FORMULA B, WOODS COUGH SYR ATT 100ML, WOODS COUGH SYR ATT  60ML
125028267;Maret 15, 2025;PROMAG SUSPENSI BTL 60 ML, PROCOLD FLU PE, PROMAG TABLET
125028306;Maret 15, 2025;WOODS EXPECTORANT 60 ML, PROCOLD FLU PE
125028311;Maret 15, 2025;KALPANAX SALEP 6G/12, CEREBROFORT GOLD STRAWBERY, SKT ACTIV SIRUP 100 ML, SKT ACTIV SIRUP 300 ML, CEREBROFORT M.G. AGGR SCH, CEREBROFORT MG STRAW SCH, FATIGON KAPLET 10X6S, SAKATONIK ABC ANTARIKSA 30 TAB, SAKATONIK ABC ANGGUR30TAB, SAKATONIK ABC ORANGE 30TAB
125028312;Maret 15, 2025;KOMIX JAHE G-FORMULA BOX, KOMIX KID STRAWBERRY PACK, KOMIX HERBAL ORI PACK, PROMAG SUSPENSI 10ML/6, WOODS COUGH SYR ATT  60ML, WOODS EXPECTORANT 60 ML, PUYER OSK BT NO.16/BOX, SAKATONIK ACTIV MULTIVIT ZAT BESI - KAPLET 6S
125028314;Maret 15, 2025;BEJO JAHE MERAH HERBAL 12 SC, PROMAG SUSPENSI BTL 60 ML, SKT ACTIV SIRUP 100 ML
125028347;Maret 15, 2025;MIXAGRIP HERBAL GREGES, CEREBROFORT M.G. AGGR SCH, FATIGON SPIRIT BOX 10X6S, XONCE TAB BOX 50'S
125028349;Maret 15, 2025;EXTRA JOSS SPORT GEL 2 TB, KOMIX HERBAL 15 ML, EXTRA JOSS ACTIVE 6 SCH
125028360;Maret 15, 2025;ENTROSTOP 10'S, PROMAG TABLET
125028367;Maret 15, 2025;SAKATONIK ABC STRAW 30TAB, SAKATONIK ABC ORANGE 30TAB
125028368;Maret 15, 2025;PROMAG TABLET, WOODS EXPECTORANT 100 ML
125028371;Maret 15, 2025;WOODS COUGH SYR ATT 100ML, PROMAG TABLET, SAKATONIK ABC ANGGUR30TAB
125028372;Maret 15, 2025;KALPANAX K CREAM 5 GR, WOODS COUGH SYR ATT  60ML, SAKATONIK ABC ORANGE 30TAB
125028388;Maret 15, 2025;BEJO JAHE MERAH HERBAL 12 SC, KALPANAX K CREAM 5 GR, CEREBROFORT GOLD ORANGE 200 ML
125028405;Maret 15, 2025;KALPANAX K CREAM 5 GR, FATIGON KAPLET 10X6S
125028407;Maret 15, 2025;KALPANAX K CREAM 5 GR, WOODS EXPECTORANT 60 ML
125028409;Maret 15, 2025;KALPANAX K CREAM 5 GR, KOMIX HERBAL 15 ML
125028436;Maret 15, 2025;FATIGON SPIRIT BOX 10X6S, MIXAGRIP FLU KAPLET 25X4
125028451;Maret 15, 2025;PUYER OSK BT NO.16/BOX, KALPANAX K CREAM 5 GR
125028456;Maret 15, 2025;BEJO JAHE MERAH HERBAL 12 SC, KOMIX HERBAL ORI PACK, EXTRA JOSS ACTIVE 12SCH, MIXAGRIP HERBAL GREGES
125028464;Maret 15, 2025;KALPANAX SALEP 6G/12, KALPANAX KRIM 10 GR, CEREBROFORT GOLD ORANGE 200 ML, SKT ACTIV SIRUP 100 ML, SAKATONIK ABC STRAW 30TAB
125028512;Maret 15, 2025;KOMIX JAHE G-FORMULA BOX, KOMIX J.NIPIS G-FORMULA B, KOMIX PEPP.G-FORMULA BOX, KOMIX OBH
125028524;Maret 15, 2025;WOODS EXPECTORANT 60 ML, WOODS NATURALS SYR 60 ML
125028527;Maret 15, 2025;KOMIX JAHE G-FORMULA BOX, KOMIX J.NIPIS G-FORMULA B, KOMIX PEPP.G-FORMULA BOX, KOMIX KID OBH PE, KOMIX OBH
125028568;Maret 17, 2025;KALPANAX K CREAM 5 GR, KALPANAX SALEP 6G/12, KALPANAX KRIM 10 GR
125028575;Maret 17, 2025;KOMIX HERBAL LEMON, KOMIX HERBAL 15 ML, KOMIX HERBAL PEPPERMINT, KALPANAX K CREAM 5 GR, KALPANAX KRIM 10 GR, PROMAG TABLET
125028580;Maret 17, 2025;BEJO JAHE MERAH HERBAL 6S MT, BEJO JAHE MERAH HERBAL 12 SC, KOMIX HERBAL ORI PACK, MIXAGRIP HERBAL GREGES, WOODS LOZENGES CHERRY 6'S, WOODS LOZENGES 6'S, WOODS LOZ HONEY LEMON, WOODS LOZENGES ORANGE VITAMIN C, WOODS LOZENGES LEMON VITAMIN C
125028581;Maret 17, 2025;BEJO JAHE MERAH HERBAL 6S MT, BEJO JAHE MERAH HERBAL 12 SC, KOMIX HERBAL ORI PACK, MIXAGRIP HERBAL GREGES, SAKATONIK ACTIV MULTIVIT ZAT BESI - KAPLET 6S
125028594;Maret 17, 2025;KOMIX HERBAL LEMON, KALPANAX K CREAM 5 GR, SKT ACTIV SIRUP 100 ML, WOODS EXPECTORANT 60 ML
125028597;Maret 17, 2025;PROMAG TABLET, FATIGON SPIRIT BOX 10X6S
125028604;Maret 17, 2025;CEREBROFORT GOLD ORANGE 200 ML, WOODS EXPECTORANT 100 ML
125028614;Maret 17, 2025;KOMIX HERBAL LEMON, KOMIX HERBAL 15 ML, KOMIX HERBAL ORI PACK, KOMIX HERBAL PEPPERMINT
125028619;Maret 17, 2025;KALPANAX K CREAM 5 GR, WOODS EXPECTORANT 100 ML
125028624;Maret 17, 2025;PROMAG SUSPENSI BTL 60 ML, WOODS LOZENGES 6'S
125028631;Maret 17, 2025;ENTROSTOP HERBAL ANAK, KOMIX JAHE G-FORMULA BOX, KOMIX J.NIPIS G-FORMULA B, KOMIX HERBAL LEMON, KOMIX HERBAL 15 ML, KOMIX HERBAL ORI PACK, PROCOLD FLU BATUK PE, PROCOLD FLU PE
125028635;Maret 17, 2025;KOMIX HERBAL 15 ML, FATIGON KAPLET 10X6S
125028636;Maret 17, 2025;SAKATONIK ACTIV MULTIVIT ZAT BESI - KAPLET 6S, SAKATONIK ABC STRAW 30TAB, SAKATONIK ABC ORANGE 30TAB
125028639;Maret 17, 2025;WOODS EXPECTORANT 60 ML, SAKATONIK ABC STRAW 30TAB, SAKATONIK ABC ANGGUR30TAB
125028640;Maret 17, 2025;KOMIX HERBAL LEMON, KOMIX HERBAL 15 ML, PROMAG TABLET
125028645;Maret 17, 2025;KALPANAX K CREAM 5 GR, PROMAG TABLET
125028651;Maret 17, 2025;KALPANAX K CREAM 5 GR, WAISAN NEW FORMULA  /LUSIN
125028654;Maret 17, 2025;BEJO JAHE MERAH HERBAL 12 SC, PROCOLD FLU PE
125028665;Maret 17, 2025;KALPANAX K CREAM 5 GR, KALPANAX SALEP 6G/12, WOODS EXPECTORANT 60 ML, SAKATONIK ABC ANTARIKSA 30 TAB, SAKATONIK ABC STRAW 30TAB, SAKATONIK ABC ANGGUR30TAB, SAKATONIK ABC ORANGE 30TAB
125028676;Maret 17, 2025;CEREBROFORT M.G. AGGR SCH, CEREBROFORT MG MGA SCH, CEREBROFORT MG JRK SCH, CEREBROFORT MG STRAW SCH
125028680;Maret 17, 2025;PROMAG SUSPENSI BTL 60 ML, PUYER OSK BT NO.16/BOX, SAKATONIK ABC STRAW 30TAB, SAKATONIK ABC ANGGUR30TAB, SAKATONIK ABC ORANGE 30TAB
125028700;Maret 17, 2025;KALPANAX K CREAM 5 GR, KALPANAX KRIM 10 GR
125028706;Maret 17, 2025;KALPANAX K CREAM 5 GR, KALPANAX SALEP 6G/12
125028711;Maret 17, 2025;WOODS COUGH SYR ATT 100ML, WOODS COUGH SYR ATT  60ML
125028715;Maret 17, 2025;ENTROSTOP HERBAL ANAK, KOMIX HERBAL LEMON, KOMIX HERBAL 15 ML, SKT ABC CURCUMA MADU
125028738;Maret 17, 2025;KOMIX HERBAL LEMON, KOMIX HERBAL 15 ML
125028739;Maret 17, 2025;EXTRA JOSS ACTIVE 12SCH, EXTRA JOSS MANGGA LAKI
125028745;Maret 17, 2025;PROMAG SUSPENSI BTL 60 ML, PROMAG TABLET
125028746;Maret 17, 2025;SKT ACTIV SIRUP 100 ML, SKT ACTIV SIRUP 300 ML, WOODS EXPECTORANT 60 ML, FATIGON KAPLET 10X6S, FATIGON SPIRIT BOX 10X6S
125028760;Maret 17, 2025;BEJO JAHE MERAH HERBAL 6S MT, ENTROSTOP 10'S
125028781;Maret 17, 2025;KALPANAX KRIM 10 GR, WOODS EXPECTORANT 60 ML
125028793;Maret 17, 2025;CEREBROFORT GOLD ORANGE 100 ML, CEREBROFORT GOLD STRAWBERY
125028837;Maret 17, 2025;WOODS EXPECTORANT 60 ML, WOODS EXPECTORANT 100 ML
125028839;Maret 17, 2025;ENTROSTOP HERBAL ANAK, KOMIX HERBAL 15 ML, ENTROSTOP 10'S, PROMAG TABLET, CEREBROFORT MG STRAW SCH, MIXAGRIP FLU KAPLET 25X4, SAKATONIK ABC ANTARIKSA 30 TAB
125028842;Maret 17, 2025;ENTROSTOP 10'S, PROCOLD FLU PE, PROMAG TABLET
125028848;Maret 17, 2025;CEREBROFORT GOLD ORANGE 100 ML, CEREBROFORT GOLD STRAWBERY
125028854;Maret 17, 2025;ENTROSTOP 10'S, PROMAG TABLET
125028870;Maret 17, 2025;KALPANAX K CREAM 5 GR, SKT ACTIV SIRUP 100 ML, SKT ACTIV SIRUP 300 ML
125028888;Maret 17, 2025;WOODS COUGH SYR ATT  60ML, KOMIX JAHE G-FORMULA BOX, KOMIX KID STRAWBERRY PACK, KOMIX J.NIPIS G-FORMULA B
125028890;Maret 17, 2025;CEREBROFORT MG MGA SCH, CEREBROFORT MG JRK SCH, CEREBROFORT MG STRAW SCH
125028894;Maret 17, 2025;KALPANAX K CREAM 5 GR, KALPANAX SALEP 6G/12, ENTROSTOP 10'S
125028912;Maret 17, 2025;CEREBROFORT MG MGA SCH, SAKATONIK ABC STRAW 30TAB, SAKATONIK ABC ANGGUR30TAB, SKT ABC CURCUMA MADU
125028966;Maret 17, 2025;PROMAG HERBAL 15 ML, WOODS EXPECTORANT 100 ML, PROMAG TABLET
125028967;Maret 17, 2025;KALPANAX K CREAM 5 GR, ENTROSTOP 10'S, SAKATONIK ABC STRAW 30TAB
125028968;Maret 17, 2025;KOMIX HERBAL LEMON, KOMIX HERBAL 15 ML
125028977;Maret 17, 2025;SKT ACTIV SIRUP 100 ML, SKT ACTIV SIRUP 300 ML, SAKATONIK ABC ANTARIKSA 30 TAB, SAKATONIK ABC ANGGUR30TAB, SAKATONIK ABC ORANGE 30TAB
125028990;Maret 17, 2025;KOMIX HERBAL ORI PACK, PROMAG SUSPENSI 10ML/6, PROMAG HERBAL 15 ML
125028993;Maret 17, 2025;SKT ACTIV SIRUP 300 ML, PROCOLD FLU PE
125028996;Maret 17, 2025;KALPANAX K CREAM 5 GR, KALPANAX SALEP 6G/12, PROMAG HERBAL 15 ML, SAKATONIK ABC STRAW 30TAB
125028999;Maret 17, 2025;PROCOLD FLU PE, WOODS LOZENGES 6'S
125029001;Maret 17, 2025;BEJO JAHE MERAH HERBAL 6S MT, KALPANAX K CREAM 5 GR, KALPANAX KRIM 10 GR, ENTROSTOP 10'S
125029003;Maret 17, 2025;BEJO JAHE MERAH HERBAL 6S MT, BEJO JAHE MERAH HERBAL 12 SC, SKT ACTIV SIRUP 300 ML
125029032;Maret 17, 2025;BEJO JAHE MERAH HERBAL 12 SC, KOMIX HERBAL LEMON, KOMIX HERBAL JERUK NIPIS, KOMIX HERBAL 15 ML, KOMIX HERBAL ORI PACK, KOMIX HERBAL PEPPERMINT, ENTROSTOP HERBAL DEWASA 15 ML, ENTROSTOP HERBAL ANAK, MIXAGRIP HERBAL GREGES, PROMAG HERBAL 15 ML, WOODS NATURALS SYR 60 ML
125029046;Maret 17, 2025;EXTRA JOSS ACTIVE 12SCH, MIXAGRIP HERBAL GREGES, WOODS LOZENGES 6'S
125029077;Maret 17, 2025;PROMAG SUSPENSI BTL 60 ML, PROMAG SUSPENSI 10ML/6, PROMAG HERBAL 15 ML, ENTROSTOP 10'S, PROMAG TABLET
125029078;Maret 17, 2025;KOMIX HERBAL LEMON, KOMIX HERBAL ORI PACK
125029081;Maret 17, 2025;BEJO JAHE MERAH HERBAL 12 SC, SAKATONIK ABC STRAW 30TAB
125029097;Maret 17, 2025;ENTROSTOP HERBAL DEWASA 15 ML, ENTROSTOP HERBAL ANAK, PROMAG SUSPENSI 10ML/6
125029098;Maret 17, 2025;FATIGON KAPLET 10X6S, FATIGON SPIRIT BOX 10X6S
125029107;Maret 17, 2025;BEJO JAHE MERAH HERBAL 12 SC, CEREBROFORT GOLD ORANGE 100 ML, CEREBROFORT GOLD STRAWBERY, KOMIX HERBAL ORI PACK, PROMAG HERBAL 15 ML
125029112;Maret 17, 2025;BEJO JAHE MERAH HERBAL 12 SC, KOMIX HERBAL ORI PACK, PROMAG HERBAL 15 ML, B7 SLASI JERUK NIPIS 12'S, MIXAGRIP HERBAL GREGES
125029133;Maret 17, 2025;KOMIX KID STRAWBERRY PACK, KOMIX KID OBH PE
125029145;Maret 17, 2025;MIXAGRIP FLU KAPLET 25X4, PROCOLD FLU PE
125029151;Maret 17, 2025;WOODS LOZENGES 6'S, WOODS LOZENGES LEMON VITAMIN C
125029160;Maret 17, 2025;MIXAGRIP HERBAL GREGES, CEREBROFORT M.G. AGGR SCH, SAKATONIK ABC ANTARIKSA 30 TAB, SAKATONIK ABC STRAW 30TAB, SKT ABC CURCUMA MADU
125029183;Maret 18, 2025;KOMIX OBH, WOODS COUGH SYR ATT  60ML, WOODS EXPECTORANT 60 ML
125029196;Maret 18, 2025;KOMIX HERBAL LEMON, KOMIX HERBAL 15 ML
125029198;Maret 18, 2025;SAKATONIK ABC ANTARIKSA 30 TAB, SAKATONIK ABC STRAW 30TAB, SAKATONIK ABC ORANGE 30TAB, SKT ABC CURCUMA MADU
125029212;Maret 18, 2025;PROMAG SUSPENSI BTL 60 ML, PROMAG HERBAL 15 ML, PROCOLD FLU PE
125029237;Maret 18, 2025;BEJO JAHE MERAH HERBAL 12 SC, ENTROSTOP HERBAL ANAK, FATIGON SPIRIT BOX 10X6S, ENTROSTOP 10'S, PROCOLD FLU PE, SAKATONIK ABC STRAW 30TAB
125029259;Maret 18, 2025;BEJO JAHE MERAH HERBAL 12 SC, SAKATONIK ABC ANGGUR30TAB, SAKATONIK ABC ORANGE 30TAB
125029267;Maret 18, 2025;ENTROSTOP HERBAL ANAK, ENTROSTOP 10'S, PROMAG TABLET
125029280;Maret 18, 2025;KOMIX JAHE G-FORMULA BOX, KOMIX KID STRAWBERRY PACK, KOMIX J.NIPIS G-FORMULA B, KOMIX KID OBH PE, KOMIX OBH PE
125029281;Maret 18, 2025;BEJO JAHE MERAH HERBAL 12 SC, MIXAGRIP HERBAL GREGES
125029285;Maret 18, 2025;KOMIX HERBAL LEMON, KOMIX HERBAL 15 ML, PROMAG TABLET, FATIGON SPIRIT BOX 10X6S
125029292;Maret 18, 2025;MIXAGRIP HERBAL GREGES, WOODS EXPECTORANT 60 ML, WOODS EXPECTORANT 100 ML, WOODS NATURALS SYR 60 ML
125029302;Maret 18, 2025;WOODS EXPECTORANT 60 ML, WOODS EXPECTORANT 100 ML
125029306;Maret 18, 2025;WOODS COUGH SYR ATT  60ML, MIXAGRIP FLU &BATUK PE, PROCOLD FLU BATUK PE
125029308;Maret 18, 2025;KALPANAX K CREAM 5 GR, SKT ACTIV SIRUP 100 ML, SAKATONIK ABC ANGGUR30TAB, SKT ABC CURCUMA MADU
125029322;Maret 18, 2025;CEREBROFORT GOLD ORANGE 200 ML, WAISAN NEW FORMULA  /LUSIN
125029323;Maret 18, 2025;SAKATONIK ABC ANTARIKSA 30 TAB, SAKATONIK ABC STRAW 30TAB, SAKATONIK ABC ANGGUR30TAB, SAKATONIK ABC ORANGE 30TAB
125029324;Maret 18, 2025;KALPANAX K CREAM 5 GR, KOMIX HERBAL LEMON, KOMIX HERBAL JERUK NIPIS, KOMIX HERBAL 15 ML, KOMIX HERBAL ORI PACK, KOMIX HERBAL PEPPERMINT, KOMIX OBH PE, PROCOLD FLU PE
125029329;Maret 18, 2025;KOMIX JAHE G-FORMULA BOX, KOMIX J.NIPIS G-FORMULA B
125029334;Maret 18, 2025;BEJO JAHE MERAH HERBAL 6S MT, KOMIX HERBAL 15 ML
125029341;Maret 18, 2025;PUYER OSK BT NO.16/BOX, KALPANAX K CREAM 5 GR, KALPANAX SALEP 6G/12, KALPANAX KRIM 10 GR, ENTROSTOP HERBAL DEWASA 15 ML, ENTROSTOP HERBAL ANAK, MIXAGRIP HERBAL GREGES, PROMAG SUSPENSI BTL 60 ML, SKT ACTIV SIRUP 100 ML, WOODS EXPECTORANT 60 ML, CEREBROFORT M.G. AGGR SCH, CEREBROFORT MG JRK SCH, CEREBROFORT MG STRAW SCH, ENTROSTOP 10'S, PROCOLD FLU PE, PROMAG TABLET, SKT ABC CURCUMA MADU
125029342;Maret 18, 2025;WAISAN NEW FORMULA  /LUSIN, WOODS EXPECTORANT 60 ML, WOODS NATURALS SYR 60 ML, PROCOLD FLU PE, PROMAG TABLET, SAKATONIK ABC ANTARIKSA 30 TAB, SAKATONIK ABC ORANGE 30TAB
125029344;Maret 18, 2025;KOMIX HERBAL 15 ML, WOODS EXPECTORANT 60 ML, FATIGON SPIRIT BOX 10X6S
125029354;Maret 18, 2025;ENTROSTOP HERBAL ANAK, PROMAG SUSPENSI 10ML/6, ENTROSTOP 10'S
125029355;Maret 18, 2025;KOMIX HERBAL 15 ML, PROMAG HERBAL 15 ML, PROMAG TABLET
125029357;Maret 18, 2025;WOODS EXPECTORANT 100 ML, SAKATONIK ABC STRAW 30TAB
125029370;Maret 18, 2025;BEJO JAHE MERAH HERBAL 12 SC, WOODS EXPECTORANT 60 ML
125029391;Maret 18, 2025;KOMIX JAHE G-FORMULA BOX, KOMIX KID STRAWBERRY PACK, KOMIX J.NIPIS G-FORMULA B, KOMIX PEPP.G-FORMULA BOX, PROCOLD FLU BATUK PE
125029402;Maret 18, 2025;BEJO JAHE MERAH HERBAL 12 SC, KOMIX JAHE G-FORMULA BOX, KOMIX J.NIPIS G-FORMULA B, KOMIX OBH PE, MIXAGRIP HERBAL GREGES
125029405;Maret 18, 2025;PROMAG HERBAL 15 ML, PROCOLD FLU BATUK PE, PROMAG TABLET
125029410;Maret 18, 2025;KOMIX HERBAL 15 ML, FATIGON SPIRIT BOX 10X6S, PROMAG TABLET
125029419;Maret 18, 2025;KALPANAX SALEP 6G/12, WOODS EXPECTORANT 60 ML
125029420;Maret 18, 2025;ENTROSTOP HERBAL ANAK, ENTROSTOP 10'S
125029433;Maret 18, 2025;KOMIX HERBAL ORI PACK, PROMAG HERBAL 15 ML, WOODS EXPECTORANT 60 ML, SAKATONIK ABC STRAW 30TAB
125029444;Maret 18, 2025;WOODS COUGH SYR ATT 100ML, WOODS COUGH SYR ATT  60ML
125029445;Maret 18, 2025;KALPANAX SALEP 6G/12, KALPANAX KRIM 10 GR, CEREBROFORT GOLD ORANGE 100 ML, CEREBROFORT GOLD STRAWBERY, KOMIX HERBAL JERUK NIPIS, KOMIX HERBAL 15 ML, KOMIX HERBAL ORI PACK, PROMAG SUSPENSI BTL 60 ML, PROMAG SUSPENSI 10ML/6, PROMAG HERBAL 15 ML, MIXAGRIP FLU KAPLET 25X4
125029451;Maret 18, 2025;BEJO JAHE MERAH HERBAL 12 SC, KOMIX HERBAL ORI PACK, MIXAGRIP HERBAL GREGES, PROMAG HERBAL 15 ML
125029461;Maret 18, 2025;BEJO JAHE MERAH HERBAL 12 SC, MIXAGRIP HERBAL GREGES
125029478;Maret 18, 2025;KOMIX HERBAL 15 ML, EXTRA JOSS ACTIVE 12SCH
125029487;Maret 18, 2025;KOMIX HERBAL LEMON, PROMAG SUSPENSI BTL 60 ML
125029504;Maret 18, 2025;PROMAG HERBAL 15 ML, PROMAG TABLET
125029510;Maret 18, 2025;PROMAG TABLET, WOODS EXPECTORANT 60 ML
125029515;Maret 18, 2025;KOMIX HERBAL LEMON, KOMIX HERBAL ORI PACK, MIXAGRIP HERBAL GREGES, PROMAG HERBAL 15 ML, CEREBROFORT MG MGA SCH, CEREBROFORT MG JRK SCH
125029517;Maret 18, 2025;MIXAGRIP HERBAL GREGES, PROMAG HERBAL 15 ML
125029554;Maret 18, 2025;BEJO JAHE MERAH HERBAL 12 SC, KOMIX HERBAL ORI PACK, MIXAGRIP HERBAL GREGES, PROMAG HERBAL 15 ML
125029555;Maret 18, 2025;BEJO JAHE MERAH HERBAL 12 SC, SAKATONIK ABC ANGGUR30TAB, SAKATONIK ABC ORANGE 30TAB
125029570;Maret 18, 2025;CEREBROFORT GOLD ORANGE 100 ML, CEREBROFORT GOLD ORANGE 200 ML, CEREBROFORT GOLD STRAWBERY, WOODS EXPECTORANT 60 ML, PUYER OSK BT NO.16/BOX, WOODS LOZENGES CHERRY 6'S, WOODS LOZENGES 6'S
125029573;Maret 18, 2025;PROMAG HERBAL 15 ML, PROMAG TABLET
125029577;Maret 18, 2025;KOMIX HERBAL LEMON, WOODS NATURALS SYR 60 ML
125029581;Maret 18, 2025;KOMIX JAHE G-FORMULA BOX, KOMIX KID STRAWBERRY PACK, KOMIX J.NIPIS G-FORMULA B, KOMIX PEPP.G-FORMULA BOX
125029590;Maret 18, 2025;WOODS EXPECTORANT 60 ML, FATIGON SPIRIT BOX 10X6S
125029602;Maret 18, 2025;BEJO JAHE MERAH HERBAL 12 SC, KOMIX HERBAL ORI PACK, MIXAGRIP HERBAL GREGES, PROMAG HERBAL 15 ML
125029603;Maret 18, 2025;CEREBROFORT GOLD ORANGE 100 ML, CEREBROFORT GOLD STRAWBERY, MIXAGRIP HERBAL GREGES, CEREBROFORT M.G. AGGR SCH, CEREBROFORT MG MGA SCH, CEREBROFORT MG JRK SCH, CEREBROFORT MG STRAW SCH, SAKATONIK ABC ANTARIKSA 30 TAB, SAKATONIK ABC STRAW 30TAB, SAKATONIK ABC ANGGUR30TAB, SAKATONIK ABC ORANGE 30TAB, SKT ABC CURCUMA MADU
125029612;Maret 18, 2025;MIXAGRIP HERBAL GREGES, PROMAG HERBAL 15 ML
125029628;Maret 18, 2025;MIXAGRIP HERBAL GREGES, CEREBROFORT M.G. AGGR SCH, CEREBROFORT MG MGA SCH, CEREBROFORT MG JRK SCH, CEREBROFORT MG STRAW SCH, SAKATONIK ABC ANTARIKSA 30 TAB, SAKATONIK ABC STRAW 30TAB, SAKATONIK ABC ANGGUR30TAB, SAKATONIK ABC ORANGE 30TAB, SKT ABC CURCUMA MADU
125029634;Maret 18, 2025;PROMAG HERBAL 15 ML, PROMAG TABLET
125029636;Maret 18, 2025;SAKATONIK ABC ANTARIKSA 30 TAB, SAKATONIK ABC STRAW 30TAB, SAKATONIK ABC ANGGUR30TAB, SAKATONIK ABC ORANGE 30TAB
125029639;Maret 18, 2025;KOMIX JAHE G-FORMULA BOX, KOMIX J.NIPIS G-FORMULA B, KOMIX PEPP.G-FORMULA BOX
125029640;Maret 18, 2025;WOODS COUGH SYR ATT 100ML, WOODS COUGH SYR ATT  60ML
125029641;Maret 18, 2025;MIXAGRIP FLU &BATUK PE, PROCOLD FLU BATUK PE
125029647;Maret 18, 2025;CEREBROFORT MG STRAW SCH, WOODS LOZENGES ORANGE VITAMIN C, WOODS LOZENGES LEMON VITAMIN C
125029651;Maret 18, 2025;SKT ACTIV SIRUP 100 ML, SKT ACTIV SIRUP 300 ML, SAKATONIK ABC STRAW 30TAB, SAKATONIK ABC ANGGUR30TAB, SAKATONIK ABC ORANGE 30TAB
125029652;Maret 18, 2025;PROMAG SUSPENSI BTL 60 ML, ENTROSTOP 10'S, CEREBROFORT MG STRAW SCH, SKT ABC CURCUMA MADU
125029657;Maret 18, 2025;PROMAG HERBAL 15 ML, WOODS EXPECTORANT 60 ML
125029688;Maret 18, 2025;SAKATONIK ACTIV MULTIVIT ZAT BESI - KAPLET 6S, SAKATONIK ABC STRAW 30TAB
125029693;Maret 18, 2025;SAKATONIK ACTIV MULTIVIT ZAT BESI - KAPLET 6S, SAKATONIK ABC STRAW 30TAB
125029726;Maret 18, 2025;KOMIX JAHE G-FORMULA BOX, KOMIX J.NIPIS G-FORMULA B, KOMIX OBH
125029728;Maret 18, 2025;KOMIX HERBAL LEMON, KOMIX HERBAL 15 ML, KOMIX HERBAL ORI PACK, KOMIX HERBAL PEPPERMINT, B7 SLASI JERUK NIPIS 12'S, EXTRA JOSS ACTIVE 12SCH
125029790;Maret 19, 2025;KOMIX HERBAL ORI PACK, WOODS EXPECTORANT 60 ML, PROCOLD FLU PE, PROMAG TABLET
125029800;Maret 19, 2025;WOODS EXPECTORANT 60 ML, WOODS NATURALS SYR 60 ML, FATIGON KAPLET 10X6S, FATIGON SPIRIT BOX 10X6S, ENTROSTOP 10'S
125029801;Maret 19, 2025;BEJO JAHE MERAH HERBAL 12 SC, B7 SLASI JERUK NIPIS 12'S, KALPANAX K CREAM 5 GR, PROCOLD FLU PE
125029803;Maret 19, 2025;BEJO JAHE MERAH HERBAL 12 SC, KOMIX HERBAL LEMON, KOMIX HERBAL 15 ML, PROMAG SUSPENSI BTL 60 ML
125029805;Maret 19, 2025;KALPANAX K CREAM 5 GR, KALPANAX KRIM 10 GR, WOODS EXPECTORANT 100 ML, KOMIX HERBAL 15 ML, KOMIX HERBAL ORI PACK, WAISAN NEW FORMULA  /LUSIN
125029809;Maret 19, 2025;KALPANAX K CREAM 5 GR, SKT ACTIV SIRUP 100 ML, SKT ACTIV SIRUP 300 ML, PROMAG TABLET
125029815;Maret 19, 2025;WOODS COUGH SYR ATT 100ML, WOODS EXPECTORANT 100 ML
125029829;Maret 19, 2025;BEJO JAHE MERAH HERBAL 12 SC, CEREBROFORT GOLD ORANGE 100 ML
125029853;Maret 19, 2025;KOMIX HERBAL 15 ML, KOMIX OBH PE, WAISAN NEW FORMULA  /LUSIN
125029858;Maret 19, 2025;SAKATONIK ABC ANTARIKSA 30 TAB, SAKATONIK ABC STRAW 30TAB, SAKATONIK ABC ANGGUR30TAB, SAKATONIK ABC ORANGE 30TAB
125029859;Maret 19, 2025;KALPANAX SALEP 6G/12, SKT ACTIV SIRUP 100 ML, SAKATONIK ABC STRAW 30TAB, SAKATONIK ABC ANGGUR30TAB, SAKATONIK ABC ORANGE 30TAB
125029860;Maret 19, 2025;BEJO ANAK JAHE MERAH 5S, BEJO JAHE MERAH HERBAL 12 SC, B7 SLASI JERUK NIPIS 12'S
125029868;Maret 19, 2025;PROMAG SUSPENSI BTL 60 ML, SKT ACTIV SIRUP 100 ML, PROMAG TABLET, SAKATONIK ABC ANTARIKSA 30 TAB, SAKATONIK ABC ORANGE 30TAB, SKT ABC CURCUMA MADU
125029870;Maret 19, 2025;KOMIX HERBAL LEMON, KOMIX HERBAL 15 ML, KALPANAX K CREAM 5 GR, KALPANAX KRIM 10 GR, PROMAG HERBAL 15 ML, WOODS EXPECTORANT 60 ML, FATIGON KAPLET 10X6S
125029874;Maret 19, 2025;ENTROSTOP HERBAL ANAK, FATIGON SPIRIT BOX 10X6S, ENTROSTOP 10'S
125029877;Maret 19, 2025;BEJO JAHE MERAH HERBAL 12 SC, KALPANAX K CREAM 5 GR, ENTROSTOP HERBAL ANAK, ENTROSTOP 10'S
125029880;Maret 19, 2025;KOMIX JAHE G-FORMULA BOX, KOMIX J.NIPIS G-FORMULA B, KOMIX PEPP.G-FORMULA BOX
125029881;Maret 19, 2025;FATIGON SPIRIT BOX 10X6S, ENTROSTOP 10'S, PROMAG TABLET, SAKATONIK ABC STRAW 30TAB, SAKATONIK ABC ORANGE 30TAB
125029907;Maret 19, 2025;KOMIX HERBAL 15 ML, KOMIX HERBAL ORI PACK
125029910;Maret 19, 2025;KOMIX HERBAL 15 ML, KALPANAX KRIM 10 GR, PROMAG HERBAL 15 ML, WOODS LOZENGES LEMON VITAMIN C
125029921;Maret 19, 2025;BEJO JAHE MERAH HERBAL 12 SC, MIXAGRIP HERBAL GREGES, PROMAG HERBAL 15 ML, WOODS NATURALS SYR 60 ML
125029939;Maret 19, 2025;BEJO JAHE MERAH HERBAL 12 SC, KOMIX HERBAL ORI PACK, MIXAGRIP HERBAL GREGES, PROMAG HERBAL 15 ML
125029945;Maret 19, 2025;PROMAG TABLET, SAKATONIK ABC STRAW 30TAB, SAKATONIK ABC ANGGUR30TAB, SAKATONIK ABC ORANGE 30TAB
125029958;Maret 19, 2025;WOODS EXPECTORANT 100 ML, ENTROSTOP 10'S
125029982;Maret 19, 2025;KALPANAX K CREAM 5 GR, KALPANAX KRIM 10 GR, PROMAG TABLET
125029985;Maret 19, 2025;CEREBROFORT GOLD STRAWBERY, PROMAG SUSPENSI 10ML/6, PROMAG HERBAL 15 ML, PROMAG TABLET
125029986;Maret 19, 2025;KALPANAX KRIM 10 GR, BEJO JAHE MERAH HERBAL 12 SC, ENTROSTOP 10'S
125029988;Maret 19, 2025;PROMAG SUSPENSI 10ML/6, PROMAG HERBAL 15 ML, SKT ACTIV SIRUP 100 ML, SKT ACTIV SIRUP 300 ML, FATIGON SPIRIT BOX 10X6S, PROMAG TABLET
125029989;Maret 19, 2025;KALPANAX K CREAM 5 GR, WOODS EXPECTORANT 60 ML, WOODS NATURALS SYR 60 ML
125029990;Maret 19, 2025;PROMAG SUSPENSI 10ML/6, PROMAG HERBAL 15 ML
125029993;Maret 19, 2025;WOODS COUGH SYR ATT 100ML, WOODS COUGH SYR ATT  60ML
125029994;Maret 19, 2025;WOODS COUGH SYR ATT 100ML, WOODS COUGH SYR ATT  60ML
125029995;Maret 19, 2025;WOODS COUGH SYR ATT  60ML, MEXTRIL BATUK-TABLET BOX
125030006;Maret 19, 2025;CEREBROFORT GOLD STRAWBERY, PROMAG SUSPENSI 10ML/6, WOODS EXPECTORANT 100 ML, CEREBROFORT M.G. AGGR SCH, CEREBROFORT MG MGA SCH, CEREBROFORT MG JRK SCH, CEREBROFORT MG STRAW SCH, SAKATONIK ACTIV MULTIVIT ZAT BESI - KAPLET 6S
125030008;Maret 19, 2025;BEJO JAHE MERAH HERBAL 6S MT, BEJO JAHE MERAH HERBAL 12 SC
125030015;Maret 19, 2025;BEJO JAHE MERAH HERBAL 12 SC, KOMIX HERBAL ORI PACK, PROMAG HERBAL 15 ML, MIXAGRIP HERBAL GREGES, SAKATONIK ABC ANTARIKSA 30 TAB
125030047;Maret 19, 2025;BEJO JAHE MERAH HERBAL 6S MT, KOMIX HERBAL LEMON, KOMIX HERBAL 15 ML
125030063;Maret 19, 2025;MIXAGRIP HERBAL GREGES, PROMAG HERBAL 15 ML, EXTRA JOSS ACTIVE 12SCH
125030067;Maret 19, 2025;BEJO JAHE MERAH HERBAL 12 SC, KOMIX HERBAL LEMON, KOMIX HERBAL 15 ML, KOMIX HERBAL ORI PACK, EXTRA JOSS ACTIVE 12SCH, PROMAG HERBAL 15 ML
125030084;Maret 19, 2025;KOMIX HERBAL ORI PACK, KALPANAX K CREAM 5 GR
125030099;Maret 19, 2025;KOMIX JAHE G-FORMULA BOX, KOMIX J.NIPIS G-FORMULA B
125030100;Maret 19, 2025;MIXAGRIP HERBAL GREGES, WAISAN NEW FORMULA  /LUSIN, PROCOLD FLU PE
125030104;Maret 19, 2025;BEJO JAHE MERAH HERBAL 6S MT, BEJO JAHE MERAH HERBAL 12 SC, KOMIX HERBAL LEMON, KOMIX HERBAL 15 ML, KOMIX HERBAL ORI PACK, MIXAGRIP HERBAL GREGES, PROMAG HERBAL 15 ML, WOODS LOZENGES 6'S
125030106;Maret 19, 2025;BEJO JAHE MERAH HERBAL 6S MT, BEJO JAHE MERAH HERBAL 12 SC, KOMIX HERBAL LEMON, KOMIX HERBAL ORI PACK, PROMAG HERBAL 15 ML, MIXAGRIP HERBAL GREGES, CEREBROFORT MG MGA SCH, WOODS LOZENGES 6'S
125030110;Maret 19, 2025;BEJO JAHE MERAH HERBAL 12 SC, KOMIX HERBAL ORI PACK, MIXAGRIP HERBAL GREGES, PROMAG HERBAL 15 ML
125030144;Maret 19, 2025;KOMIX HERBAL LEMON, KOMIX HERBAL JERUK NIPIS, KOMIX HERBAL 15 ML
125030148;Maret 19, 2025;CEREBROFORT M.G. AGGR SCH, CEREBROFORT MG JRK SCH, CEREBROFORT MG STRAW SCH
125030149;Maret 19, 2025;PROMAG HERBAL 15 ML, PROMAG TABLET
125030156;Maret 19, 2025;BEJO JAHE MERAH HERBAL 12 SC, KOMIX HERBAL ORI PACK, EXTRA JOSS ACTIVE 12SCH
125030158;Maret 19, 2025;CEREBROFORT MG MGA SCH, CEREBROFORT MG JRK SCH, CEREBROFORT MG STRAW SCH, FATIGON KAPLET 10X6S, FATIGON SPIRIT BOX 10X6S, SAKATONIK ABC STRAW 30TAB, SAKATONIK ABC ANGGUR30TAB, SAKATONIK ABC ORANGE 30TAB
125030163;Maret 19, 2025;KOMIX HERBAL JERUK NIPIS, KOMIX HERBAL ORI PACK, KOMIX HERBAL PEPPERMINT, KOMIX OBH PE
125030166;Maret 19, 2025;KOMIX HERBAL JERUK NIPIS, KOMIX HERBAL ORI PACK, KOMIX HERBAL PEPPERMINT, PUYER OSK BT NO.16/BOX
125030187;Maret 19, 2025;BEJO JAHE MERAH HERBAL 12 SC, KOMIX HERBAL JERUK NIPIS, KOMIX HERBAL ORI PACK, CEREBROFORT GOLD ORANGE 100 ML, CEREBROFORT GOLD STRAWBERY, ENTROSTOP HERBAL DEWASA 15 ML, MIXAGRIP HERBAL GREGES, PROMAG HERBAL 15 ML, SAKATONIK ABC ANTARIKSA 30 TAB, SAKATONIK ABC STRAW 30TAB, SAKATONIK ABC ANGGUR30TAB, SAKATONIK ABC ORANGE 30TAB
125030196;Maret 19, 2025;CEREBROFORT MG STRAW SCH, WOODS LOZENGES ORANGE VITAMIN C, WOODS LOZENGES LEMON VITAMIN C
125030198;Maret 19, 2025;BEJO JAHE MERAH HERBAL 12 SC, KOMIX HERBAL ORI PACK, MIXAGRIP HERBAL GREGES, PROMAG HERBAL 15 ML
125030209;Maret 19, 2025;KALPANAX K CREAM 5 GR, KALPANAX SALEP 6G/12, KALPANAX KRIM 10 GR
125030210;Maret 19, 2025;CEREBROFORT GOLD ORANGE 100 ML, CEREBROFORT GOLD ORANGE 200 ML, CEREBROFORT GOLD STRAWBERY, PROMAG SUSPENSI BTL 60 ML, PROMAG SUSPENSI 10ML/6, PROMAG HERBAL 15 ML, CEREBROFORT M.G. AGGR SCH, CEREBROFORT MG MGA SCH, CEREBROFORT MG JRK SCH, FATIGON SPIRIT BOX 10X6S, MIXAGRIP FLU KAPLET 25X4, PROCOLD FLU PE, PROMAG TABLET, SAKATONIK ABC ANTARIKSA 30 TAB, SAKATONIK ABC ANGGUR30TAB, SKT ABC CURCUMA MADU
125030220;Maret 19, 2025;WOODS EXPECTORANT 60 ML, FATIGON SPIRIT BOX 10X6S, ENTROSTOP 10'S
125030229;Maret 19, 2025;B7 SLASI JERUK NIPIS 12'S, FATIGON SPIRIT BOX 10X6S
125030268;Maret 20, 2025;WOODS EXPECTORANT 60 ML, WOODS EXPECTORANT 100 ML, WOODS NATURALS SYR 60 ML, SAKATONIK ABC STRAW 30TAB, SAKATONIK ABC ORANGE 30TAB, WOODS LOZENGES 6'S, WOODS LOZ HONEY LEMON
125030283;Maret 20, 2025;BEJO ANAK JAHE MERAH 5S, BEJO JAHE MERAH HERBAL 12 SC, B7 SLASI JERUK NIPIS 12'S
125030289;Maret 20, 2025;KOMIX KID STRAWBERRY PACK, KOMIX J.NIPIS G-FORMULA B
125030300;Maret 20, 2025;KOMIX HERBAL LEMON, KOMIX HERBAL 15 ML, KALPANAX K CREAM 5 GR, KALPANAX SALEP 6G/12, CEREBROFORT M.G. AGGR SCH, ENTROSTOP 10'S, SAKATONIK ABC STRAW 30TAB, SAKATONIK ABC ORANGE 30TAB
125030302;Maret 20, 2025;PROMAG HERBAL 15 ML, WOODS EXPECTORANT 60 ML, WOODS LOZENGES CHERRY 6'S, WOODS LOZENGES 6'S, WOODS LOZ HONEY LEMON
125030304;Maret 20, 2025;WOODS COUGH SYR ATT 100ML, WOODS COUGH SYR ATT  60ML, MIXAGRIP FLU &BATUK PE, PROCOLD FLU BATUK PE
125030305;Maret 20, 2025;WOODS COUGH SYR ATT 100ML, WOODS COUGH SYR ATT  60ML
125030316;Maret 20, 2025;CEREBROFORT GOLD ORANGE 200 ML, CEREBROFORT GOLD STRAWBERY
125030317;Maret 20, 2025;KOMIX HERBAL LEMON, PROMAG TABLET
125030339;Maret 20, 2025;ENTROSTOP HERBAL DEWASA 15 ML, ENTROSTOP HERBAL ANAK, PROMAG SUSPENSI 10ML/6, PROMAG HERBAL 15 ML
125030340;Maret 20, 2025;KALPANAX SALEP 6G/12, PROCOLD FLU PE
125030348;Maret 20, 2025;FATIGON KAPLET 10X6S, SAKATONIK ABC STRAW 30TAB
125030349;Maret 20, 2025;WOODS EXPECTORANT 100 ML, ENTROSTOP 10'S, PROCOLD FLU PE
125030370;Maret 20, 2025;KOMIX HERBAL JERUK NIPIS, PROMAG SUSPENSI BTL 60 ML
125030373;Maret 20, 2025;ENTROSTOP HERBAL ANAK, PROMAG SUSPENSI BTL 60 ML, PROMAG HERBAL 15 ML, ENTROSTOP 10'S
125030378;Maret 20, 2025;KOMIX HERBAL LEMON, KOMIX HERBAL 15 ML
125030408;Maret 20, 2025;KOMIX HERBAL LEMON, PROMAG HERBAL 15 ML, CEREBROFORT MG STRAW SCH
125030409;Maret 20, 2025;KOMIX HERBAL LEMON, KOMIX HERBAL 15 ML, B7 SLASI JERUK NIPIS 12'S
125030410;Maret 20, 2025;BEJO ANAK JAHE MERAH 5S, BEJO JAHE MERAH HERBAL 12 SC, KOMIX HERBAL 15 ML
125030411;Maret 20, 2025;KOMIX HERBAL LEMON, KALPANAX K CREAM 5 GR, PROMAG SUSPENSI BTL 60 ML, PROMAG SUSPENSI 10ML/6, PROMAG HERBAL 15 ML, PROMAG TABLET, SAKATONIK ABC STRAW 30TAB
125030413;Maret 20, 2025;WOODS EXPECTORANT 60 ML, SAKATONIK ABC STRAW 30TAB, WOODS LOZENGES CHERRY 6'S, WOODS LOZENGES 6'S, WOODS LOZ HONEY LEMON, WOODS LOZENGES LEMON VITAMIN C
125030421;Maret 20, 2025;CEREBROFORT GOLD ORANGE 200 ML, CEREBROFORT GOLD STRAWBERY, PROMAG HERBAL 15 ML
125030428;Maret 20, 2025;WAISAN NEW FORMULA  /LUSIN, PROMAG SUSPENSI 10ML/6
125030463;Maret 20, 2025;KOMIX JAHE G-FORMULA BOX, KOMIX KID STRAWBERRY PACK, KOMIX J.NIPIS G-FORMULA B, KOMIX KID OBH PE
125030471;Maret 20, 2025;BEJO JAHE MERAH HERBAL 6S MT, PROMAG TABLET
125030474;Maret 20, 2025;SKT ACTIV SIRUP 100 ML, CEREBROFORT MG STRAW SCH, FATIGON SPIRIT BOX 10X6S, SAKATONIK ABC ANGGUR30TAB
125030476;Maret 20, 2025;BEJO JAHE MERAH HERBAL 12 SC, PUYER OSK BT NO.16/BOX
125030495;Maret 20, 2025;BEJO JAHE MERAH HERBAL 12 SC, KOMIX HERBAL ORI PACK, MIXAGRIP HERBAL GREGES, PROMAG HERBAL 15 ML
125030496;Maret 20, 2025;BEJO JAHE MERAH HERBAL 12 SC, KOMIX HERBAL ORI PACK, MIXAGRIP HERBAL GREGES, PROMAG HERBAL 15 ML
125030512;Maret 20, 2025;CEREBROFORT GOLD ORANGE 200 ML, ENTROSTOP HERBAL ANAK, PROMAG SUSPENSI 10ML/6, ENTROSTOP 10'S, PROMAG TABLET, WOODS LOZENGES CHERRY 6'S, WOODS LOZENGES 6'S, WOODS LOZENGES ORANGE VITAMIN C
125030513;Maret 20, 2025;PROMAG SUSPENSI 10ML/6, PROMAG HERBAL 15 ML
125030528;Maret 20, 2025;BEJO JAHE MERAH HERBAL 12 SC, FATIGON SPIRIT BOX 10X6S
125030529;Maret 20, 2025;PROMAG HERBAL 15 ML, SAKATONIK ABC STRAW 30TAB
125030535;Maret 20, 2025;BEJO JAHE MERAH HERBAL 12 SC, KOMIX HERBAL ORI PACK, MIXAGRIP HERBAL GREGES, PROMAG HERBAL 15 ML
125030536;Maret 20, 2025;BEJO JAHE MERAH HERBAL 6S MT, BEJO JAHE MERAH HERBAL 12 SC, KOMIX HERBAL ORI PACK, MIXAGRIP HERBAL GREGES
125030537;Maret 20, 2025;BEJO JAHE MERAH HERBAL 12 SC, KOMIX HERBAL ORI PACK, PROMAG HERBAL 15 ML, MIXAGRIP HERBAL GREGES, CEREBROFORT MG MGA SCH
125030560;Maret 20, 2025;KALPANAX K CREAM 5 GR, KALPANAX KRIM 10 GR, CEREBROFORT GOLD ORANGE 100 ML, CEREBROFORT GOLD STRAWBERY, PROMAG TABLET
125030561;Maret 20, 2025;WAISAN NEW FORMULA  /LUSIN, KALPANAX K CREAM 5 GR, KALPANAX KRIM 10 GR, PROMAG SUSPENSI 10ML/6
125030562;Maret 20, 2025;KALPANAX K CREAM 5 GR, MIXAGRIP FLU KAPLET 25X4
125030565;Maret 20, 2025;BEJO JAHE MERAH HERBAL 12 SC, PROMAG HERBAL 15 ML
125030566;Maret 20, 2025;KALPANAX K CREAM 5 GR, KALPANAX SALEP 6G/12, CEREBROFORT GOLD ORANGE 200 ML, FATIGON KAPLET 10X6S, FATIGON SPIRIT BOX 10X6S
125030567;Maret 20, 2025;WOODS COUGH SYR ATT 100ML, WOODS COUGH SYR ATT  60ML
125030594;Maret 20, 2025;KALPANAX K CREAM 5 GR, ENTROSTOP 10'S
125030595;Maret 20, 2025;KOMIX HERBAL 15 ML, KOMIX HERBAL ORI PACK, EXTRA JOSS ACTIVE 6 SCH
125030600;Maret 20, 2025;MIXAGRIP HERBAL GREGES, PROMAG HERBAL 15 ML, FATIGON SPIRIT BOX 10X6S, SAKATONIK ABC ANTARIKSA 30 TAB, SAKATONIK ABC STRAW 30TAB
125030610;Maret 20, 2025;BEJO JAHE MERAH HERBAL 6S MT, BEJO JAHE MERAH HERBAL 12 SC, KOMIX HERBAL ORI PACK, MIXAGRIP HERBAL GREGES, PROMAG HERBAL 15 ML, CEREBROFORT MG MGA SCH, CEREBROFORT MG JRK SCH
125030612;Maret 20, 2025;BEJO JAHE MERAH HERBAL 12 SC, KOMIX HERBAL ORI PACK, MIXAGRIP HERBAL GREGES, PROMAG HERBAL 15 ML, CEREBROFORT M.G. AGGR SCH, CEREBROFORT MG MGA SCH, CEREBROFORT MG JRK SCH, CEREBROFORT MG STRAW SCH
125030613;Maret 20, 2025;BEJO JAHE MERAH HERBAL 6S MT, BEJO JAHE MERAH HERBAL 12 SC, KOMIX HERBAL ORI PACK, PROMAG HERBAL 15 ML, MIXAGRIP HERBAL GREGES, CEREBROFORT M.G. AGGR SCH, CEREBROFORT MG MGA SCH, CEREBROFORT MG JRK SCH, CEREBROFORT MG STRAW SCH, WOODS LOZENGES CHERRY 6'S, WOODS LOZENGES 6'S, WOODS LOZ HONEY LEMON, WOODS LOZENGES ORANGE VITAMIN C, WOODS LOZENGES LEMON VITAMIN C
125030646;Maret 20, 2025;PUYER OSK BT NO.16/BOX, ENTROSTOP 10'S
125030647;Maret 20, 2025;WOODS EXPECTORANT 60 ML, WOODS EXPECTORANT 100 ML
125030654;Maret 20, 2025;WOODS COUGH SYR ATT 100ML, WOODS COUGH SYR ATT  60ML
125030689;Maret 20, 2025;KOMIX JAHE G-FORMULA BOX, KOMIX J.NIPIS G-FORMULA B, KOMIX OBH
125030694;Maret 20, 2025;BEJO JAHE MERAH HERBAL 6S MT, BEJO JAHE MERAH HERBAL 12 SC, KOMIX HERBAL JERUK NIPIS, KOMIX HERBAL ORI PACK, KOMIX HERBAL PEPPERMINT, PROMAG HERBAL 15 ML, MIXAGRIP HERBAL GREGES, WOODS NATURALS SYR 60 ML
125030765;Maret 20, 2025;KOMIX KID STRAWBERRY PACK, WOODS COUGH SYR ATT 100ML, WOODS COUGH SYR ATT  60ML
125030770;Maret 20, 2025;PUYER OSK BT NO.16/BOX, ENTROSTOP 10'S
125030776;Maret 20, 2025;SAKATONIK ACTIV MULTIVIT ZAT BESI - KAPLET 6S, SKT ABC CURCUMA MADU
125030786;Maret 20, 2025;BEJO JAHE MERAH HERBAL 12 SC, KOMIX HERBAL ORI PACK, MIXAGRIP HERBAL GREGES, PROMAG HERBAL 15 ML
125030790;Maret 20, 2025;EXTRA JOSS ACTIVE 12SCH, FATIGON KAPLET 10X6S
125030800;Maret 20, 2025;KOMIX JAHE G-FORMULA BOX, KOMIX KID STRAWBERRY PACK, KOMIX J.NIPIS G-FORMULA B, KOMIX KID OBH PE, KOMIX OBH PE
125030802;Maret 20, 2025;KOMIX HERBAL JERUK NIPIS, KOMIX HERBAL 15 ML, KOMIX HERBAL PEPPERMINT
125030853;Maret 21, 2025;CEREBROFORT GOLD ORANGE 100 ML, KOMIX HERBAL 15 ML, KOMIX HERBAL ORI PACK, PROMAG HERBAL 15 ML, PROMAG TABLET
125030860;Maret 21, 2025;BEJO JAHE MERAH HERBAL 12 SC, SAKATONIK ABC ANGGUR30TAB, SAKATONIK ABC ORANGE 30TAB
125030874;Maret 21, 2025;WOODS COUGH SYR ATT 100ML, WOODS COUGH SYR ATT  60ML, MIXAGRIP FLU &BATUK PE
125030915;Maret 21, 2025;CEREBROFORT GOLD ORANGE 200 ML, CEREBROFORT MG JRK SCH, CEREBROFORT MG STRAW SCH
125030919;Maret 21, 2025;WOODS LOZENGES CHERRY 6'S, WOODS LOZENGES 6'S, WOODS LOZ HONEY LEMON, WOODS LOZ HONEY LEMON 2'S
125030922;Maret 21, 2025;KALPANAX K CREAM 5 GR, SKT ACTIV SIRUP 300 ML
125030928;Maret 21, 2025;PROMAG SUSPENSI 10ML/6, WOODS EXPECTORANT 60 ML, PROMAG TABLET
125030970;Maret 21, 2025;KOMIX HERBAL JERUK NIPIS, KOMIX HERBAL 15 ML, WOODS EXPECTORANT 100 ML
125030976;Maret 21, 2025;KOMIX HERBAL ORI PACK, PUYER OSK BT NO.16/BOX
125030978;Maret 21, 2025;BEJO JAHE MERAH HERBAL 6S MT, ENTROSTOP 10'S
125030990;Maret 21, 2025;BEJO JAHE MERAH HERBAL 12 SC, KOMIX HERBAL JERUK NIPIS, KOMIX HERBAL ORI PACK, EXTRA JOSS ACTIVE 12SCH
125030999;Maret 21, 2025;WOODS COUGH SYR ATT  60ML, WOODS EXPECTORANT 60 ML
125031003;Maret 21, 2025;KOMIX JAHE G-FORMULA BOX, KOMIX J.NIPIS G-FORMULA B, KOMIX OBH
125031031;Maret 21, 2025;BEJO JAHE MERAH HERBAL 12 SC, KOMIX HERBAL ORI PACK, MIXAGRIP HERBAL GREGES, PROMAG HERBAL 15 ML
125031047;Maret 21, 2025;KOMIX HERBAL 15 ML, WOODS LOZENGES 6'S
125031048;Maret 21, 2025;PROMAG HERBAL 15 ML, FATIGON KAPLET 10X6S, FATIGON SPIRIT BOX 10X6S
125031049;Maret 21, 2025;FATIGON KAPLET 10X6S, PROMAG TABLET
125031060;Maret 21, 2025;BEJO JAHE MERAH HERBAL 6S MT, BEJO JAHE MERAH HERBAL 12 SC, KOMIX HERBAL ORI PACK, MIXAGRIP HERBAL GREGES, PROMAG HERBAL 15 ML
125031096;Maret 21, 2025;KOMIX HERBAL ORI PACK, KOMIX OBH PE
125031101;Maret 21, 2025;CEREBROFORT GOLD ORANGE 100 ML, CEREBROFORT GOLD ORANGE 200 ML
125031111;Maret 21, 2025;ENTROSTOP HERBAL ANAK, ENTROSTOP 10'S
125031120;Maret 21, 2025;BEJO JAHE MERAH HERBAL 12 SC, KOMIX HERBAL ORI PACK, MIXAGRIP HERBAL GREGES, PROMAG HERBAL 15 ML
125031121;Maret 21, 2025;BEJO JAHE MERAH HERBAL 12 SC, KOMIX HERBAL JERUK NIPIS, KOMIX HERBAL ORI PACK, KOMIX HERBAL PEPPERMINT
125031122;Maret 21, 2025;BEJO JAHE MERAH HERBAL 12 SC, KOMIX HERBAL JERUK NIPIS, KOMIX HERBAL ORI PACK, EXTRA JOSS GO RASA ANGGUR, EXTRA JOSS MANGGA LAKI, ENTROSTOP HERBAL ANAK, MIXAGRIP HERBAL GREGES, PROMAG HERBAL 15 ML, WOODS NATURALS SYR 60 ML
125031135;Maret 21, 2025;BEJO JAHE MERAH HERBAL 12 SC, KOMIX HERBAL ORI PACK, EXTRA JOSS GO RASA ANGGUR, MIXAGRIP HERBAL GREGES, PROMAG HERBAL 15 ML, WOODS NATURALS SYR 60 ML, CEREBROFORT MG JRK SCH, WOODS LOZENGES 6'S
125031137;Maret 21, 2025;BEJO JAHE MERAH HERBAL 12 SC, KOMIX HERBAL ORI PACK, EXTRA JOSS GO RASA ANGGUR, EXTRA JOSS MANGGA LAKI, MIXAGRIP HERBAL GREGES, PROMAG HERBAL 15 ML, WOODS NATURALS SYR 60 ML, CEREBROFORT M.G. AGGR SCH, CEREBROFORT MG MGA SCH, CEREBROFORT MG JRK SCH, CEREBROFORT MG STRAW SCH
125031139;Maret 21, 2025;BEJO JAHE MERAH HERBAL 12 SC, KOMIX HERBAL JERUK NIPIS, KOMIX HERBAL 15 ML, KOMIX HERBAL ORI PACK
125031147;Maret 21, 2025;KALPANAX K CREAM 5 GR, KALPANAX KRIM 10 GR, PROMAG HERBAL 15 ML, SKT ABC CURCUMA MADU
125031148;Maret 21, 2025;WOODS EXPECTORANT 60 ML, WOODS EXPECTORANT 100 ML
125031151;Maret 21, 2025;ENTROSTOP HERBAL ANAK, ENTROSTOP 10'S, PROMAG TABLET, SAKATONIK ABC STRAW 30TAB, SAKATONIK ABC ANGGUR30TAB
125031163;Maret 21, 2025;MIXAGRIP HERBAL GREGES, SAKATONIK ABC ANGGUR30TAB, SAKATONIK ABC ORANGE 30TAB
125031168;Maret 21, 2025;SAKATONIK ABC STRAW 30TAB, SAKATONIK ABC ANGGUR30TAB, SAKATONIK ABC ORANGE 30TAB
125031172;Maret 21, 2025;SAKATONIK ABC ANTARIKSA 30 TAB, SAKATONIK ABC ANGGUR30TAB
125031187;Maret 21, 2025;KALPANAX K CREAM 5 GR, CEREBROFORT M.G. AGGR SCH, CEREBROFORT MG MGA SCH, CEREBROFORT MG JRK SCH, CEREBROFORT MG STRAW SCH, FATIGON SPIRIT BOX 10X6S
125031188;Maret 21, 2025;KALPANAX K CREAM 5 GR, KALPANAX SALEP 6G/12
125031192;Maret 21, 2025;SKT ACTIV SIRUP 100 ML, SKT ACTIV SIRUP 300 ML
125031196;Maret 21, 2025;KALPANAX K CREAM 5 GR, KALPANAX SALEP 6G/12, KALPANAX KRIM 10 GR, MIXAGRIP HERBAL GREGES
125031197;Maret 21, 2025;CEREBROFORT GOLD ORANGE 100 ML, CEREBROFORT GOLD ORANGE 200 ML, CEREBROFORT GOLD STRAWBERY
125031201;Maret 21, 2025;BEJO JAHE MERAH HERBAL 12 SC, KOMIX HERBAL ORI PACK, EXTRA JOSS GO RASA ANGGUR, EXTRA JOSS MANGGA LAKI, ENTROSTOP HERBAL ANAK, MIXAGRIP HERBAL GREGES, PROMAG HERBAL 15 ML, CEREBROFORT M.G. AGGR SCH, CEREBROFORT MG JRK SCH
125031202;Maret 21, 2025;BEJO JAHE MERAH HERBAL 6S MT, BEJO JAHE MERAH HERBAL 12 SC, KOMIX HERBAL JERUK NIPIS, KOMIX HERBAL ORI PACK, KOMIX HERBAL PEPPERMINT, ENTROSTOP HERBAL ANAK, MIXAGRIP HERBAL GREGES, PROMAG HERBAL 15 ML, WOODS NATURALS SYR 60 ML
125031203;Maret 21, 2025;SAKATONIK ABC ANGGUR30TAB, SAKATONIK ABC ORANGE 30TAB
125031249;Maret 21, 2025;KOMIX HERBAL LEMON, KOMIX HERBAL 15 ML, KOMIX HERBAL ORI PACK, PROMAG TABLET
125031270;Maret 22, 2025;KOMIX OBH PE, PROMAG TABLET, SKT ACTIV SIRUP 300 ML, WOODS EXPECTORANT 60 ML, SAKATONIK ABC STRAW 30TAB, SAKATONIK ABC ANGGUR30TAB
125031281;Maret 22, 2025;BEJO JAHE MERAH HERBAL 12 SC, SAKATONIK ABC ANGGUR30TAB, SAKATONIK ABC ORANGE 30TAB
125031298;Maret 22, 2025;MIXAGRIP FLU &BATUK PE, PROCOLD FLU BATUK PE
125031314;Maret 22, 2025;KALPANAX K CREAM 5 GR, KOMIX HERBAL ORI PACK, KOMIX OBH PE, PUYER OSK BT NO.16/BOX, PROMAG TABLET
125031321;Maret 22, 2025;KALPANAX SALEP 6G/12, CEREBROFORT GOLD ORANGE 200 ML, PROMAG SUSPENSI BTL 60 ML, FATIGON SPIRIT BOX 10X6S, ENTROSTOP 10'S, PROCOLD FLU PE, SAKATONIK ABC STRAW 30TAB, SAKATONIK ABC ANGGUR30TAB, SKT ABC CURCUMA MADU
125031324;Maret 22, 2025;KOMIX JAHE G-FORMULA BOX, KOMIX J.NIPIS G-FORMULA B, KOMIX PEPP.G-FORMULA BOX, KOMIX OBH PE
125031330;Maret 22, 2025;KALPANAX KRIM 10 GR, PROMAG SUSPENSI 10ML/6, PROMAG HERBAL 15 ML, PROMAG TABLET
125031333;Maret 22, 2025;PROMAG SUSPENSI 10ML/6, PROMAG HERBAL 15 ML
125031337;Maret 22, 2025;FATIGON KAPLET 10X6S, FATIGON SPIRIT BOX 10X6S
125031339;Maret 22, 2025;KOMIX HERBAL LEMON, KALPANAX K CREAM 5 GR, KALPANAX KRIM 10 GR, FATIGON KAPLET 10X6S
125031353;Maret 22, 2025;PROMAG SUSPENSI 10ML/6, SKT ACTIV SIRUP 100 ML, SKT ACTIV SIRUP 300 ML, PROMAG TABLET
125031358;Maret 22, 2025;WOODS COUGH SYR ATT  60ML, MIXAGRIP FLU &BATUK PE, PROCOLD FLU BATUK PE
125031359;Maret 22, 2025;WOODS COUGH SYR ATT  60ML, MIXAGRIP FLU &BATUK PE
125031363;Maret 22, 2025;SKT ACTIV SIRUP 300 ML, SAKATONIK ABC STRAW 30TAB
125031390;Maret 22, 2025;WOODS EXPECTORANT 60 ML, WOODS EXPECTORANT 100 ML, ENTROSTOP 10'S, PROMAG TABLET
125031394;Maret 22, 2025;KALPANAX K CREAM 5 GR, PROCOLD FLU PE, PROMAG TABLET
125031399;Maret 22, 2025;BEJO JAHE MERAH HERBAL 12 SC, KALPANAX SALEP 6G/12
125031448;Maret 22, 2025;SAKATONIK ABC STRAW 30TAB, SAKATONIK ABC ANGGUR30TAB, SAKATONIK ABC ORANGE 30TAB
125031467;Maret 22, 2025;KALPANAX KRIM 10 GR, ENTROSTOP HERBAL ANAK
125031485;Maret 22, 2025;BEJO JAHE MERAH HERBAL 6S MT, BEJO JAHE MERAH HERBAL 12 SC, KOMIX HERBAL ORI PACK, MIXAGRIP HERBAL GREGES, PROMAG HERBAL 15 ML, WOODS LOZENGES CHERRY 6'S, WOODS LOZENGES 6'S, WOODS LOZ HONEY LEMON, WOODS LOZENGES ORANGE VITAMIN C, WOODS LOZENGES LEMON VITAMIN C
125031487;Maret 22, 2025;BEJO JAHE MERAH HERBAL 6S MT, BEJO JAHE MERAH HERBAL 12 SC, KOMIX HERBAL JERUK NIPIS, KOMIX HERBAL ORI PACK, MIXAGRIP HERBAL GREGES, PROMAG HERBAL 15 ML, CEREBROFORT M.G. AGGR SCH, CEREBROFORT MG MGA SCH, CEREBROFORT MG JRK SCH, CEREBROFORT MG STRAW SCH
125031504;Maret 22, 2025;KOMIX OBH PE, KALPANAX K CREAM 5 GR
125031516;Maret 22, 2025;SKT ACTIV SIRUP 100 ML, WOODS EXPECTORANT 60 ML, WOODS EXPECTORANT 100 ML, FATIGON SPIRIT BOX 10X6S, ENTROSTOP 10'S, PROMAG TABLET
125031531;Maret 22, 2025;KOMIX J.NIPIS G-FORMULA B, KOMIX PEPP.G-FORMULA BOX, KOMIX OBH
125031583;Maret 22, 2025;MIXAGRIP FLU &BATUK PE, MIXAGRIP FLU KAPLET 25X4
125031585;Maret 22, 2025;PROMAG HERBAL 15 ML, PROMAG TABLET
125031596;Maret 22, 2025;FATIGON SPIRIT BOX 10X6S, SAKATONIK ABC ANTARIKSA 30 TAB, SAKATONIK ABC STRAW 30TAB, SKT ABC CURCUMA MADU
125031604;Maret 22, 2025;MIXAGRIP FLU KAPLET 25X4, PROCOLD FLU PE
125031607;Maret 22, 2025;EXTRA JOSS SPORT GEL 2 TB, KOMIX HERBAL 15 ML, EXTRA JOSS ACTIVE 6 SCH
125031628;Maret 24, 2025;PROMAG SUSPENSI BTL 60 ML, PROMAG TABLET
125031636;Maret 24, 2025;BEJO JAHE MERAH HERBAL 12 SC, WAISAN NEW FORMULA  /LUSIN, KALPANAX SALEP 6G/12, FATIGON SPIRIT BOX 10X6S
125031637;Maret 24, 2025;BEJO JAHE MERAH HERBAL 12 SC, KOMIX HERBAL JERUK NIPIS, KOMIX HERBAL ORI PACK, KOMIX HERBAL PEPPERMINT, PROMAG HERBAL 15 ML, MIXAGRIP HERBAL GREGES, SAKATONIK ACTIV MULTIVIT ZAT BESI - KAPLET 6S
125031646;Maret 24, 2025;SAKATONIK ABC ORANGE 30TAB, SKT ABC CURCUMA MADU
125031649;Maret 24, 2025;PROMAG HERBAL 15 ML, WOODS EXPECTORANT 100 ML
125031655;Maret 24, 2025;PROMAG HERBAL 15 ML, PROMAG TABLET
125031663;Maret 24, 2025;FATIGON KAPLET 10X6S, FATIGON SPIRIT BOX 10X6S, MIXAGRIP FLU KAPLET 25X4, PROCOLD FLU PE
125031675;Maret 24, 2025;ENTROSTOP 10'S, PROCOLD FLU BATUK PE
125031688;Maret 24, 2025;KALPANAX K CREAM 5 GR, WOODS EXPECTORANT 60 ML, WOODS EXPECTORANT 100 ML
125031690;Maret 24, 2025;PROMAG TABLET, SAKATONIK ABC STRAW 30TAB, SAKATONIK ABC ANGGUR30TAB, SAKATONIK ABC ORANGE 30TAB
125031698;Maret 24, 2025;KOMIX HERBAL ORI PACK, FATIGON SPIRIT BOX 10X6S, ENTROSTOP 10'S
125031702;Maret 24, 2025;SKT ACTIV SIRUP 100 ML, FATIGON SPIRIT BOX 10X6S, WOODS LOZENGES 6'S
125031710;Maret 24, 2025;KALPANAX SALEP 6G/12, FATIGON KAPLET 10X6S, FATIGON SPIRIT BOX 10X6S
125031714;Maret 24, 2025;KALPANAX K CREAM 5 GR, KALPANAX KRIM 10 GR
125031715;Maret 24, 2025;PUYER OSK BT NO.16/BOX, WOODS EXPECTORANT 60 ML
125031718;Maret 24, 2025;PUYER OSK BT NO.16/BOX, WAISAN NEW FORMULA  /LUSIN, KALPANAX K CREAM 5 GR, KALPANAX SALEP 6G/12, ENTROSTOP 10'S
125031719;Maret 24, 2025;KALPANAX K CREAM 5 GR, KOMIX OBH PE, FATIGON SPIRIT BOX 10X6S
125031720;Maret 24, 2025;WOODS EXPECTORANT 60 ML, WOODS EXPECTORANT 100 ML
125031725;Maret 24, 2025;BEJO JAHE MERAH HERBAL 12 SC, KALPANAX K CREAM 5 GR, KALPANAX KRIM 10 GR
125031732;Maret 24, 2025;WOODS LOZENGES CHERRY 6'S, WOODS LOZ HONEY LEMON
125031733;Maret 24, 2025;PROMAG HERBAL 15 ML, WOODS EXPECTORANT 100 ML
125031749;Maret 24, 2025;SKT ACTIV SIRUP 100 ML, WOODS LOZENGES 6'S
125031750;Maret 24, 2025;SAKATONIK ABC STRAW 30TAB, SAKATONIK ABC ANGGUR30TAB
125031752;Maret 24, 2025;CEREBROFORT GOLD STRAWBERY, KOMIX HERBAL ORI PACK, B7 SLASI JERUK NIPIS 12'S, EXTRA JOSS ACTIVE 12SCH
125031759;Maret 24, 2025;PROMAG TABLET, SAKATONIK ABC ANGGUR30TAB
125031762;Maret 24, 2025;WOODS EXPECTORANT 60 ML, SAKATONIK ABC ANTARIKSA 30 TAB
125031776;Maret 24, 2025;WOODS LOZENGES ORANGE VITAMIN C, WOODS LOZENGES LEMON VITAMIN C
125031783;Maret 24, 2025;WAISAN NEW FORMULA  /LUSIN, KALPANAX SALEP 6G/12
125031786;Maret 24, 2025;WOODS EXPECTORANT 60 ML, SAKATONIK ABC ANTARIKSA 30 TAB
125031788;Maret 24, 2025;PROMAG SUSPENSI 10ML/6, SAKATONIK ABC ANTARIKSA 30 TAB, SAKATONIK ABC ANGGUR30TAB
125031791;Maret 24, 2025;KOMIX HERBAL 15 ML, MIXAGRIP HERBAL GREGES, PROMAG SUSPENSI BTL 60 ML, WOODS EXPECTORANT 60 ML, FATIGON SPIRIT BOX 10X6S, PROMAG TABLET, SAKATONIK ABC STRAW 30TAB, SAKATONIK ABC ANGGUR30TAB, SAKATONIK ABC ORANGE 30TAB
125031794;Maret 24, 2025;CEREBROFORT MG MGA SCH, CEREBROFORT MG JRK SCH, CEREBROFORT MG STRAW SCH
125031799;Maret 24, 2025;KOMIX HERBAL 15 ML, PROMAG HERBAL 15 ML, ENTROSTOP 10'S, SKT ABC CURCUMA MADU
125031800;Maret 24, 2025;FATIGON KAPLET 10X6S, FATIGON SPIRIT BOX 10X6S
125031849;Maret 24, 2025;WOODS LOZENGES CHERRY 6'S, WOODS LOZENGES 6'S, WOODS LOZ HONEY LEMON, WOODS LOZENGES ORANGE VITAMIN C, WOODS LOZENGES LEMON VITAMIN C
125031868;Maret 24, 2025;WOODS COUGH SYR ATT 100ML, WOODS COUGH SYR ATT  60ML
125031886;Maret 24, 2025;ENTROSTOP HERBAL DEWASA 15 ML, ENTROSTOP 10'S, PROMAG TABLET
125031891;Maret 24, 2025;BEJO JAHE MERAH HERBAL 12 SC, KOMIX HERBAL 15 ML, MIXAGRIP HERBAL GREGES, PROMAG HERBAL 15 ML
125031892;Maret 24, 2025;KALPANAX K CREAM 5 GR, KALPANAX KRIM 10 GR, ENTROSTOP HERBAL ANAK, ENTROSTOP 10'S, SAKATONIK ABC ANGGUR30TAB, SAKATONIK ABC ORANGE 30TAB
125031893;Maret 24, 2025;SAKATONIK ABC STRAW 30TAB, SAKATONIK ABC ANGGUR30TAB, SAKATONIK ABC ORANGE 30TAB
125031901;Maret 24, 2025;KALPANAX K CREAM 5 GR, KALPANAX KRIM 10 GR, B7 SLASI JERUK NIPIS 12'S, WOODS EXPECTORANT 60 ML, WOODS EXPECTORANT 100 ML
125031902;Maret 24, 2025;BEJO JAHE MERAH HERBAL 12 SC, KALPANAX KRIM 10 GR
125031904;Maret 24, 2025;WOODS EXPECTORANT 60 ML, WOODS EXPECTORANT 100 ML, PROMAG TABLET
125031906;Maret 24, 2025;KOMIX OBH PE, WOODS EXPECTORANT 60 ML, ENTROSTOP 10'S
125031907;Maret 24, 2025;KALPANAX KRIM 10 GR, ENTROSTOP 10'S
125031917;Maret 24, 2025;KALPANAX K CREAM 5 GR, PROMAG TABLET, WOODS LOZENGES LEMON VITAMIN C
125031920;Maret 24, 2025;FATIGON SPIRIT BOX 10X6S, WOODS LOZENGES CHERRY 6'S, WOODS LOZENGES 6'S, WOODS LOZ HONEY LEMON
125031925;Maret 24, 2025;PROMAG HERBAL 15 ML, WOODS EXPECTORANT 100 ML
125031931;Maret 24, 2025;BEJO JAHE MERAH HERBAL 12 SC, KOMIX HERBAL ORI PACK, MIXAGRIP HERBAL GREGES, PROMAG HERBAL 15 ML, CEREBROFORT MG MGA SCH, CEREBROFORT MG JRK SCH, CEREBROFORT MG STRAW SCH
125031951;Maret 24, 2025;PROMAG TABLET, SAKATONIK ABC STRAW 30TAB
125031952;Maret 24, 2025;MIXAGRIP HERBAL GREGES, WOODS COUGH SYR ATT  60ML, WOODS EXPECTORANT 60 ML
125031958;Maret 24, 2025;KOMIX JAHE G-FORMULA BOX, KOMIX J.NIPIS G-FORMULA B
125031961;Maret 24, 2025;KOMIX HERBAL 15 ML, SKT ABC CURCUMA MADU
125031963;Maret 24, 2025;KALPANAX K CREAM 5 GR, PROMAG SUSPENSI BTL 60 ML
125031974;Maret 24, 2025;KOMIX HERBAL 15 ML, KALPANAX K CREAM 5 GR, WOODS EXPECTORANT 60 ML, ENTROSTOP 10'S
125031982;Maret 24, 2025;BEJO JAHE MERAH HERBAL 12 SC, KOMIX HERBAL ORI PACK, MIXAGRIP HERBAL GREGES, PROMAG HERBAL 15 ML
125031983;Maret 24, 2025;MIXAGRIP HERBAL GREGES, PROMAG HERBAL 15 ML
125031987;Maret 24, 2025;BEJO JAHE MERAH HERBAL 12 SC, KOMIX HERBAL ORI PACK, PROMAG HERBAL 15 ML, MIXAGRIP HERBAL GREGES
125032004;Maret 24, 2025;PROMAG HERBAL 15 ML, SAKATONIK ABC STRAW 30TAB
125032010;Maret 24, 2025;WOODS COUGH SYR ATT 100ML, WOODS COUGH SYR ATT  60ML
125032026;Maret 24, 2025;BEJO JAHE MERAH HERBAL 12 SC, KOMIX HERBAL ORI PACK, PROMAG HERBAL 15 ML, MIXAGRIP HERBAL GREGES
125032031;Maret 24, 2025;MIXAGRIP HERBAL GREGES, EXTRA JOSS ACTIVE 12SCH
125032036;Maret 24, 2025;CEREBROFORT M.G. AGGR SCH, CEREBROFORT MG MGA SCH, CEREBROFORT MG JRK SCH, CEREBROFORT MG STRAW SCH, SAKATONIK ABC ANTARIKSA 30 TAB, SAKATONIK ABC STRAW 30TAB, SAKATONIK ABC ANGGUR30TAB, SAKATONIK ABC ORANGE 30TAB
125032039;Maret 24, 2025;BEJO JAHE MERAH HERBAL 12 SC, KOMIX HERBAL ORI PACK, MIXAGRIP HERBAL GREGES, PROMAG HERBAL 15 ML, SAKATONIK ABC ANGGUR30TAB, SAKATONIK ABC ORANGE 30TAB
125032041;Maret 24, 2025;BEJO JAHE MERAH HERBAL 12 SC, KOMIX HERBAL ORI PACK, MIXAGRIP HERBAL GREGES, PROMAG HERBAL 15 ML
125032059;Maret 24, 2025;KALPANAX K CREAM 5 GR, SKT ABC CURCUMA MADU
125032071;Maret 24, 2025;PROMAG HERBAL 15 ML, SKT ACTIV SIRUP 100 ML, SKT ACTIV SIRUP 300 ML
125032089;Maret 24, 2025;BEJO JAHE MERAH HERBAL 12 SC, KOMIX HERBAL ORI PACK, PROMAG HERBAL 15 ML, MIXAGRIP HERBAL GREGES
125032091;Maret 24, 2025;BEJO JAHE MERAH HERBAL 12 SC, KOMIX HERBAL ORI PACK, MIXAGRIP HERBAL GREGES, PROMAG HERBAL 15 ML
125032092;Maret 24, 2025;BEJO JAHE MERAH HERBAL 12 SC, KOMIX HERBAL ORI PACK, MIXAGRIP HERBAL GREGES, PROMAG HERBAL 15 ML
125032093;Maret 24, 2025;BEJO JAHE MERAH HERBAL 12 SC, KOMIX HERBAL ORI PACK, MIXAGRIP HERBAL GREGES, PROMAG HERBAL 15 ML
125032095;Maret 24, 2025;BEJO JAHE MERAH HERBAL 12 SC, KOMIX HERBAL ORI PACK, MIXAGRIP HERBAL GREGES, PROMAG HERBAL 15 ML
125032096;Maret 24, 2025;BEJO JAHE MERAH HERBAL 12 SC, KOMIX HERBAL ORI PACK, MIXAGRIP HERBAL GREGES, PROMAG HERBAL 15 ML
125032097;Maret 24, 2025;BEJO JAHE MERAH HERBAL 12 SC, MIXAGRIP HERBAL GREGES, PROMAG HERBAL 15 ML
125032102;Maret 24, 2025;BEJO JAHE MERAH HERBAL 12 SC, KOMIX HERBAL ORI PACK, MIXAGRIP HERBAL GREGES, PROMAG HERBAL 15 ML
125032103;Maret 24, 2025;KOMIX HERBAL ORI PACK, MIXAGRIP HERBAL GREGES, PROMAG HERBAL 15 ML
125032111;Maret 24, 2025;BEJO JAHE MERAH HERBAL 12 SC, EXTRA JOSS ACTIVE 12SCH
125032116;Maret 24, 2025;KOMIX JAHE G-FORMULA BOX, KOMIX KID STRAWBERRY PACK, KOMIX J.NIPIS G-FORMULA B, KOMIX HERBAL PEPPERMINT, KOMIX OBH PE
125032118;Maret 24, 2025;KALPANAX K CREAM 5 GR, PROMAG HERBAL 15 ML, CEREBROFORT M.G. AGGR SCH, ENTROSTOP 10'S
125032122;Maret 24, 2025;KALPANAX K CREAM 5 GR, ENTROSTOP HERBAL ANAK, ENTROSTOP 10'S, PROCOLD FLU PE
125032126;Maret 24, 2025;KALPANAX KRIM 10 GR, SKT ACTIV SIRUP 100 ML, SKT ACTIV SIRUP 300 ML
125032128;Maret 24, 2025;PROMAG SUSPENSI 10ML/6, PROMAG TABLET
125032132;Maret 24, 2025;WOODS COUGH SYR ATT 100ML, WOODS COUGH SYR ATT  60ML
125032140;Maret 24, 2025;CEREBROFORT M.G. AGGR SCH, CEREBROFORT MG MGA SCH, CEREBROFORT MG JRK SCH
125032141;Maret 24, 2025;PROMAG HERBAL 15 ML, SAKATONIK ABC ANTARIKSA 30 TAB
125032145;Maret 24, 2025;KALPANAX K CREAM 5 GR, MIXAGRIP FLU KAPLET 25X4
125032146;Maret 24, 2025;KOMIX OBH PE, WOODS EXPECTORANT 60 ML
125032147;Maret 24, 2025;MIXAGRIP HERBAL GREGES, PROMAG HERBAL 15 ML
125032150;Maret 24, 2025;BEJO JAHE MERAH HERBAL 12 SC, KOMIX HERBAL ORI PACK, MIXAGRIP HERBAL GREGES, PROMAG HERBAL 15 ML, SKT ABC CURCUMA MADU
125032158;Maret 25, 2025;KOMIX HERBAL JERUK NIPIS, KOMIX HERBAL 15 ML, KOMIX HERBAL ORI PACK, KOMIX OBH PE
125032159;Maret 25, 2025;PUYER OSK BT NO.16/BOX, KALPANAX SALEP 6G/12, PROMAG HERBAL 15 ML
125032160;Maret 25, 2025;KALPANAX SALEP 6G/12, BEJO JAHE MERAH HERBAL 12 SC, CEREBROFORT GOLD STRAWBERY, PROMAG HERBAL 15 ML, SAKATONIK ABC ANTARIKSA 30 TAB
125032164;Maret 25, 2025;KALPANAX SALEP 6G/12, PROMAG SUSPENSI BTL 60 ML, SAKATONIK ABC ANTARIKSA 30 TAB, SAKATONIK ABC ANGGUR30TAB, SAKATONIK ABC ORANGE 30TAB
125032168;Maret 25, 2025;SAKATONIK ABC STRAW 30TAB, SAKATONIK ABC ANGGUR30TAB, SAKATONIK ABC ORANGE 30TAB
125032170;Maret 25, 2025;PROMAG SUSPENSI 10ML/6, PUYER OSK BT NO.16/BOX, SAKATONIK ABC STRAW 30TAB, SAKATONIK ABC ORANGE 30TAB
125032173;Maret 25, 2025;KOMIX HERBAL JERUK NIPIS, KOMIX HERBAL ORI PACK
125032193;Maret 25, 2025;SKT ACTIV SIRUP 100 ML, FATIGON KAPLET 10X6S
125032203;Maret 25, 2025;PROMAG HERBAL 15 ML, ENTROSTOP 10'S
125032208;Maret 25, 2025;BEJO JAHE MERAH HERBAL 12 SC, KOMIX HERBAL ORI PACK, MIXAGRIP HERBAL GREGES, PROMAG HERBAL 15 ML, CEREBROFORT MG MGA SCH, CEREBROFORT MG JRK SCH
125032209;Maret 25, 2025;BEJO JAHE MERAH HERBAL 12 SC, KOMIX HERBAL ORI PACK, PROMAG HERBAL 15 ML, B7 SLASI JERUK NIPIS 12'S, EXTRA JOSS ACTIVE 12SCH, MIXAGRIP HERBAL GREGES
125032236;Maret 25, 2025;WOODS EXPECTORANT 60 ML, WOODS EXPECTORANT 100 ML
125032266;Maret 25, 2025;KOMIX J.NIPIS G-FORMULA B, KOMIX PEPP.G-FORMULA BOX
125032270;Maret 25, 2025;PROMAG HERBAL 15 ML, PROMAG TABLET
125032281;Maret 25, 2025;ENTROSTOP HERBAL ANAK, KOMIX HERBAL JERUK NIPIS, KOMIX HERBAL ORI PACK, KOMIX HERBAL PEPPERMINT, ENTROSTOP 10'S, FATIGON KAPLET 10X6S, FATIGON SPIRIT BOX 10X6S
125032287;Maret 25, 2025;PROMAG SUSPENSI BTL 60 ML, PROMAG SUSPENSI 10ML/6, PROMAG TABLET
125032290;Maret 25, 2025;KALPANAX K CREAM 5 GR, KALPANAX KRIM 10 GR, WOODS EXPECTORANT 100 ML
125032293;Maret 25, 2025;PROMAG SUSPENSI BTL 60 ML, PROMAG HERBAL 15 ML, PROMAG TABLET
125032294;Maret 25, 2025;WOODS EXPECTORANT 60 ML, WOODS EXPECTORANT 100 ML, PROCOLD FLU PE
125032304;Maret 25, 2025;WOODS COUGH SYR ATT 100ML, WOODS COUGH SYR ATT  60ML, MIXAGRIP FLU &BATUK PE
125032326;Maret 25, 2025;SAKATONIK ABC STRAW 30TAB, SAKATONIK ABC ANGGUR30TAB
125032334;Maret 25, 2025;CEREBROFORT MG MGA SCH, CEREBROFORT MG JRK SCH, CEREBROFORT MG STRAW SCH, SAKATONIK ABC ANTARIKSA 30 TAB, SAKATONIK ABC STRAW 30TAB, SAKATONIK ABC ORANGE 30TAB, SKT ABC CURCUMA MADU, WOODS LOZENGES CHERRY 6'S, WOODS LOZENGES 6'S, WOODS LOZ HONEY LEMON, XONCE TAB BOX 50'S
125032356;Maret 25, 2025;SKT ACTIV SIRUP 100 ML, PROMAG TABLET
125032372;Maret 25, 2025;KALPANAX SALEP 6G/12, BEJO JAHE MERAH HERBAL 12 SC, CEREBROFORT GOLD ORANGE 100 ML, CEREBROFORT GOLD STRAWBERY, KOMIX HERBAL ORI PACK, PROMAG HERBAL 15 ML
125032375;Maret 25, 2025;KOMIX HERBAL 15 ML, KOMIX HERBAL ORI PACK, KOMIX OBH PE, MIXAGRIP FLU KAPLET 25X4, PROMAG TABLET
125032379;Maret 25, 2025;BEJO JAHE MERAH HERBAL 6S MT, SAKATONIK ABC ANTARIKSA 30 TAB
125032380;Maret 25, 2025;PROMAG SUSPENSI BTL 60 ML, WOODS EXPECTORANT 60 ML
125032402;Maret 25, 2025;KALPANAX K CREAM 5 GR, PROMAG TABLET
125032421;Maret 25, 2025;KALPANAX SALEP 6G/12, MIXAGRIP HERBAL GREGES, PROMAG HERBAL 15 ML, WOODS NATURALS SYR 60 ML, CEREBROFORT M.G. AGGR SCH, FATIGON SPIRIT BOX 10X6S, SAKATONIK ABC STRAW 30TAB, SKT ABC CURCUMA MADU
125032426;Maret 25, 2025;KOMIX HERBAL 15 ML, KOMIX HERBAL ORI PACK
125032429;Maret 25, 2025;WOODS LOZENGES 6'S, WOODS LOZENGES LEMON VITAMIN C
125032445;Maret 25, 2025;BEJO JAHE MERAH HERBAL 12 SC, KOMIX HERBAL ORI PACK, MIXAGRIP HERBAL GREGES, PROMAG HERBAL 15 ML, SAKATONIK ABC ANGGUR30TAB, SAKATONIK ABC ORANGE 30TAB, WOODS LOZENGES 6'S
125032459;Maret 25, 2025;KALPANAX K CREAM 5 GR, BEJO JAHE MERAH HERBAL 12 SC, PROMAG HERBAL 15 ML, PROMAG TABLET, SKT ACTIV SIRUP 100 ML, WOODS EXPECTORANT 60 ML, CEREBROFORT MG JRK SCH, CEREBROFORT MG STRAW SCH, SAKATONIK ABC ANGGUR30TAB, SAKATONIK ABC ORANGE 30TAB, WOODS LOZENGES CHERRY 6'S, WOODS LOZENGES 6'S
125032461;Maret 25, 2025;PUYER OSK BT NO.16/BOX, WOODS EXPECTORANT 60 ML, WOODS EXPECTORANT 100 ML
125032463;Maret 25, 2025;BEJO JAHE MERAH HERBAL 6S MT, BEJO JAHE MERAH HERBAL 12 SC, KALPANAX SALEP 6G/12, SKT ACTIV SIRUP 100 ML, SKT ACTIV SIRUP 300 ML, WOODS EXPECTORANT 60 ML, SAKATONIK ABC ANGGUR30TAB
125032474;Maret 25, 2025;CEREBROFORT GOLD ORANGE 100 ML, CEREBROFORT GOLD ORANGE 200 ML, CEREBROFORT GOLD STRAWBERY, PROMAG TABLET
125032549;Maret 25, 2025;MIXAGRIP HERBAL GREGES, EXTRA JOSS ACTIVE 12SCH
125032550;Maret 25, 2025;MIXAGRIP HERBAL GREGES, EXTRA JOSS ACTIVE 12SCH
125032553;Maret 25, 2025;BEJO JAHE MERAH HERBAL 12 SC, EXTRA JOSS ACTIVE 12SCH
125032586;Maret 25, 2025;BEJO JAHE MERAH HERBAL 12 SC, KOMIX HERBAL 15 ML
125032587;Maret 25, 2025;KALPANAX K CREAM 5 GR, KALPANAX SALEP 6G/12, ENTROSTOP HERBAL ANAK, PROMAG HERBAL 15 ML, SKT ACTIV SIRUP 300 ML, WOODS EXPECTORANT 60 ML, ENTROSTOP 10'S, SAKATONIK ABC STRAW 30TAB
125032590;Maret 25, 2025;WOODS EXPECTORANT 60 ML, WOODS EXPECTORANT 100 ML
125032606;Maret 25, 2025;FATIGON KAPLET 10X6S, FATIGON SPIRIT BOX 10X6S
125032611;Maret 25, 2025;PROMAG HERBAL 15 ML, PROMAG TABLET
125032618;Maret 25, 2025;PUYER OSK BT NO.16/BOX, KALPANAX K CREAM 5 GR, PROMAG TABLET
125032627;Maret 25, 2025;WOODS LOZENGES CHERRY 6'S, WOODS LOZENGES 6'S, WOODS LOZ HONEY LEMON
125032661;Maret 25, 2025;KOMIX JAHE G-FORMULA BOX, KOMIX J.NIPIS G-FORMULA B, KOMIX PEPP.G-FORMULA BOX
125032662;Maret 25, 2025;KOMIX JAHE G-FORMULA BOX, KOMIX J.NIPIS G-FORMULA B, KOMIX OBH
125032679;Maret 25, 2025;SAKATONIK ACTIV MULTIVIT ZAT BESI - KAPLET 6S, SAKATONIK ABC STRAW 30TAB
125032680;Maret 25, 2025;SAKATONIK ACTIV MULTIVIT ZAT BESI - KAPLET 6S, SAKATONIK ABC STRAW 30TAB
125032696;Maret 25, 2025;WOODS COUGH SYR ATT 100ML, WOODS COUGH SYR ATT  60ML
125032705;Maret 25, 2025;KOMIX HERBAL 15 ML, CEREBROFORT GOLD ORANGE 100 ML, CEREBROFORT GOLD STRAWBERY
125032742;Maret 25, 2025;PROMAG SUSPENSI BTL 60 ML, PROMAG TABLET
125032743;Maret 25, 2025;PROMAG SUSPENSI BTL 60 ML, PROMAG SUSPENSI 10ML/6
125032749;Maret 25, 2025;WOODS EXPECTORANT 60 ML, WOODS LOZ HONEY LEMON
125032754;Maret 25, 2025;PROMAG HERBAL 15 ML, PROMAG TABLET
125032757;Maret 25, 2025;WOODS EXPECTORANT 60 ML, WOODS EXPECTORANT 100 ML, FATIGON KAPLET 10X6S, FATIGON SPIRIT BOX 10X6S, WOODS LOZENGES 6'S
125032761;Maret 25, 2025;BEJO JAHE MERAH HERBAL 12 SC, EXTRA JOSS ACTIVE 12SCH, MIXAGRIP HERBAL GREGES, PROMAG HERBAL 15 ML
125032762;Maret 25, 2025;BEJO JAHE MERAH HERBAL 12 SC, KOMIX HERBAL ORI PACK, ENTROSTOP HERBAL ANAK, MIXAGRIP HERBAL GREGES, PROMAG HERBAL 15 ML, WOODS NATURALS SYR 60 ML, WOODS LOZENGES 6'S
125032775;Maret 25, 2025;BEJO JAHE MERAH HERBAL 12 SC, KOMIX HERBAL ORI PACK, EXTRA JOSS GO RASA ANGGUR, EXTRA JOSS MANGGA LAKI, ENTROSTOP HERBAL ANAK, MIXAGRIP HERBAL GREGES, PROMAG HERBAL 15 ML, WOODS NATURALS SYR 60 ML, WOODS LOZENGES CHERRY 6'S, WOODS LOZENGES 6'S
125032776;Maret 25, 2025;BEJO JAHE MERAH HERBAL 12 SC, KOMIX HERBAL ORI PACK, MIXAGRIP HERBAL GREGES, PROMAG HERBAL 15 ML
125032827;Maret 25, 2025;ENTROSTOP HERBAL ANAK, SAKATONIK ABC STRAW 30TAB, SAKATONIK ABC ANGGUR30TAB
125032828;Maret 25, 2025;CEREBROFORT GOLD ORANGE 100 ML, CEREBROFORT GOLD STRAWBERY, CEREBROFORT M.G. AGGR SCH, CEREBROFORT MG MGA SCH, CEREBROFORT MG STRAW SCH, SAKATONIK ABC ANTARIKSA 30 TAB, SAKATONIK ABC STRAW 30TAB, SAKATONIK ABC ANGGUR30TAB, SKT ABC CURCUMA MADU
125032834;Maret 25, 2025;SAKATONIK ABC STRAW 30TAB, SAKATONIK ABC ANGGUR30TAB, SAKATONIK ABC ORANGE 30TAB
125032858;Maret 26, 2025;BEJO ANAK JAHE MERAH 5S, BEJO JAHE MERAH HERBAL 12 SC, KOMIX HERBAL JERUK NIPIS, ENTROSTOP 10'S, PROMAG TABLET
125032859;Maret 26, 2025;KOMIX OBH PE, SKT ACTIV SIRUP 300 ML
125032866;Maret 26, 2025;KALPANAX K CREAM 5 GR, KALPANAX KRIM 10 GR, PROCOLD FLU PE, SAKATONIK ABC STRAW 30TAB, SAKATONIK ABC ANGGUR30TAB, SAKATONIK ABC ORANGE 30TAB
125032900;Maret 26, 2025;PROMAG HERBAL 15 ML, PROMAG TABLET, SKT ACTIV SIRUP 300 ML, SAKATONIK ABC ANTARIKSA 30 TAB, SAKATONIK ABC STRAW 30TAB, SAKATONIK ABC ANGGUR30TAB, SAKATONIK ABC ORANGE 30TAB
125032901;Maret 26, 2025;KALPANAX K CREAM 5 GR, ENTROSTOP HERBAL ANAK
125032931;Maret 26, 2025;PROMAG SUSPENSI BTL 60 ML, PROMAG HERBAL 15 ML, ENTROSTOP 10'S, PROMAG TABLET, FATIGON SPIRIT BOX 10X6S
125032947;Maret 26, 2025;PROMAG HERBAL 15 ML, PROMAG TABLET
125032949;Maret 26, 2025;CEREBROFORT GOLD ORANGE 100 ML, CEREBROFORT GOLD STRAWBERY, ENTROSTOP HERBAL ANAK, WOODS EXPECTORANT 60 ML, ENTROSTOP 10'S, PROMAG TABLET, SAKATONIK ABC ANTARIKSA 30 TAB, SAKATONIK ABC STRAW 30TAB, SAKATONIK ABC ANGGUR30TAB, SAKATONIK ABC ORANGE 30TAB
125032966;Maret 26, 2025;KOMIX OBH PE, WAISAN NEW FORMULA  /LUSIN
125032967;Maret 26, 2025;WOODS EXPECTORANT 60 ML, WOODS EXPECTORANT 100 ML, SAKATONIK ABC STRAW 30TAB, SAKATONIK ABC ANGGUR30TAB
125033005;Maret 26, 2025;BEJO JAHE MERAH HERBAL 12 SC, FATIGON SPIRIT BOX 10X6S
125033043;Maret 26, 2025;KOMIX HERBAL 15 ML, CEREBROFORT GOLD STRAWBERY
125033044;Maret 26, 2025;ENTROSTOP 10'S, SKT ABC CURCUMA MADU
125033054;Maret 26, 2025;MIXAGRIP FLU &BATUK PE, PROCOLD FLU BATUK PE
125033069;Maret 26, 2025;CEREBROFORT GOLD ORANGE 100 ML, CEREBROFORT GOLD ORANGE 200 ML, FATIGON SPIRIT BOX 10X6S
125033070;Maret 26, 2025;PROMAG SUSPENSI 10ML/6, PROMAG HERBAL 15 ML, PROCOLD FLU PE, PROMAG TABLET
125033073;Maret 26, 2025;CEREBROFORT M.G. AGGR SCH, CEREBROFORT MG STRAW SCH, WOODS LOZ HONEY LEMON
125033097;Maret 26, 2025;ENTROSTOP HERBAL ANAK, WOODS EXPECTORANT 60 ML
125033098;Maret 26, 2025;WOODS EXPECTORANT 60 ML, ENTROSTOP 10'S
125033104;Maret 26, 2025;SAKATONIK ABC ANTARIKSA 30 TAB, SAKATONIK ABC STRAW 30TAB, SAKATONIK ABC ORANGE 30TAB
125033106;Maret 26, 2025;ENTROSTOP 10'S, PROMAG TABLET
125033108;Maret 26, 2025;PROMAG HERBAL 15 ML, PROCOLD FLU PE
125033114;Maret 26, 2025;BEJO JAHE MERAH HERBAL 12 SC, KOMIX HERBAL ORI PACK, EXTRA JOSS ACTIVE 12SCH, MIXAGRIP HERBAL GREGES, PROMAG HERBAL 15 ML
125033117;Maret 26, 2025;BEJO JAHE MERAH HERBAL 12 SC, KOMIX HERBAL ORI PACK, PROMAG HERBAL 15 ML, MIXAGRIP HERBAL GREGES
125033147;Maret 26, 2025;BEJO JAHE MERAH HERBAL 12 SC, KOMIX HERBAL ORI PACK, MIXAGRIP HERBAL GREGES, PROMAG HERBAL 15 ML, CEREBROFORT MG MGA SCH, CEREBROFORT MG JRK SCH, CEREBROFORT MG STRAW SCH, SAKATONIK ABC ORANGE 30TAB
125033148;Maret 26, 2025;BEJO JAHE MERAH HERBAL 12 SC, KOMIX HERBAL ORI PACK, MIXAGRIP HERBAL GREGES, PROMAG HERBAL 15 ML
125033149;Maret 26, 2025;BEJO JAHE MERAH HERBAL 12 SC, KOMIX HERBAL ORI PACK, MIXAGRIP HERBAL GREGES, PROMAG HERBAL 15 ML
125033150;Maret 26, 2025;BEJO JAHE MERAH HERBAL 12 SC, KOMIX HERBAL ORI PACK, MIXAGRIP HERBAL GREGES, PROMAG HERBAL 15 ML
125033152;Maret 26, 2025;BEJO JAHE MERAH HERBAL 12 SC, KOMIX HERBAL ORI PACK, ENTROSTOP HERBAL ANAK, MIXAGRIP HERBAL GREGES, PROMAG HERBAL 15 ML, CEREBROFORT MG MGA SCH, CEREBROFORT MG JRK SCH, WOODS LOZENGES CHERRY 6'S, WOODS LOZ HONEY LEMON
125033153;Maret 26, 2025;BEJO JAHE MERAH HERBAL 12 SC, KOMIX HERBAL ORI PACK, PROMAG HERBAL 15 ML, MIXAGRIP HERBAL GREGES
125033154;Maret 26, 2025;BEJO JAHE MERAH HERBAL 12 SC, KOMIX HERBAL ORI PACK, MIXAGRIP HERBAL GREGES, PROMAG HERBAL 15 ML
125033155;Maret 26, 2025;BEJO JAHE MERAH HERBAL 12 SC, KOMIX HERBAL ORI PACK, MIXAGRIP HERBAL GREGES, PROMAG HERBAL 15 ML
125033169;Maret 26, 2025;KOMIX HERBAL JAHE, KOMIX HERBAL JERUK NIPIS, KOMIX HERBAL ORI PACK, EXTRA JOSS MANGGA LAKI
125033171;Maret 26, 2025;KOMIX HERBAL ORI PACK, MIXAGRIP HERBAL GREGES, SKT ACTIV SIRUP 100 ML, MIXAGRIP FLU &BATUK PE, PROCOLD FLU PE, PROMAG TABLET
125033178;Maret 26, 2025;KOMIX KID STRAWBERRY PACK, KOMIX KID OBH PE
125033179;Maret 26, 2025;KOMIX HERBAL 15 ML, PROMAG TABLET
125033180;Maret 26, 2025;KOMIX HERBAL 15 ML, ENTROSTOP HERBAL ANAK
125033181;Maret 26, 2025;KALPANAX K CREAM 5 GR, KALPANAX KRIM 10 GR
125033186;Maret 26, 2025;KOMIX JAHE G-FORMULA BOX, KOMIX J.NIPIS G-FORMULA B, KOMIX PEPP.G-FORMULA BOX, WOODS COUGH SYR ATT  60ML
125033207;Maret 26, 2025;BEJO JAHE MERAH HERBAL 12 SC, KOMIX HERBAL ORI PACK, MIXAGRIP HERBAL GREGES, PROMAG HERBAL 15 ML, WOODS COUGH SYR ATT  60ML, WOODS EXPECTORANT 60 ML
125033213;Maret 26, 2025;KOMIX HERBAL PEPPERMINT, EXTRA JOSS ACTIVE 12SCH
125033215;Maret 26, 2025;B7 SLASI JERUK NIPIS 12'S, PROMAG SUSPENSI BTL 60 ML, PROMAG TABLET
125033216;Maret 26, 2025;KALPANAX K CREAM 5 GR, KALPANAX KRIM 10 GR
125033218;Maret 26, 2025;CEREBROFORT GOLD ORANGE 100 ML, PROMAG HERBAL 15 ML
125033219;Maret 26, 2025;BEJO JAHE MERAH HERBAL 12 SC, KOMIX HERBAL JAHE, KOMIX HERBAL JERUK NIPIS, KOMIX OBH PE
125033229;Maret 26, 2025;WOODS COUGH SYR ATT 100ML, WOODS EXPECTORANT 60 ML
125033230;Maret 26, 2025;KOMIX PEPP.G-FORMULA BOX, ENTROSTOP 10'S
125033248;Maret 26, 2025;EXTRA JOSS ACTIVE 12SCH, PROMAG HERBAL 15 ML
125033250;Maret 26, 2025;BEJO JAHE MERAH HERBAL 12 SC, KOMIX HERBAL ORI PACK, MIXAGRIP HERBAL GREGES, PROMAG HERBAL 15 ML
125033256;Maret 26, 2025;KOMIX HERBAL JERUK NIPIS, KOMIX HERBAL ORI PACK, MIXAGRIP HERBAL GREGES, PROMAG HERBAL 15 ML
125033290;Maret 26, 2025;KOMIX HERBAL ORI PACK, KOMIX OBH PE, PROMAG TABLET, SAKATONIK ABC ANTARIKSA 30 TAB, SAKATONIK ABC ANGGUR30TAB
125033291;Maret 26, 2025;KALPANAX K CREAM 5 GR, SKT ACTIV SIRUP 300 ML
125033295;Maret 26, 2025;KOMIX HERBAL 15 ML, KOMIX HERBAL ORI PACK, PROMAG HERBAL 15 ML
125033296;Maret 26, 2025;PROMAG SUSPENSI 10ML/6, PROMAG HERBAL 15 ML, PROMAG TABLET
125033303;Maret 26, 2025;KALPANAX SALEP 6G/12, CEREBROFORT GOLD ORANGE 100 ML, CEREBROFORT GOLD STRAWBERY
125033312;Maret 26, 2025;WOODS COUGH SYR ATT 100ML, WOODS COUGH SYR ATT  60ML
125033320;Maret 26, 2025;PROMAG HERBAL 15 ML, SAKATONIK ABC ANTARIKSA 30 TAB, SAKATONIK ABC ANGGUR30TAB
125033321;Maret 26, 2025;KOMIX HERBAL JAHE, KOMIX HERBAL 15 ML
125033329;Maret 26, 2025;CEREBROFORT GOLD ORANGE 100 ML, SAKATONIK ABC ORANGE 30TAB
125033360;Maret 26, 2025;BEJO JAHE MERAH HERBAL 12 SC, KOMIX HERBAL 15 ML, MIXAGRIP HERBAL GREGES, PROMAG HERBAL 15 ML
125033392;Maret 26, 2025;ENTROSTOP HERBAL ANAK, B7 SLASI JERUK NIPIS 12'S, EXTRA JOSS ACTIVE 12SCH, FATIGON SPIRIT BOX 10X6S
125033404;Maret 26, 2025;BEJO ANAK JAHE MERAH 5S, BEJO JAHE MERAH HERBAL 12 SC, B7 SLASI JERUK NIPIS 12'S
125033412;Maret 26, 2025;PUYER OSK BT NO.16/BOX, CEREBROFORT GOLD ORANGE 100 ML, CEREBROFORT GOLD STRAWBERY, PROCOLD FLU PE
125033415;Maret 26, 2025;KOMIX J.NIPIS G-FORMULA B, KOMIX PEPP.G-FORMULA BOX, WOODS COUGH SYR ATT  60ML, MIXAGRIP FLU &BATUK PE
125033417;Maret 26, 2025;KOMIX KID STRAWBERRY PACK, KOMIX KID OBH PE
125033418;Maret 26, 2025;KOMIX JAHE G-FORMULA BOX, KOMIX J.NIPIS G-FORMULA B
125033457;Maret 26, 2025;PROMAG SUSPENSI 10ML/6, PROMAG TABLET, SAKATONIK ABC ANGGUR30TAB
125033459;Maret 26, 2025;KALPANAX K CREAM 5 GR, KALPANAX KRIM 10 GR, XONCE TAB BOX 50'S
125033478;Maret 26, 2025;PUYER OSK BT NO.16/BOX, PROCOLD FLU PE
125033484;Maret 26, 2025;WOODS NATURALS SYR 60 ML, WOODS LOZENGES 6'S
125033524;Maret 27, 2025;WOODS COUGH SYR ATT  60ML, PROCOLD FLU BATUK PE
125033525;Maret 27, 2025;SKT ACTIV SIRUP 100 ML, SKT ACTIV SIRUP 300 ML
125033527;Maret 27, 2025;PROMAG HERBAL 15 ML, PROMAG TABLET
125033536;Maret 27, 2025;ENTROSTOP HERBAL ANAK, PROMAG SUSPENSI BTL 60 ML, PROMAG HERBAL 15 ML, SKT ACTIV SIRUP 100 ML, SKT ACTIV SIRUP 300 ML, WOODS NATURALS SYR 60 ML, CEREBROFORT M.G. AGGR SCH, ENTROSTOP 10'S, PROCOLD FLU PE, WOODS LOZENGES CHERRY 6'S, WOODS LOZENGES ORANGE VITAMIN C
125033541;Maret 27, 2025;ENTROSTOP 10'S, PROCOLD FLU PE, PROMAG TABLET
125033542;Maret 27, 2025;BEJO JAHE MERAH HERBAL 12 SC, KOMIX HERBAL ORI PACK, MIXAGRIP HERBAL GREGES, PROMAG HERBAL 15 ML
125033549;Maret 27, 2025;KOMIX OBH PE, PROMAG TABLET, WOODS LOZENGES 6'S
125033562;Maret 27, 2025;BEJO JAHE MERAH HERBAL 12 SC, KOMIX HERBAL ORI PACK, MIXAGRIP HERBAL GREGES, PROMAG HERBAL 15 ML
125033570;Maret 27, 2025;ENTROSTOP 10'S, PROMAG TABLET
125033593;Maret 27, 2025;PUYER OSK BT NO.16/BOX, FATIGON KAPLET 10X6S, FATIGON SPIRIT BOX 10X6S
125033598;Maret 27, 2025;BEJO JAHE MERAH HERBAL 12 SC, KOMIX HERBAL ORI PACK, MIXAGRIP HERBAL GREGES, PROMAG HERBAL 15 ML
125033599;Maret 27, 2025;BEJO JAHE MERAH HERBAL 12 SC, KOMIX HERBAL ORI PACK, MIXAGRIP HERBAL GREGES, PROMAG HERBAL 15 ML
125033630;Maret 27, 2025;KOMIX HERBAL JERUK NIPIS, KOMIX HERBAL 15 ML, KOMIX HERBAL ORI PACK, KOMIX HERBAL PEPPERMINT
125033638;Maret 27, 2025;BEJO JAHE MERAH HERBAL 12 SC, PUYER OSK BT NO.16/BOX, PROMAG TABLET
125033649;Maret 27, 2025;BEJO JAHE MERAH HERBAL 12 SC, KOMIX HERBAL ORI PACK, MIXAGRIP HERBAL GREGES, PROMAG HERBAL 15 ML, CEREBROFORT MG MGA SCH, CEREBROFORT MG JRK SCH, CEREBROFORT MG STRAW SCH, CEREBROFORT M.G. TROPICAL FRUIT
125033650;Maret 27, 2025;BEJO JAHE MERAH HERBAL 12 SC, KOMIX HERBAL ORI PACK, MIXAGRIP HERBAL GREGES, PROMAG HERBAL 15 ML, CEREBROFORT MG MGA SCH, CEREBROFORT MG JRK SCH, CEREBROFORT MG STRAW SCH, SAKATONIK ABC ORANGE 30TAB
125033690;Maret 27, 2025;PUYER OSK BT NO.16/BOX, WOODS EXPECTORANT 60 ML
125033691;Maret 27, 2025;KALPANAX K CREAM 5 GR, KALPANAX KRIM 10 GR, PROMAG TABLET
125033692;Maret 27, 2025;KOMIX HERBAL 15 ML, KOMIX OBH PE
125033693;Maret 27, 2025;KOMIX HERBAL JAHE, KOMIX HERBAL ORI PACK, SKT ACTIV SIRUP 100 ML, PROCOLD FLU PE
125033708;Maret 27, 2025;WOODS COUGH SYR ATT  60ML, MIXAGRIP FLU &BATUK PE, PROCOLD FLU BATUK PE
125033726;Maret 27, 2025;WOODS COUGH SYR ATT 100ML, WOODS COUGH SYR ATT  60ML
125033727;Maret 27, 2025;WOODS COUGH SYR ATT 100ML, WOODS COUGH SYR ATT  60ML
125033729;Maret 27, 2025;PUYER OSK BT NO.16/BOX, PROMAG HERBAL 15 ML
125033735;Maret 27, 2025;BEJO JAHE MERAH HERBAL 12 SC, KOMIX HERBAL 15 ML, CEREBROFORT GOLD ORANGE 100 ML, WOODS EXPECTORANT 60 ML, SAKATONIK ABC ANTARIKSA 30 TAB, SAKATONIK ABC STRAW 30TAB, SAKATONIK ABC ORANGE 30TAB, SKT ABC CURCUMA MADU
125033746;Maret 27, 2025;WOODS EXPECTORANT 60 ML, WOODS EXPECTORANT 100 ML
125033755;Maret 27, 2025;PROMAG SUSPENSI 10ML/6, PROMAG HERBAL 15 ML
125033756;Maret 27, 2025;WOODS COUGH SYR ATT 100ML, WOODS COUGH SYR ATT  60ML
125033764;Maret 27, 2025;WOODS NATURALS SYR 60 ML, FATIGON SPIRIT BOX 10X6S
125033765;Maret 27, 2025;KALPANAX K CREAM 5 GR, PROMAG TABLET
125033780;Maret 27, 2025;ENTROSTOP 10'S, SKT ABC CURCUMA MADU
125033798;Maret 27, 2025;WOODS EXPECTORANT 60 ML, WOODS EXPECTORANT 100 ML, PROMAG TABLET
125033799;Maret 27, 2025;PROMAG SUSPENSI 10ML/6, WOODS EXPECTORANT 60 ML, SAKATONIK ABC ANTARIKSA 30 TAB, SAKATONIK ABC ANGGUR30TAB
125033833;Maret 27, 2025;KOMIX J.NIPIS G-FORMULA B, KOMIX KID OBH PE, KOMIX OBH
125033891;Maret 27, 2025;ENTROSTOP HERBAL ANAK, FATIGON SPIRIT BOX 10X6S, PROMAG TABLET
125033897;Maret 27, 2025;WOODS COUGH SYR ATT 100ML, WOODS COUGH SYR ATT  60ML
125033916;Maret 27, 2025;BEJO JAHE MERAH HERBAL 12 SC, KALPANAX K CREAM 5 GR, KALPANAX SALEP 6G/12, FATIGON SPIRIT BOX 10X6S
125033923;Maret 27, 2025;SAKATONIK ABC STRAW 30TAB, SAKATONIK ABC ANGGUR30TAB
125033931;Maret 27, 2025;WOODS EXPECTORANT 60 ML, WOODS EXPECTORANT 100 ML
125033934;Maret 27, 2025;BEJO JAHE MERAH HERBAL 12 SC, KOMIX HERBAL ORI PACK, MIXAGRIP HERBAL GREGES, PROMAG HERBAL 15 ML
125033948;Maret 27, 2025;CEREBROFORT GOLD ORANGE 100 ML, KOMIX HERBAL 15 ML, WOODS LOZENGES 6'S
125033950;Maret 27, 2025;BEJO JAHE MERAH HERBAL 12 SC, KOMIX HERBAL ORI PACK, MIXAGRIP HERBAL GREGES, PROMAG HERBAL 15 ML
125033952;Maret 27, 2025;BEJO JAHE MERAH HERBAL 12 SC, KOMIX HERBAL ORI PACK, MIXAGRIP HERBAL GREGES, PROMAG HERBAL 15 ML
125033954;Maret 27, 2025;BEJO JAHE MERAH HERBAL 12 SC, KOMIX HERBAL ORI PACK, PROMAG HERBAL 15 ML
125033955;Maret 27, 2025;BEJO JAHE MERAH HERBAL 12 SC, KOMIX HERBAL 15 ML, KOMIX HERBAL ORI PACK, EXTRA JOSS ACTIVE 12SCH, MIXAGRIP HERBAL GREGES
125033956;Maret 27, 2025;BEJO JAHE MERAH HERBAL 12 SC, KOMIX HERBAL ORI PACK, MIXAGRIP HERBAL GREGES, PROMAG HERBAL 15 ML, CEREBROFORT MG MGA SCH, CEREBROFORT MG JRK SCH, CEREBROFORT MG STRAW SCH, CEREBROFORT M.G. TROPICAL FRUIT
125033974;Maret 27, 2025;KALPANAX K CREAM 5 GR, PROMAG TABLET
125033978;Maret 27, 2025;CEREBROFORT GOLD ORANGE 100 ML, CEREBROFORT GOLD ORANGE 200 ML
125033988;Maret 27, 2025;SKT ACTIV SIRUP 300 ML, SAKATONIK ABC ANTARIKSA 30 TAB, SAKATONIK ABC STRAW 30TAB, SAKATONIK ABC ANGGUR30TAB, SAKATONIK ABC ORANGE 30TAB
125033990;Maret 27, 2025;BEJO JAHE MERAH HERBAL 12 SC, KOMIX HERBAL ORI PACK, MIXAGRIP HERBAL GREGES, PROMAG HERBAL 15 ML
125034017;Maret 27, 2025;KALPANAX K CREAM 5 GR, KALPANAX SALEP 6G/12, KALPANAX KRIM 10 GR
125034023;Maret 27, 2025;CEREBROFORT GOLD ORANGE 100 ML, CEREBROFORT GOLD STRAWBERY, FATIGON KAPLET 10X6S, FATIGON SPIRIT BOX 10X6S, SKT ABC CURCUMA MADU
125034044;Maret 27, 2025;KOMIX OBH PE, PROMAG SUSPENSI BTL 60 ML, ENTROSTOP 10'S, PROMAG TABLET
125034049;Maret 27, 2025;KOMIX HERBAL JAHE, KOMIX HERBAL JERUK NIPIS, KOMIX HERBAL PEPPERMINT, KOMIX OBH PE, PROMAG HERBAL 15 ML, PUYER OSK BT NO.16/BOX, WAISAN NEW FORMULA  /LUSIN, PROMAG TABLET
125034078;Maret 27, 2025;BEJO ANAK JAHE MERAH 5S, B7 SLASI JERUK NIPIS 12'S
125034086;Maret 27, 2025;KOMIX HERBAL ORI PACK, EXTRA JOSS ACTIVE 6 SCH
125034102;Maret 27, 2025;WOODS LOZENGES 6'S, WOODS LOZENGES LEMON VITAMIN C
125034103;Maret 27, 2025;KALPANAX K CREAM 5 GR, PROMAG SUSPENSI 10ML/6, WOODS EXPECTORANT 60 ML, ENTROSTOP 10'S
125034105;Maret 27, 2025;KALPANAX SALEP 6G/12, MIXAGRIP HERBAL GREGES, PROMAG HERBAL 15 ML, WOODS NATURALS SYR 60 ML, CEREBROFORT M.G. AGGR SCH, SAKATONIK ABC ANTARIKSA 30 TAB, SAKATONIK ABC STRAW 30TAB, SKT ABC CURCUMA MADU, XONCE TAB BOX 50'S
125034132;Maret 28, 2025;PROMAG HERBAL 15 ML, PROMAG TABLET, FATIGON SPIRIT BOX 10X6S, SAKATONIK ABC ANGGUR30TAB, SAKATONIK ABC ORANGE 30TAB
125034153;Maret 28, 2025;KOMIX HERBAL ORI PACK, MIXAGRIP HERBAL GREGES, PROMAG HERBAL 15 ML
125034154;Maret 28, 2025;KOMIX HERBAL ORI PACK, MIXAGRIP HERBAL GREGES, PROMAG HERBAL 15 ML
125034155;Maret 28, 2025;KOMIX HERBAL ORI PACK, MIXAGRIP HERBAL GREGES, PROMAG HERBAL 15 ML
125034156;Maret 28, 2025;KOMIX HERBAL 15 ML, KOMIX HERBAL ORI PACK, PROMAG HERBAL 15 ML
125034157;Maret 28, 2025;KOMIX HERBAL ORI PACK, PROMAG HERBAL 15 ML, MIXAGRIP HERBAL GREGES
125034158;Maret 28, 2025;KOMIX HERBAL ORI PACK, MIXAGRIP HERBAL GREGES, PROMAG HERBAL 15 ML
125034159;Maret 28, 2025;BEJO JAHE MERAH HERBAL 12 SC, KOMIX HERBAL ORI PACK, MIXAGRIP HERBAL GREGES, PROMAG HERBAL 15 ML
125034160;Maret 28, 2025;BEJO JAHE MERAH HERBAL 12 SC, KOMIX HERBAL ORI PACK, MIXAGRIP HERBAL GREGES, PROMAG HERBAL 15 ML
125034161;Maret 28, 2025;BEJO JAHE MERAH HERBAL 12 SC, KOMIX HERBAL ORI PACK, MIXAGRIP HERBAL GREGES, PROMAG HERBAL 15 ML
125034162;Maret 28, 2025;BEJO JAHE MERAH HERBAL 12 SC, KOMIX HERBAL ORI PACK, MIXAGRIP HERBAL GREGES, PROMAG HERBAL 15 ML
125034163;Maret 28, 2025;MIXAGRIP HERBAL GREGES, PROMAG HERBAL 15 ML
125034164;Maret 28, 2025;MIXAGRIP HERBAL GREGES, PROMAG HERBAL 15 ML
125034165;Maret 28, 2025;KOMIX HERBAL JAHE, EXTRA JOSS ACTIVE 12SCH, ENTROSTOP HERBAL ANAK
125034166;Maret 28, 2025;EXTRA JOSS ULTIMATE LIQ/24 CAN, PROMAG HERBAL 15 ML, B7 SLASI JERUK NIPIS 12'S
125034167;Maret 28, 2025;KOMIX JAHE G-FORMULA BOX, KOMIX J.NIPIS G-FORMULA B
125034176;Maret 28, 2025;KOMIX JAHE G-FORMULA BOX, KOMIX J.NIPIS G-FORMULA B
125034235;Maret 28, 2025;KOMIX HERBAL ORI PACK, MIXAGRIP HERBAL GREGES, PROMAG HERBAL 15 ML
125034238;Maret 28, 2025;KOMIX HERBAL ORI PACK, MIXAGRIP HERBAL GREGES, PROMAG HERBAL 15 ML
125034239;Maret 28, 2025;KOMIX HERBAL ORI PACK, PROMAG HERBAL 15 ML, MIXAGRIP HERBAL GREGES
125034240;Maret 28, 2025;BEJO JAHE MERAH HERBAL 12 SC, KOMIX HERBAL ORI PACK, MIXAGRIP HERBAL GREGES, PROMAG HERBAL 15 ML
125034241;Maret 28, 2025;BEJO JAHE MERAH HERBAL 12 SC, KOMIX HERBAL ORI PACK, PROMAG HERBAL 15 ML, MIXAGRIP HERBAL GREGES
125034243;Maret 28, 2025;PROMAG HERBAL 15 ML, BEJO JAHE MERAH HERBAL 12 SC
125034278;Maret 28, 2025;BEJO JAHE MERAH HERBAL 12 SC, KOMIX HERBAL ORI PACK, B7 SLASI JERUK NIPIS 12'S, MIXAGRIP HERBAL GREGES, PROMAG HERBAL 15 ML, CEREBROFORT MG MGA SCH
125034279;Maret 28, 2025;KOMIX HERBAL ORI PACK, MIXAGRIP HERBAL GREGES, PROMAG HERBAL 15 ML
125034286;Maret 28, 2025;KOMIX HERBAL ORI PACK, PROMAG HERBAL 15 ML, CEREBROFORT MG MGA SCH
125034287;Maret 28, 2025;MIXAGRIP HERBAL GREGES, PROMAG HERBAL 15 ML
125034288;Maret 28, 2025;BEJO JAHE MERAH HERBAL 12 SC, KOMIX HERBAL ORI PACK, MIXAGRIP HERBAL GREGES, PROMAG HERBAL 15 ML
125034289;Maret 28, 2025;BEJO JAHE MERAH HERBAL 12 SC, PROMAG HERBAL 15 ML, CEREBROFORT MG MGA SCH
125034290;Maret 28, 2025;KOMIX HERBAL ORI PACK, PROMAG HERBAL 15 ML, CEREBROFORT MG MGA SCH
125034291;Maret 28, 2025;BEJO JAHE MERAH HERBAL 12 SC, KOMIX HERBAL ORI PACK, MIXAGRIP HERBAL GREGES, PROMAG HERBAL 15 ML
125034292;Maret 28, 2025;KOMIX HERBAL ORI PACK, MIXAGRIP HERBAL GREGES, PROMAG HERBAL 15 ML
125034293;Maret 28, 2025;KOMIX HERBAL ORI PACK, MIXAGRIP HERBAL GREGES, PROMAG HERBAL 15 ML
125034301;Maret 28, 2025;KOMIX HERBAL JERUK NIPIS, KOMIX HERBAL ORI PACK, KALPANAX K CREAM 5 GR, KALPANAX SALEP 6G/12, WOODS EXPECTORANT 60 ML, ENTROSTOP 10'S, PROMAG TABLET
125034305;Maret 28, 2025;KALPANAX SALEP 6G/12, ENTROSTOP HERBAL ANAK, WOODS EXPECTORANT 60 ML, MIXAGRIP FLU KAPLET 25X4, ENTROSTOP 10'S, PROCOLD FLU PE, SAKATONIK ABC ORANGE 30TAB
125034315;Maret 28, 2025;BEJO JAHE MERAH HERBAL 12 SC, SAKATONIK ABC ANGGUR30TAB
125034322;Maret 28, 2025;KALPANAX SALEP 6G/12, ENTROSTOP HERBAL ANAK, KOMIX HERBAL JAHE, KOMIX HERBAL JERUK NIPIS, KOMIX KID OBH PE, WAISAN NEW FORMULA  /LUSIN, SAKATONIK ABC STRAW 30TAB
125034335;Maret 28, 2025;KALPANAX K CREAM 5 GR, KALPANAX KRIM 10 GR
125034373;Maret 28, 2025;KOMIX HERBAL ORI PACK, PROMAG HERBAL 15 ML
125034384;Maret 28, 2025;SAKATONIK ACTIV MULTIVIT ZAT BESI - KAPLET 6S, SAKATONIK ABC STRAW 30TAB
125034402;Maret 28, 2025;KOMIX JAHE G-FORMULA BOX, KOMIX J.NIPIS G-FORMULA B, KOMIX OBH
125034432;Maret 28, 2025;CEREBROFORT M.G. AGGR SCH, CEREBROFORT MG MGA SCH, CEREBROFORT MG JRK SCH, CEREBROFORT MG STRAW SCH
125034439;Maret 28, 2025;KOMIX HERBAL JAHE, KOMIX HERBAL JERUK NIPIS, KOMIX HERBAL ORI PACK
125034445;Maret 28, 2025;PUYER OSK BT NO.16/BOX, KALPANAX K CREAM 5 GR, KALPANAX SALEP 6G/12
125034447;Maret 28, 2025;PUYER OSK BT NO.16/BOX, FATIGON KAPLET 10X6S
125034448;Maret 28, 2025;SAKATONIK ABC ANTARIKSA 30 TAB, SAKATONIK ABC ORANGE 30TAB
125034453;Maret 28, 2025;SAKATONIK ABC ANTARIKSA 30 TAB, SAKATONIK ABC STRAW 30TAB, SAKATONIK ABC ANGGUR30TAB, SKT ABC CURCUMA MADU
125034459;Maret 28, 2025;KALPANAX K CREAM 5 GR, WOODS EXPECTORANT 60 ML
125034468;Maret 28, 2025;BEJO JAHE MERAH HERBAL 6S MT, KOMIX HERBAL 15 ML, KOMIX HERBAL ORI PACK, EXTRA JOSS ACTIVE 6 SCH
125034470;Maret 28, 2025;KALPANAX SALEP 6G/12, MIXAGRIP HERBAL GREGES, PROMAG HERBAL 15 ML, WOODS NATURALS SYR 60 ML, CEREBROFORT MG STRAW SCH, FATIGON SPIRIT BOX 10X6S, SAKATONIK ABC ANTARIKSA 30 TAB, SAKATONIK ABC STRAW 30TAB
125034474;Maret 28, 2025;BEJO JAHE MERAH HERBAL 12 SC, KOMIX HERBAL ORI PACK, MIXAGRIP HERBAL GREGES, PROMAG HERBAL 15 ML
125034475;Maret 28, 2025;BEJO JAHE MERAH HERBAL 12 SC, SAKATONIK ABC STRAW 30TAB, SAKATONIK ABC ORANGE 30TAB
125034485;Maret 28, 2025;KALPANAX SALEP 6G/12, CEREBROFORT GOLD ORANGE 100 ML, PROMAG HERBAL 15 ML, CEREBROFORT M.G. TROPICAL FRUIT, ENTROSTOP 10'S, PROCOLD FLU PE, SAKATONIK ABC STRAW 30TAB
125034486;Maret 28, 2025;KOMIX HERBAL JAHE, KOMIX HERBAL JERUK NIPIS, KOMIX HERBAL ORI PACK
125034488;Maret 28, 2025;BEJO JAHE MERAH HERBAL 12 SC, KOMIX HERBAL ORI PACK, MIXAGRIP HERBAL GREGES, PROMAG HERBAL 15 ML
125034489;Maret 28, 2025;BEJO JAHE MERAH HERBAL 12 SC, KOMIX HERBAL ORI PACK, PROMAG HERBAL 15 ML, MIXAGRIP HERBAL GREGES
125034490;Maret 28, 2025;KOMIX JAHE G-FORMULA BOX, KOMIX KID STRAWBERRY PACK, KOMIX J.NIPIS G-FORMULA B, KOMIX PEPP.G-FORMULA BOX, KOMIX OBH PE
125034493;Maret 28, 2025;BEJO JAHE MERAH HERBAL 12 SC, KOMIX HERBAL ORI PACK, PROMAG HERBAL 15 ML, MIXAGRIP HERBAL GREGES
125034494;Maret 28, 2025;BEJO JAHE MERAH HERBAL 12 SC, KOMIX HERBAL ORI PACK, MIXAGRIP HERBAL GREGES, PROMAG HERBAL 15 ML
125034495;Maret 28, 2025;BEJO ANAK JAHE MERAH 5S, B7 SLASI JERUK NIPIS 12'S
125034496;Maret 28, 2025;BEJO JAHE MERAH HERBAL 12 SC, KOMIX HERBAL ORI PACK, MIXAGRIP HERBAL GREGES, PROMAG HERBAL 15 ML
125034501;Maret 28, 2025;BEJO JAHE MERAH HERBAL 12 SC, KOMIX HERBAL 15 ML, KOMIX JAHE G-FORMULA BOX, KOMIX KID STRAWBERRY PACK, KOMIX J.NIPIS G-FORMULA B, KOMIX KID OBH PE, KOMIX OBH PE, PUYER OSK BT NO.16/BOX
125034509;Maret 28, 2025;KALPANAX KRIM 10 GR, PROMAG SUSPENSI BTL 60 ML, WOODS LOZENGES CHERRY 6'S, WOODS LOZENGES ORANGE VITAMIN C
125034510;Maret 28, 2025;WOODS EXPECTORANT 60 ML, MIXAGRIP FLU KAPLET 25X4, PROCOLD FLU PE
125034514;Maret 28, 2025;SKT ACTIV SIRUP 100 ML, WOODS COUGH SYR ATT  60ML, PROCOLD FLU BATUK PE
125034537;April 02, 2025;BEJO JAHE MERAH HERBAL 12 SC, KOMIX HERBAL ORI PACK, MIXAGRIP HERBAL GREGES, PROMAG HERBAL 15 ML
125034538;April 02, 2025;BEJO JAHE MERAH HERBAL 12 SC, KOMIX HERBAL ORI PACK, MIXAGRIP HERBAL GREGES, PROMAG HERBAL 15 ML
125034539;April 02, 2025;BEJO JAHE MERAH HERBAL 12 SC, KOMIX HERBAL ORI PACK, MIXAGRIP HERBAL GREGES, PROMAG HERBAL 15 ML
125034540;April 02, 2025;BEJO JAHE MERAH HERBAL 12 SC, KOMIX HERBAL ORI PACK, MIXAGRIP HERBAL GREGES, PROMAG HERBAL 15 ML
125034545;April 02, 2025;SKT ACTIV SIRUP 100 ML, SKT ACTIV SIRUP 300 ML
125034546;April 02, 2025;PROMAG TABLET, SAKATONIK ABC ANTARIKSA 30 TAB, SAKATONIK ABC ORANGE 30TAB
125034550;April 02, 2025;KALPANAX K CREAM 5 GR, WOODS EXPECTORANT 60 ML
125034557;April 02, 2025;CEREBROFORT M.G. AGGR SCH, CEREBROFORT MG JRK SCH, CEREBROFORT MG STRAW SCH, CEREBROFORT M.G. TROPICAL FRUIT
125034558;April 02, 2025;KOMIX HERBAL JAHE, KOMIX HERBAL 15 ML, PROMAG HERBAL 15 ML, FATIGON KAPLET 10X6S, SAKATONIK ABC ANGGUR30TAB
125034565;April 02, 2025;CEREBROVIT XCEL 10 CAPS, ENTROSTOP HERBAL DEWASA 15 ML
125034575;April 02, 2025;CEREBROFORT GOLD STRAWBERY, SAKATONIK ABC ORANGE 30TAB
125034578;April 02, 2025;ENTROSTOP 10'S, PROMAG TABLET
125034581;April 02, 2025;KALPANAX K CREAM 5 GR, ENTROSTOP HERBAL DEWASA 15 ML, ENTROSTOP 10'S, PROCOLD FLU PE
125034587;April 02, 2025;WOODS EXPECTORANT 60 ML, WOODS EXPECTORANT 100 ML
125034589;April 02, 2025;KALPANAX KRIM 10 GR, CEREBROVIT XCEL 10 CAPS
125034593;April 02, 2025;ENTROSTOP HERBAL ANAK, PROMAG HERBAL 15 ML
125034599;April 02, 2025;WOODS COUGH SYR ATT 100ML, MIXAGRIP FLU &BATUK PE
125034601;April 02, 2025;ENTROSTOP HERBAL ANAK, KOMIX HERBAL 15 ML, SKT ACTIV SIRUP 100 ML, SKT ACTIV SIRUP 300 ML, CEREBROFORT M.G. AGGR SCH, CEREBROFORT MG MGA SCH, CEREBROFORT MG JRK SCH, CEREBROFORT MG STRAW SCH, SKT ABC CURCUMA MADU
125034603;April 02, 2025;WOODS EXPECTORANT 60 ML, PROMAG TABLET
125034610;April 02, 2025;CEREBROFORT GOLD ORANGE 200 ML, WOODS EXPECTORANT 60 ML
125034611;April 02, 2025;ENTROSTOP HERBAL ANAK, PROMAG SUSPENSI BTL 60 ML, PROMAG SUSPENSI 10ML/6, PROMAG HERBAL 15 ML, ENTROSTOP 10'S
125034618;April 02, 2025;KOMIX HERBAL 15 ML, ENTROSTOP 10'S
125034624;April 03, 2025;KALPANAX K CREAM 5 GR, WOODS EXPECTORANT 60 ML, WOODS EXPECTORANT 100 ML, FATIGON SPIRIT BOX 10X6S
125034631;April 03, 2025;KOMIX HERBAL JERUK NIPIS, KOMIX HERBAL ORI PACK
125034632;April 03, 2025;CEREBROVIT XCEL 10 CAPS, PROMAG SUSPENSI 10ML/6
125034639;April 03, 2025;SKT ACTIV SIRUP 100 ML, WOODS EXPECTORANT 60 ML
125034644;April 03, 2025;PROMAG HERBAL 15 ML, PROMAG TABLET
125034653;April 03, 2025;WOODS EXPECTORANT 60 ML, PROMAG TABLET
125034655;April 03, 2025;ENTROSTOP HERBAL ANAK, PROMAG SUSPENSI 10ML/6, MIXAGRIP FLU KAPLET 25X4, PROCOLD FLU PE
125034677;April 03, 2025;SAKATONIK ABC STRAW 30TAB, SAKATONIK ABC ANGGUR30TAB
125034678;April 03, 2025;WOODS EXPECTORANT 60 ML, WOODS EXPECTORANT 100 ML
125034686;April 03, 2025;KALPANAX K CREAM 5 GR, ENTROSTOP HERBAL ANAK, ENTROSTOP 10'S
125034720;April 03, 2025;WOODS EXPECTORANT 60 ML, WOODS NATURALS SYR 60 ML
125034721;April 03, 2025;KOMIX HERBAL 15 ML, KALPANAX K CREAM 5 GR
125034736;April 03, 2025;BEJO JAHE MERAH HERBAL 12 SC, KOMIX HERBAL JAHE, KOMIX HERBAL JERUK NIPIS
125034761;April 03, 2025;WOODS EXPECTORANT 60 ML, MIXAGRIP FLU KAPLET 25X4
125034769;April 03, 2025;BEJO JAHE MERAH HERBAL 12 SC, PUYER OSK BT NO.16/BOX
125034770;April 03, 2025;ENTROSTOP 10'S, PROMAG TABLET
125034783;April 03, 2025;ENTROSTOP HERBAL ANAK, PROMAG SUSPENSI 10ML/6
125034792;April 03, 2025;B7 SLASI JERUK NIPIS 12'S, ENTROSTOP 10'S
125034793;April 03, 2025;WOODS EXPECTORANT 60 ML, WOODS EXPECTORANT 100 ML, PROCOLD FLU PE
125034796;April 03, 2025;WOODS COUGH SYR ATT  60ML, MIXAGRIP FLU &BATUK PE
125034810;April 03, 2025;KOMIX HERBAL JAHE, KOMIX HERBAL JERUK NIPIS, KOMIX HERBAL 15 ML, KOMIX HERBAL ORI PACK, KALPANAX K CREAM 5 GR
125034815;April 03, 2025;KOMIX HERBAL 15 ML, KALPANAX K CREAM 5 GR, KALPANAX KRIM 10 GR, CEREBROFORT GOLD ORANGE 100 ML, CEREBROFORT GOLD STRAWBERY, PROMAG SUSPENSI 10ML/6
125034830;April 04, 2025;BEJO JAHE MERAH HERBAL 12 SC, KALPANAX K CREAM 5 GR, ENTROSTOP 10'S
125034832;April 04, 2025;PROMAG SUSPENSI BTL 60 ML, PROMAG HERBAL 15 ML, FATIGON KAPLET 10X6S, FATIGON SPIRIT BOX 10X6S, ENTROSTOP 10'S, PROMAG TABLET
125034834;April 04, 2025;KALPANAX K CREAM 5 GR, WOODS EXPECTORANT 60 ML
125034838;April 04, 2025;WOODS EXPECTORANT 60 ML, PROMAG TABLET
125034839;April 04, 2025;PROMAG SUSPENSI 10ML/6, PROMAG HERBAL 15 ML, PROMAG TABLET
125034843;April 04, 2025;SAKATONIK ABC ANTARIKSA 30 TAB, SAKATONIK ABC STRAW 30TAB, SAKATONIK ABC ANGGUR30TAB
125034846;April 04, 2025;KALPANAX SALEP 6G/12, WOODS COUGH SYR ATT  60ML
125034847;April 04, 2025;KALPANAX K CREAM 5 GR, KALPANAX KRIM 10 GR, WOODS EXPECTORANT 60 ML
125034849;April 04, 2025;PROMAG HERBAL 15 ML, ENTROSTOP 10'S
125034858;April 04, 2025;KALPANAX K CREAM 5 GR, KALPANAX KRIM 10 GR
125034867;April 04, 2025;ENTROSTOP 10'S, SAKATONIK ABC ANGGUR30TAB
125034876;April 04, 2025;ENTROSTOP 10'S, WOODS LOZ HONEY LEMON
125034887;April 04, 2025;CEREBROFORT MG JRK SCH, CEREBROFORT MG STRAW SCH, ENTROSTOP 10'S
125034895;April 04, 2025;SKT ACTIV SIRUP 300 ML, CEREBROFORT MG STRAW SCH, CEREBROFORT M.G. TROPICAL FRUIT
125034923;April 04, 2025;CEREBROFORT M.G. AGGR SCH, CEREBROFORT M.G. TROPICAL FRUIT, SKT ABC CURCUMA MADU
125034928;April 04, 2025;WOODS EXPECTORANT 60 ML, WOODS EXPECTORANT 100 ML, PROMAG TABLET, SKT ABC CURCUMA MADU
125034931;April 04, 2025;BEJO JAHE MERAH HERBAL 12 SC, WOODS LOZENGES 6'S
125034935;April 04, 2025;CEREBROFORT M.G. AGGR SCH, CEREBROFORT MG MGA SCH, CEREBROFORT MG JRK SCH, CEREBROFORT MG STRAW SCH
125034939;April 04, 2025;ENTROSTOP HERBAL ANAK, ENTROSTOP 10'S
125034945;April 04, 2025;KOMIX HERBAL JAHE, KOMIX HERBAL JERUK NIPIS, KOMIX HERBAL ORI PACK
125034948;April 04, 2025;CEREBROFORT M.G. AGGR SCH, CEREBROFORT MG MGA SCH, CEREBROFORT MG JRK SCH, CEREBROFORT MG STRAW SCH, CEREBROFORT M.G. TROPICAL FRUIT
125034954;April 04, 2025;KALPANAX K CREAM 5 GR, PUYER OSK BT NO.16/BOX
125034956;April 04, 2025;ENTROSTOP HERBAL ANAK, ENTROSTOP 10'S
125034979;April 04, 2025;KALPANAX SALEP 6G/12, CEREBROFORT M.G. AGGR SCH, CEREBROFORT MG STRAW SCH, ENTROSTOP 10'S, SAKATONIK ABC STRAW 30TAB, SAKATONIK ABC ORANGE 30TAB
125034981;April 04, 2025;PROMAG HERBAL 15 ML, PROCOLD FLU PE
125034992;April 04, 2025;WOODS COUGH SYR ATT  60ML, PROCOLD FLU BATUK PE
125034994;April 04, 2025;BEJO JAHE MERAH HERBAL 6S MT, BEJO JAHE MERAH HERBAL 12 SC
125035003;April 04, 2025;KOMIX HERBAL ORI PACK, ENTROSTOP 10'S, SAKATONIK ABC STRAW 30TAB
125035006;April 04, 2025;SKT ACTIV SIRUP 100 ML, SKT ACTIV SIRUP 300 ML
125035018;April 04, 2025;KOMIX JAHE G-FORMULA BOX, KOMIX J.NIPIS G-FORMULA B
125035019;April 04, 2025;KALPANAX KRIM 10 GR, CEREBROVIT XCEL 10 CAPS
125035025;April 04, 2025;BEJO JAHE MERAH HERBAL 12 SC, KOMIX HERBAL 15 ML, PROMAG SUSPENSI BTL 60 ML, WOODS EXPECTORANT 60 ML
125035026;April 04, 2025;PUYER OSK BT NO.16/BOX, ENTROSTOP HERBAL DEWASA 15 ML, ENTROSTOP 10'S
125035036;April 04, 2025;KOMIX JAHE G-FORMULA BOX, KOMIX KID STRAWBERRY PACK, KOMIX J.NIPIS G-FORMULA B, KOMIX KID OBH PE
125035040;April 04, 2025;PUYER OSK BT NO.16/BOX, SAKATONIK ABC ORANGE 30TAB
125035049;April 04, 2025;FATIGON SPIRIT BOX 10X6S, SAKATONIK ABC STRAW 30TAB, SAKATONIK ABC ANGGUR30TAB, SAKATONIK ABC ORANGE 30TAB
125035064;April 04, 2025;ENTROSTOP HERBAL ANAK, KOMIX HERBAL 15 ML, KOMIX HERBAL ORI PACK
125035078;April 05, 2025;PROMAG HERBAL 15 ML, WOODS EXPECTORANT 60 ML, WOODS EXPECTORANT 100 ML, PROMAG TABLET
125035085;April 05, 2025;PUYER OSK BT NO.16/BOX, CEREBROFORT M.G. AGGR SCH
125035096;April 05, 2025;KALPANAX K CREAM 5 GR, SKT ABC CURCUMA MADU
125035102;April 05, 2025;KOMIX HERBAL JERUK NIPIS, KALPANAX SALEP 6G/12, ENTROSTOP HERBAL DEWASA 15 ML, SAKATONIK ABC ORANGE 30TAB
125035105;April 05, 2025;KALPANAX K CREAM 5 GR, CEREBROFORT GOLD ORANGE 100 ML, WOODS EXPECTORANT 60 ML, WOODS EXPECTORANT 100 ML, WOODS NATURALS SYR 60 ML, CEREBROFORT M.G. TROPICAL FRUIT, SAKATONIK ABC ANTARIKSA 30 TAB, SAKATONIK ABC STRAW 30TAB, SAKATONIK ABC ANGGUR30TAB
125035107;April 05, 2025;WOODS EXPECTORANT 60 ML, WOODS LOZENGES 6'S
125035125;April 05, 2025;B7 SLASI JERUK NIPIS 12'S, FATIGON SPIRIT BOX 10X6S
125035127;April 05, 2025;KALPANAX K CREAM 5 GR, KALPANAX SALEP 6G/12, FATIGON SPIRIT BOX 10X6S, ENTROSTOP 10'S, SAKATONIK ABC ANTARIKSA 30 TAB, SAKATONIK ABC STRAW 30TAB, SAKATONIK ABC ANGGUR30TAB, SAKATONIK ABC ORANGE 30TAB
125035128;April 05, 2025;BEJO JAHE MERAH HERBAL 12 SC, ENTROSTOP 10'S, SAKATONIK ABC ANTARIKSA 30 TAB, SAKATONIK ABC STRAW 30TAB, SAKATONIK ABC ORANGE 30TAB
125035132;April 05, 2025;ENTROSTOP HERBAL ANAK, PROMAG SUSPENSI BTL 60 ML, CEREBROFORT M.G. AGGR SCH, CEREBROFORT MG JRK SCH, CEREBROFORT MG STRAW SCH, SAKATONIK ABC ANTARIKSA 30 TAB, SAKATONIK ABC STRAW 30TAB, SAKATONIK ABC ANGGUR30TAB, SAKATONIK ABC ORANGE 30TAB
125035133;April 05, 2025;WOODS EXPECTORANT 60 ML, WOODS EXPECTORANT 100 ML
125035135;April 05, 2025;WOODS COUGH SYR ATT  60ML, MIXAGRIP FLU &BATUK PE
125035139;April 05, 2025;BEJO JAHE MERAH HERBAL 12 SC, KOMIX HERBAL 15 ML, KALPANAX K CREAM 5 GR, FATIGON SPIRIT BOX 10X6S
125035143;April 05, 2025;CEREBROFORT M.G. AGGR SCH, CEREBROFORT MG JRK SCH, CEREBROFORT MG STRAW SCH, WOODS LOZENGES 6'S
125035151;April 05, 2025;SAKATONIK ABC STRAW 30TAB, SAKATONIK ABC ANGGUR30TAB, SAKATONIK ABC ORANGE 30TAB
125035153;April 05, 2025;SAKATONIK ABC STRAW 30TAB, SAKATONIK ABC ANGGUR30TAB, SAKATONIK ABC ORANGE 30TAB
125035159;April 05, 2025;KOMIX HERBAL 15 ML, WOODS EXPECTORANT 60 ML
125035171;April 05, 2025;BEJO JAHE MERAH HERBAL 12 SC, KOMIX HERBAL JAHE, KOMIX HERBAL JERUK NIPIS, KOMIX HERBAL ORI PACK, EXTRA JOSS ACTIVE 12SCH
125035191;April 05, 2025;CEREBROFORT GOLD ORANGE 100 ML, PROCOLD FLU PE, SAKATONIK ABC STRAW 30TAB, SAKATONIK ABC ANGGUR30TAB, SAKATONIK ABC ORANGE 30TAB
125035193;April 05, 2025;PROMAG SUSPENSI 10ML/6, PROMAG TABLET
125035195;April 05, 2025;KOMIX HERBAL 15 ML, KALPANAX SALEP 6G/12
125035202;April 05, 2025;KOMIX HERBAL 15 ML, SAKATONIK ABC ANTARIKSA 30 TAB, SAKATONIK ABC STRAW 30TAB
125035205;April 05, 2025;BEJO JAHE MERAH HERBAL 12 SC, ENTROSTOP HERBAL ANAK, KOMIX HERBAL 15 ML
125035206;April 05, 2025;KALPANAX K CREAM 5 GR, KALPANAX SALEP 6G/12, KOMIX HERBAL 15 ML, WAISAN NEW FORMULA  /LUSIN, ENTROSTOP 10'S
125035216;April 05, 2025;KOMIX HERBAL 15 ML, KALPANAX KRIM 10 GR
125035224;April 05, 2025;KOMIX KID STRAWBERRY PACK, WOODS COUGH SYR ATT  60ML, PROCOLD FLU BATUK PE
125035229;April 05, 2025;SAKATONIK ABC ANTARIKSA 30 TAB, SAKATONIK ABC STRAW 30TAB
125035243;April 05, 2025;SAKATONIK ACTIV MULTIVIT ZAT BESI - KAPLET 6S, SAKATONIK ABC STRAW 30TAB
125035275;April 05, 2025;KOMIX JAHE G-FORMULA BOX, KOMIX J.NIPIS G-FORMULA B, KOMIX PEPP.G-FORMULA BOX, KOMIX OBH
125035287;April 07, 2025;KOMIX JAHE G-FORMULA BOX, KOMIX J.NIPIS G-FORMULA B, KOMIX PEPP.G-FORMULA BOX
125035288;April 07, 2025;WOODS COUGH SYR ATT 100ML, WOODS COUGH SYR ATT  60ML
125035297;April 07, 2025;ENTROSTOP HERBAL DEWASA 15 ML, ENTROSTOP HERBAL ANAK, ENTROSTOP 10'S, PROMAG TABLET, WOODS NATURALS SYR 60 ML
125035298;April 07, 2025;CEREBROFORT GOLD ORANGE 100 ML, CEREBROFORT GOLD ORANGE 200 ML, CEREBROFORT GOLD STRAWBERY, ENTROSTOP HERBAL ANAK, ENTROSTOP 10'S, WOODS EXPECTORANT 100 ML, WOODS NATURALS SYR 60 ML, CEREBROFORT M.G. TROPICAL FRUIT, FATIGON KAPLET 10X6S, FATIGON SPIRIT BOX 10X6S
125035321;April 07, 2025;WOODS LOZENGES 6'S, WOODS LOZ HONEY LEMON
125035323;April 07, 2025;MIXAGRIP FLU KAPLET 25X4, PROMAG TABLET
125035341;April 07, 2025;ENTROSTOP 10'S, PROMAG TABLET
125035347;April 07, 2025;WAISAN NEW FORMULA  /LUSIN, CEREBROFORT GOLD ORANGE 100 ML
125035348;April 07, 2025;CEREBROFORT M.G. AGGR SCH, CEREBROFORT MG MGA SCH, SAKATONIK ABC ANTARIKSA 30 TAB, SAKATONIK ABC ANGGUR30TAB, SAKATONIK ABC ORANGE 30TAB
125035353;April 07, 2025;KOMIX HERBAL JAHE, KOMIX HERBAL JERUK NIPIS
125035354;April 07, 2025;SAKATONIK ABC ANTARIKSA 30 TAB, SAKATONIK ABC STRAW 30TAB, SAKATONIK ABC ANGGUR30TAB, SAKATONIK ABC ORANGE 30TAB
125035357;April 07, 2025;PROMAG TABLET, FATIGON KAPLET 10X6S, FATIGON SPIRIT BOX 10X6S
125035358;April 07, 2025;WOODS EXPECTORANT 60 ML, PROCOLD FLU PE
125035363;April 07, 2025;KALPANAX SALEP 6G/12, KALPANAX KRIM 10 GR, WOODS EXPECTORANT 60 ML
125035369;April 07, 2025;ENTROSTOP 10'S, SAKATONIK ABC STRAW 30TAB, SAKATONIK ABC ANGGUR30TAB
125035392;April 07, 2025;KALPANAX K CREAM 5 GR, KALPANAX SALEP 6G/12
125035395;April 07, 2025;CEREBROFORT MG JRK SCH, CEREBROFORT MG STRAW SCH, CEREBROFORT M.G. TROPICAL FRUIT
125035402;April 07, 2025;KOMIX HERBAL JAHE, KOMIX HERBAL JERUK NIPIS
125035406;April 07, 2025;SAKATONIK ABC STRAW 30TAB, SAKATONIK ABC ANGGUR30TAB, SAKATONIK ABC ORANGE 30TAB, SKT ABC CURCUMA MADU
125035410;April 07, 2025;CEREBROFORT GOLD ORANGE 100 ML, CEREBROFORT GOLD STRAWBERY, CEREBROFORT M.G. AGGR SCH, CEREBROFORT MG MGA SCH, CEREBROFORT MG JRK SCH, CEREBROFORT MG STRAW SCH, CEREBROFORT M.G. TROPICAL FRUIT
125035411;April 07, 2025;SKT ACTIV SIRUP 100 ML, SAKATONIK ABC ANTARIKSA 30 TAB, SAKATONIK ABC STRAW 30TAB, SAKATONIK ABC ANGGUR30TAB, SKT ABC CURCUMA MADU
125035421;April 07, 2025;KALPANAX KRIM 10 GR, CEREBROFORT GOLD ORANGE 100 ML, CEREBROFORT GOLD STRAWBERY
125035422;April 07, 2025;BEJO JAHE MERAH HERBAL 12 SC, KALPANAX K CREAM 5 GR, KALPANAX KRIM 10 GR, ENTROSTOP HERBAL DEWASA 15 ML, ENTROSTOP 10'S, SAKATONIK ABC STRAW 30TAB, SAKATONIK ABC ORANGE 30TAB
125035423;April 07, 2025;KALPANAX K CREAM 5 GR, KALPANAX KRIM 10 GR, PROMAG HERBAL 15 ML, CEREBROFORT M.G. AGGR SCH, CEREBROFORT MG MGA SCH, CEREBROFORT MG JRK SCH, CEREBROFORT MG STRAW SCH, CEREBROFORT M.G. TROPICAL FRUIT, SAKATONIK ABC STRAW 30TAB, SAKATONIK ABC ANGGUR30TAB
125035425;April 07, 2025;CEREBROFORT GOLD ORANGE 100 ML, CEREBROFORT GOLD ORANGE 200 ML, CEREBROFORT GOLD STRAWBERY, SAKATONIK ABC ANTARIKSA 30 TAB, SAKATONIK ABC STRAW 30TAB, SAKATONIK ABC ANGGUR30TAB, SAKATONIK ABC ORANGE 30TAB
125035426;April 07, 2025;KOMIX HERBAL JAHE, KOMIX HERBAL JERUK NIPIS, KOMIX HERBAL 15 ML, WOODS EXPECTORANT 60 ML, WOODS EXPECTORANT 100 ML
125035428;April 07, 2025;CEREBROFORT M.G. AGGR SCH, CEREBROFORT MG MGA SCH, CEREBROFORT MG JRK SCH, CEREBROFORT MG STRAW SCH, CEREBROFORT M.G. TROPICAL FRUIT, FATIGON SPIRIT BOX 10X6S, SAKATONIK ABC ANTARIKSA 30 TAB, SAKATONIK ABC STRAW 30TAB, SAKATONIK ABC ANGGUR30TAB
125035429;April 07, 2025;KALPANAX K CREAM 5 GR, KALPANAX SALEP 6G/12, KALPANAX KRIM 10 GR, WOODS LOZ HONEY LEMON
125035430;April 07, 2025;B7 SLASI JERUK NIPIS 12'S, PROMAG HERBAL 15 ML
125035460;April 07, 2025;MIXAGRIP FLU KAPLET 25X4, PROCOLD FLU PE
125035463;April 07, 2025;KOMIX HERBAL JERUK NIPIS, KOMIX HERBAL 15 ML
125035464;April 07, 2025;BEJO JAHE MERAH HERBAL 12 SC, ENTROSTOP 10'S
125035497;April 07, 2025;PUYER OSK BT NO.16/BOX, WAISAN NEW FORMULA  /LUSIN
125035498;April 07, 2025;KALPANAX K CREAM 5 GR, CEREBROFORT GOLD ORANGE 100 ML, WOODS EXPECTORANT 60 ML, ENTROSTOP 10'S
125035503;April 07, 2025;KOMIX HERBAL 15 ML, PUYER OSK BT NO.16/BOX, SAKATONIK ABC ANGGUR30TAB, SAKATONIK ABC ORANGE 30TAB
125035529;April 07, 2025;KOMIX JAHE G-FORMULA BOX, KOMIX J.NIPIS G-FORMULA B, KOMIX KID OBH PE
125035531;April 07, 2025;KOMIX HERBAL ORI PACK, KALPANAX SALEP 6G/12, WOODS EXPECTORANT 60 ML, CEREBROFORT MG JRK SCH
125035532;April 07, 2025;WAISAN NEW FORMULA  /LUSIN, KALPANAX K CREAM 5 GR, KALPANAX SALEP 6G/12, KALPANAX KRIM 10 GR, PROMAG HERBAL 15 ML, SKT ACTIV SIRUP 300 ML
125035534;April 07, 2025;KOMIX HERBAL 15 ML, KOMIX HERBAL ORI PACK
125035540;April 07, 2025;KOMIX HERBAL JAHE, KOMIX HERBAL JERUK NIPIS, PROMAG TABLET
125035541;April 07, 2025;KOMIX HERBAL 15 ML, PROMAG TABLET
125035543;April 07, 2025;FATIGON SPIRIT BOX 10X6S, SAKATONIK ABC ANTARIKSA 30 TAB, SAKATONIK ABC STRAW 30TAB
125035549;April 07, 2025;KALPANAX KRIM 10 GR, CEREBROFORT GOLD ORANGE 100 ML, CEREBROFORT GOLD ORANGE 200 ML, WOODS EXPECTORANT 100 ML, ENTROSTOP 10'S
125035555;April 07, 2025;BEJO JAHE MERAH HERBAL 12 SC, PROMAG SUSPENSI BTL 60 ML
125035563;April 07, 2025;WOODS COUGH SYR ATT 100ML, WOODS COUGH SYR ATT  60ML, PROCOLD FLU BATUK PE
125035565;April 07, 2025;KOMIX HERBAL JAHE, KOMIX HERBAL JERUK NIPIS, CEREBROFORT M.G. AGGR SCH, CEREBROFORT MG MGA SCH, CEREBROFORT MG JRK SCH, CEREBROFORT MG STRAW SCH, CEREBROFORT M.G. TROPICAL FRUIT, SAKATONIK ABC ANTARIKSA 30 TAB, SAKATONIK ABC STRAW 30TAB
125035573;April 07, 2025;FATIGON KAPLET 10X6S, FATIGON SPIRIT BOX 10X6S
125035580;April 07, 2025;KOMIX HERBAL 15 ML, PROMAG HERBAL 15 ML
125035598;April 07, 2025;PROMAG HERBAL 15 ML, PROMAG TABLET
125035607;April 07, 2025;KOMIX JAHE G-FORMULA BOX, KOMIX J.NIPIS G-FORMULA B, KOMIX OBH
125035637;April 07, 2025;WOODS COUGH SYR ATT 100ML, WOODS COUGH SYR ATT  60ML
125035643;April 07, 2025;KALPANAX KRIM 10 GR, CEREBROFORT GOLD ORANGE 200 ML, FATIGON KAPLET 10X6S, SAKATONIK ACTIV MULTIVIT ZAT BESI - KAPLET 6S
125035650;April 07, 2025;ENTROSTOP 10'S, PROMAG TABLET
125035654;April 07, 2025;ENTROSTOP 10'S, WOODS LOZENGES CHERRY 6'S
125035655;April 07, 2025;ENTROSTOP HERBAL ANAK, ENTROSTOP 10'S
125035656;April 07, 2025;KOMIX HERBAL 15 ML, CEREBROFORT M.G. TROPICAL FRUIT, PROMAG TABLET
125035663;April 07, 2025;KALPANAX KRIM 10 GR, WOODS EXPECTORANT 60 ML, ENTROSTOP 10'S, PROMAG TABLET
125035664;April 07, 2025;SKT ACTIV SIRUP 100 ML, SAKATONIK ABC ANTARIKSA 30 TAB, SAKATONIK ABC ORANGE 30TAB
125035666;April 07, 2025;KOMIX HERBAL JERUK NIPIS, CEREBROFORT M.G. TROPICAL FRUIT
125035668;April 07, 2025;SKT ACTIV SIRUP 100 ML, SAKATONIK ABC ANTARIKSA 30 TAB, SAKATONIK ABC STRAW 30TAB, SAKATONIK ABC ANGGUR30TAB, SAKATONIK ABC ORANGE 30TAB
125035670;April 07, 2025;SAKATONIK ABC STRAW 30TAB, SAKATONIK ABC ANGGUR30TAB, SAKATONIK ABC ORANGE 30TAB
125035685;April 07, 2025;ENTROSTOP 10'S, PROMAG TABLET
125035693;April 07, 2025;PROMAG HERBAL 15 ML, PROMAG TABLET
125035713;April 07, 2025;BEJO JAHE MERAH HERBAL 6S MT, PROMAG HERBAL 15 ML, SAKATONIK ABC ANTARIKSA 30 TAB, SAKATONIK ABC STRAW 30TAB
125035717;April 07, 2025;KOMIX HERBAL JAHE, KOMIX HERBAL 15 ML, KALPANAX K CREAM 5 GR, KALPANAX KRIM 10 GR
125035719;April 07, 2025;WOODS EXPECTORANT 100 ML, ENTROSTOP 10'S
125035720;April 07, 2025;KALPANAX K CREAM 5 GR, FATIGON SPIRIT BOX 10X6S
125035734;April 07, 2025;MIXAGRIP HERBAL GREGES, SAKATONIK ABC ANGGUR30TAB
125035743;April 07, 2025;KOMIX HERBAL 15 ML, KOMIX HERBAL ORI PACK, EXTRA JOSS ACTIVE 6 SCH
125035744;April 07, 2025;WOODS LOZENGES 6'S, WOODS LOZENGES LEMON VITAMIN C
125035746;April 07, 2025;WOODS COUGH SYR ATT  60ML, PROCOLD FLU BATUK PE
125035747;April 07, 2025;KALPANAX K CREAM 5 GR, PROMAG SUSPENSI 10ML/6, WOODS EXPECTORANT 60 ML, ENTROSTOP 10'S
125035748;April 07, 2025;MIXAGRIP FLU KAPLET 25X4, PROCOLD FLU PE
125035768;April 07, 2025;KOMIX JAHE G-FORMULA BOX, KOMIX J.NIPIS G-FORMULA B, KOMIX KID OBH PE
125035784;April 08, 2025;KALPANAX K CREAM 5 GR, KALPANAX KRIM 10 GR
125035795;April 08, 2025;BEJO JAHE MERAH HERBAL 12 SC, KOMIX HERBAL 15 ML
125035798;April 08, 2025;CEREBROFORT GOLD ORANGE 200 ML, SKT ACTIV SIRUP 300 ML
125035800;April 08, 2025;KOMIX HERBAL ORI PACK, PROMAG HERBAL 15 ML, WOODS NATURALS SYR 60 ML
125035806;April 08, 2025;WOODS EXPECTORANT 60 ML, WOODS NATURALS SYR 60 ML, PROMAG TABLET, WOODS LOZENGES 6'S
125035823;April 08, 2025;KOMIX HERBAL JAHE, KOMIX HERBAL JERUK NIPIS, KOMIX HERBAL 15 ML, KOMIX HERBAL ORI PACK, PROMAG SUSPENSI BTL 60 ML
125035827;April 08, 2025;KOMIX JAHE G-FORMULA BOX, KOMIX J.NIPIS G-FORMULA B, KOMIX PEPP.G-FORMULA BOX
125035828;April 08, 2025;KOMIX HERBAL 15 ML, WOODS EXPECTORANT 60 ML
125035830;April 08, 2025;CEREBROFORT GOLD ORANGE 100 ML, CEREBROFORT GOLD STRAWBERY
125035839;April 08, 2025;B7 SLASI JERUK NIPIS 12'S, CEREBROFORT GOLD STRAWBERY, FATIGON KAPLET 10X6S
125035841;April 08, 2025;KOMIX HERBAL JERUK NIPIS, KOMIX HERBAL 15 ML, ENTROSTOP 10'S
125035843;April 08, 2025;SAKATONIK ABC STRAW 30TAB, SAKATONIK ABC ANGGUR30TAB
125035854;April 08, 2025;KOMIX HERBAL 15 ML, FATIGON KAPLET 10X6S
125035856;April 08, 2025;KOMIX HERBAL JAHE, PROMAG TABLET
125035863;April 08, 2025;KALPANAX K CREAM 5 GR, KALPANAX SALEP 6G/12, PROMAG TABLET
125035880;April 08, 2025;PROMAG SUSPENSI 10ML/6, PROMAG TABLET
125035881;April 08, 2025;ENTROSTOP 10'S, PROMAG TABLET
125035914;April 08, 2025;WOODS EXPECTORANT 60 ML, PROMAG TABLET
125035915;April 08, 2025;KALPANAX K CREAM 5 GR, ENTROSTOP 10'S
125035918;April 08, 2025;BEJO JAHE MERAH HERBAL 12 SC, WOODS EXPECTORANT 60 ML
125035925;April 08, 2025;MIXAGRIP FLU KAPLET 25X4, ENTROSTOP 10'S
125035931;April 08, 2025;KALPANAX K CREAM 5 GR, WOODS EXPECTORANT 100 ML
125035935;April 08, 2025;KOMIX HERBAL 15 ML, PROMAG HERBAL 15 ML
125035946;April 08, 2025;ENTROSTOP 10'S, PROMAG TABLET
125036031;April 08, 2025;BEJO JAHE MERAH HERBAL 12 SC, CEREBROFORT GOLD ORANGE 200 ML, KOMIX HERBAL 15 ML, KOMIX HERBAL ORI PACK, WOODS NATURALS SYR 60 ML
125036043;April 08, 2025;BEJO JAHE MERAH HERBAL 12 SC, WOODS EXPECTORANT 60 ML, WOODS EXPECTORANT 100 ML, CEREBROFORT M.G. TROPICAL FRUIT
125036045;April 08, 2025;KOMIX JAHE G-FORMULA BOX, WOODS COUGH SYR ATT 100ML, WOODS COUGH SYR ATT  60ML
125036056;April 08, 2025;SAKATONIK ACTIV MULTIVIT ZAT BESI - KAPLET 6S, SAKATONIK ABC STRAW 30TAB
125036063;April 08, 2025;FATIGON KAPLET 10X6S, FATIGON SPIRIT BOX 10X6S
125036072;April 08, 2025;KOMIX JAHE G-FORMULA BOX, KOMIX J.NIPIS G-FORMULA B, KOMIX PEPP.G-FORMULA BOX, KOMIX KID OBH PE, KOMIX OBH
125036073;April 08, 2025;KOMIX JAHE G-FORMULA BOX, KOMIX J.NIPIS G-FORMULA B, KOMIX PEPP.G-FORMULA BOX, KOMIX KID OBH PE, KOMIX OBH
125036099;April 08, 2025;WOODS EXPECTORANT 60 ML, WOODS EXPECTORANT 100 ML
125036109;April 08, 2025;PROMAG HERBAL 15 ML, CEREBROFORT M.G. AGGR SCH, FATIGON SPIRIT BOX 10X6S, XONCE TAB BOX 50'S
125036111;April 08, 2025;MIXAGRIP FLU KAPLET 25X4, PROCOLD FLU PE
125036125;April 08, 2025;BEJO JAHE MERAH HERBAL 6S MT, EXTRA JOSS SPORT GEL 2 TB, KOMIX HERBAL ORI PACK
125036130;April 08, 2025;KALPANAX K CREAM 5 GR, KALPANAX KRIM 10 GR, WOODS NATURALS SYR 60 ML
125036167;April 08, 2025;B7 SLASI JERUK NIPIS 12'S, KALPANAX K CREAM 5 GR, PROMAG TABLET
125036173;April 08, 2025;PROMAG HERBAL 15 ML, WOODS NATURALS SYR 60 ML, FATIGON SPIRIT BOX 10X6S
125036178;April 08, 2025;KALPANAX K CREAM 5 GR, KALPANAX SALEP 6G/12, KALPANAX KRIM 10 GR, SKT ACTIV SIRUP 100 ML, SKT ACTIV SIRUP 300 ML, WOODS LOZENGES 6'S
125036180;April 08, 2025;KOMIX HERBAL 15 ML, PROMAG HERBAL 15 ML, WOODS EXPECTORANT 60 ML, WOODS EXPECTORANT 100 ML
125036181;April 08, 2025;PUYER OSK BT NO.16/BOX, ENTROSTOP 10'S
125036183;April 08, 2025;CEREBROFORT M.G. AGGR SCH, CEREBROFORT MG JRK SCH, CEREBROFORT MG STRAW SCH, CEREBROFORT M.G. TROPICAL FRUIT
125036187;April 08, 2025;PROMAG HERBAL 15 ML, SKT ACTIV SIRUP 300 ML, SAKATONIK ABC STRAW 30TAB, SAKATONIK ABC ANGGUR30TAB
125036226;April 08, 2025;KALPANAX K CREAM 5 GR, WOODS EXPECTORANT 60 ML, ENTROSTOP 10'S
125036232;April 09, 2025;CEREBROFORT GOLD ORANGE 100 ML, SAKATONIK ACTIV MULTIVIT ZAT BESI - KAPLET 6S
125036243;April 09, 2025;KOMIX HERBAL 15 ML, ENTROSTOP 10'S
125036250;April 09, 2025;KOMIX HERBAL 15 ML, KOMIX HERBAL ORI PACK, MIXAGRIP HERBAL GREGES
125036251;April 09, 2025;CEREBROFORT GOLD ORANGE 200 ML, CEREBROFORT GOLD STRAWBERY
125036255;April 09, 2025;PROMAG TABLET, SAKATONIK ABC ANTARIKSA 30 TAB, SAKATONIK ABC STRAW 30TAB, SAKATONIK ABC ANGGUR30TAB, WOODS LOZENGES 6'S
125036260;April 09, 2025;PROMAG SUSPENSI 10ML/6, PROMAG HERBAL 15 ML, WOODS EXPECTORANT 60 ML
125036263;April 09, 2025;BEJO JAHE MERAH HERBAL 12 SC, CEREBROFORT GOLD ORANGE 200 ML, KOMIX HERBAL 15 ML, KOMIX HERBAL ORI PACK, WOODS NATURALS SYR 60 ML
125036271;April 09, 2025;ENTROSTOP 10'S, PROMAG TABLET
125036284;April 09, 2025;SKT ACTIV SIRUP 100 ML, SKT ACTIV SIRUP 300 ML
125036288;April 09, 2025;KOMIX JAHE G-FORMULA BOX, KOMIX J.NIPIS G-FORMULA B, KOMIX PEPP.G-FORMULA BOX
125036290;April 09, 2025;BEJO JAHE MERAH HERBAL 12 SC, WOODS LOZENGES 6'S
125036291;April 09, 2025;BEJO JAHE MERAH HERBAL 12 SC, KALPANAX SALEP 6G/12, WOODS NATURALS SYR 60 ML, SAKATONIK ABC ORANGE 30TAB
125036293;April 09, 2025;CEREBROFORT GOLD ORANGE 100 ML, CEREBROFORT GOLD ORANGE 200 ML, CEREBROFORT GOLD STRAWBERY
125036303;April 09, 2025;KOMIX HERBAL JAHE, ENTROSTOP 10'S
125036307;April 09, 2025;ENTROSTOP HERBAL ANAK, ENTROSTOP 10'S, PROCOLD FLU PE
125036314;April 09, 2025;KOMIX HERBAL JAHE, KOMIX HERBAL JERUK NIPIS, KOMIX HERBAL 15 ML, KOMIX HERBAL ORI PACK
125036316;April 09, 2025;BEJO JAHE MERAH HERBAL 12 SC, FATIGON KAPLET 10X6S, FATIGON SPIRIT BOX 10X6S, SAKATONIK ACTIV MULTIVIT ZAT BESI - KAPLET 6S
125036317;April 09, 2025;KOMIX HERBAL 15 ML, KOMIX HERBAL ORI PACK, B7 SLASI JERUK NIPIS 12'S, KALPANAX K CREAM 5 GR, SKT ACTIV SIRUP 100 ML, WOODS EXPECTORANT 60 ML, MIXAGRIP FLU KAPLET 25X4, ENTROSTOP 10'S, PROCOLD FLU PE, PROMAG TABLET
125036324;April 09, 2025;CEREBROFORT GOLD ORANGE 100 ML, CEREBROFORT GOLD ORANGE 200 ML, CEREBROFORT GOLD STRAWBERY
125036337;April 09, 2025;WOODS EXPECTORANT 60 ML, CEREBROFORT MG JRK SCH, CEREBROFORT M.G. TROPICAL FRUIT, WOODS LOZENGES 6'S
125036346;April 09, 2025;BEJO JAHE MERAH HERBAL 12 SC, PUYER OSK BT NO.16/BOX
125036357;April 09, 2025;CEREBROFORT M.G. AGGR SCH, CEREBROFORT MG JRK SCH, CEREBROFORT MG STRAW SCH, CEREBROFORT M.G. TROPICAL FRUIT, SKT ABC CURCUMA MADU
125036369;April 09, 2025;BEJO JAHE MERAH HERBAL 12 SC, CEREBROFORT GOLD STRAWBERY, PROMAG HERBAL 15 ML, ENTROSTOP 10'S, PROMAG TABLET, CEREBROFORT MG STRAW SCH, CEREBROFORT M.G. TROPICAL FRUIT, WOODS LOZENGES 6'S
125036371;April 09, 2025;KALPANAX K CREAM 5 GR, KALPANAX KRIM 10 GR, ENTROSTOP HERBAL ANAK, PROMAG HERBAL 15 ML
125036381;April 09, 2025;DORIS ANTI FLEAS, KALPANAX K CREAM 5 GR, PROMAG SUSPENSI BTL 60 ML, PROMAG HERBAL 15 ML, WOODS EXPECTORANT 60 ML, WOODS EXPECTORANT 100 ML, CEREBROFORT M.G. AGGR SCH, CEREBROFORT MG MGA SCH, CEREBROFORT M.G. TROPICAL FRUIT, MIXAGRIP FLU KAPLET 25X4, ENTROSTOP 10'S, PROCOLD FLU PE, PROMAG TABLET, SAKATONIK ABC ANTARIKSA 30 TAB
125036404;April 09, 2025;CEREBROFORT GOLD ORANGE 100 ML, CEREBROFORT GOLD STRAWBERY
125036415;April 09, 2025;PROMAG HERBAL 15 ML, SKT ACTIV SIRUP 100 ML
125036416;April 09, 2025;EXTRA JOSS SPORT 5 TB, KOMIX HERBAL 15 ML
125036424;April 09, 2025;CEREBROFORT GOLD STRAWBERY, CEREBROFORT M.G. AGGR SCH, CEREBROFORT MG MGA SCH, CEREBROFORT M.G. TROPICAL FRUIT, FATIGON KAPLET 10X6S, FATIGON SPIRIT BOX 10X6S, PROMAG TABLET
125036443;April 09, 2025;SAKATONIK ABC ANTARIKSA 30 TAB, SAKATONIK ABC STRAW 30TAB, SAKATONIK ABC ANGGUR30TAB, SAKATONIK ABC ORANGE 30TAB
125036480;April 09, 2025;BEJO JAHE MERAH HERBAL 12 SC, ENTROSTOP 10'S
125036495;April 09, 2025;CEREBROFORT GOLD ORANGE 200 ML, KOMIX HERBAL ORI PACK, EXTRA JOSS ACTIVE 12SCH
125036516;April 09, 2025;KOMIX HERBAL JAHE, KOMIX HERBAL JERUK NIPIS
125036517;April 09, 2025;BEJO JAHE MERAH HERBAL 6S MT, BEJO JAHE MERAH HERBAL 12 SC, SKT ACTIV SIRUP 100 ML, SKT ACTIV SIRUP 300 ML, SAKATONIK ABC ANTARIKSA 30 TAB, SAKATONIK ABC STRAW 30TAB, SAKATONIK ABC ANGGUR30TAB, SAKATONIK ABC ORANGE 30TAB, SKT ABC CURCUMA MADU
125036542;April 09, 2025;KOMIX HERBAL JAHE, KOMIX HERBAL JERUK NIPIS, PROMAG HERBAL 15 ML
125036543;April 09, 2025;KOMIX HERBAL JAHE, KOMIX HERBAL JERUK NIPIS, KOMIX HERBAL ORI PACK
125036551;April 09, 2025;WOODS COUGH SYR ATT  60ML, WOODS EXPECTORANT 60 ML
125036563;April 09, 2025;BEJO JAHE MERAH HERBAL 12 SC, WOODS EXPECTORANT 60 ML, SAKATONIK ABC ANGGUR30TAB
125036572;April 09, 2025;CEREBROFORT MG STRAW SCH, CEREBROFORT M.G. TROPICAL FRUIT
125036625;April 09, 2025;KOMIX JAHE G-FORMULA BOX, KOMIX J.NIPIS G-FORMULA B, KOMIX PEPP.G-FORMULA BOX
125036630;April 09, 2025;WOODS EXPECTORANT 60 ML, WOODS EXPECTORANT 100 ML
125036658;April 09, 2025;KALPANAX KRIM 10 GR, ENTROSTOP HERBAL ANAK, WOODS EXPECTORANT 60 ML, ENTROSTOP 10'S
125036667;April 09, 2025;KOMIX HERBAL JAHE, KOMIX HERBAL JERUK NIPIS, KOMIX HERBAL ORI PACK
125036686;April 10, 2025;KOMIX HERBAL JAHE, KOMIX HERBAL JERUK NIPIS, ENTROSTOP HERBAL ANAK, ENTROSTOP 10'S, PROMAG TABLET
125036693;April 10, 2025;KALPANAX SALEP 6G/12, WOODS EXPECTORANT 60 ML, WOODS NATURALS SYR 60 ML, SAKATONIK ABC ANTARIKSA 30 TAB, SAKATONIK ABC STRAW 30TAB, SAKATONIK ABC ANGGUR30TAB, SAKATONIK ABC ORANGE 30TAB
125036708;April 10, 2025;ENTROSTOP HERBAL ANAK, SAKATONIK ABC ANTARIKSA 30 TAB, SAKATONIK ABC ANGGUR30TAB
125036709;April 10, 2025;CEREBROFORT M.G. AGGR SCH, CEREBROFORT MG MGA SCH, CEREBROFORT MG JRK SCH, CEREBROFORT MG STRAW SCH, ENTROSTOP 10'S
125036712;April 10, 2025;KALPANAX K CREAM 5 GR, KALPANAX KRIM 10 GR
125036713;April 10, 2025;PROMAG SUSPENSI 10ML/6, PROMAG HERBAL 15 ML
125036722;April 10, 2025;BEJO JAHE MERAH HERBAL 12 SC, WOODS NATURALS SYR 60 ML
125036748;April 10, 2025;CEREBROFORT GOLD ORANGE 100 ML, CEREBROFORT GOLD ORANGE 200 ML, CEREBROFORT GOLD STRAWBERY, SAKATONIK ABC ANTARIKSA 30 TAB, SAKATONIK ABC STRAW 30TAB, SAKATONIK ABC ANGGUR30TAB, SAKATONIK ABC ORANGE 30TAB
125036777;April 10, 2025;CEREBROFORT GOLD ORANGE 200 ML, SAKATONIK ABC STRAW 30TAB, SAKATONIK ABC ANGGUR30TAB
125036784;April 10, 2025;WOODS EXPECTORANT 60 ML, FATIGON KAPLET 10X6S, FATIGON SPIRIT BOX 10X6S
125036813;April 10, 2025;ENTROSTOP HERBAL ANAK, ENTROSTOP 10'S
125036814;April 10, 2025;CEREBROFORT M.G. AGGR SCH, CEREBROFORT MG JRK SCH, CEREBROFORT MG STRAW SCH, SAKATONIK ABC STRAW 30TAB, SAKATONIK ABC ANGGUR30TAB, SAKATONIK ABC ORANGE 30TAB
125036826;April 10, 2025;PROMAG SUSPENSI 10ML/6, SAKATONIK ABC STRAW 30TAB
125036831;April 10, 2025;BEJO JAHE MERAH HERBAL 12 SC, FATIGON SPIRIT BOX 10X6S
125036836;April 10, 2025;KALPANAX K CREAM 5 GR, KALPANAX SALEP 6G/12
125036853;April 10, 2025;FATIGON KAPLET 10X6S, ENTROSTOP 10'S
125036873;April 10, 2025;KALPANAX SALEP 6G/12, ENTROSTOP 10'S, PROMAG TABLET
125036874;April 10, 2025;KOMIX HERBAL JAHE, KOMIX HERBAL JERUK NIPIS, KOMIX HERBAL 15 ML, PROMAG TABLET
125036881;April 10, 2025;PUYER OSK BT NO.16/BOX, KALPANAX K CREAM 5 GR, ENTROSTOP 10'S, PROCOLD FLU PE
125036885;April 10, 2025;WOODS COUGH SYR ATT 100ML, WOODS COUGH SYR ATT  60ML
125036888;April 10, 2025;KOMIX HERBAL LEMON, KOMIX HERBAL 15 ML, SKT ACTIV SIRUP 300 ML
125036902;April 10, 2025;PROMAG SUSPENSI 10ML/6, WOODS EXPECTORANT 60 ML
125036909;April 10, 2025;MIXAGRIP FLU KAPLET 25X4, PROCOLD FLU PE
125036914;April 10, 2025;BEJO JAHE MERAH HERBAL 6S MT, EXTRA JOSS SPORT GEL 2 TB, KOMIX HERBAL 15 ML, KOMIX HERBAL ORI PACK, EXTRA JOSS ACTIVE 6 SCH
125036917;April 10, 2025;KALPANAX SALEP 6G/12, PROMAG HERBAL 15 ML, WOODS NATURALS SYR 60 ML, CEREBROFORT M.G. AGGR SCH, CEREBROFORT MG STRAW SCH, FATIGON SPIRIT BOX 10X6S, SAKATONIK ABC ANTARIKSA 30 TAB, SAKATONIK ABC STRAW 30TAB, XONCE TAB BOX 50'S
125036942;April 10, 2025;PROMAG SUSPENSI BTL 60 ML, PROMAG HERBAL 15 ML, SKT ACTIV SIRUP 300 ML, CEREBROFORT MG MGA SCH, CEREBROFORT MG JRK SCH, CEREBROFORT MG STRAW SCH, ENTROSTOP 10'S
125036943;April 10, 2025;FATIGON SPIRIT BOX 10X6S, ENTROSTOP 10'S
125036944;April 10, 2025;SKT ACTIV SIRUP 100 ML, SKT ACTIV SIRUP 300 ML
125036950;April 10, 2025;ENTROSTOP HERBAL ANAK, KOMIX HERBAL JERUK NIPIS, SAKATONIK ABC ANTARIKSA 30 TAB
125036966;April 10, 2025;BEJO JAHE MERAH HERBAL 6S MT, KOMIX HERBAL 15 ML, KOMIX HERBAL ORI PACK, KOMIX HERBAL PEPPERMINT
125036981;April 10, 2025;KOMIX JAHE G-FORMULA BOX, KOMIX J.NIPIS G-FORMULA B, KOMIX OBH
125036991;April 10, 2025;KOMIX JAHE G-FORMULA BOX, KOMIX J.NIPIS G-FORMULA B, KOMIX PEPP.G-FORMULA BOX, KOMIX OBH
125036995;April 10, 2025;SAKATONIK ACTIV MULTIVIT ZAT BESI - KAPLET 6S, SAKATONIK ABC STRAW 30TAB
125037030;April 10, 2025;KOMIX HERBAL JAHE, KOMIX HERBAL JERUK NIPIS, KOMIX HERBAL 15 ML, KOMIX HERBAL ORI PACK, KOMIX HERBAL PEPPERMINT, ENTROSTOP HERBAL ANAK
125037032;April 10, 2025;KALPANAX K CREAM 5 GR, KALPANAX KRIM 10 GR
125037046;April 10, 2025;KOMIX JAHE G-FORMULA BOX, KOMIX J.NIPIS G-FORMULA B
125037048;April 10, 2025;MIXAGRIP FLU KAPLET 25X4, PROMAG TABLET
125037052;April 10, 2025;CEREBROFORT GOLD STRAWBERY, KOMIX HERBAL 15 ML, PROMAG SUSPENSI BTL 60 ML, PROMAG HERBAL 15 ML, PROMAG TABLET
125037091;April 10, 2025;KALPANAX K CREAM 5 GR, SKT ACTIV SIRUP 100 ML, MIXAGRIP FLU &BATUK PE, MIXAGRIP FLU KAPLET 25X4, SAKATONIK ABC STRAW 30TAB, SAKATONIK ABC ANGGUR30TAB, SAKATONIK ABC ORANGE 30TAB
125037092;April 10, 2025;BEJO JAHE MERAH HERBAL 12 SC, KOMIX J.NIPIS G-FORMULA B, MIXAGRIP FLU KAPLET 25X4, PROMAG TABLET
125037093;April 10, 2025;EXTRA JOSS ACTIVE 12SCH, KOMIX JAHE G-FORMULA BOX, KOMIX J.NIPIS G-FORMULA B
125037105;April 10, 2025;KALPANAX K CREAM 5 GR, KALPANAX KRIM 10 GR, ENTROSTOP 10'S, PROMAG TABLET
125037122;April 10, 2025;KOMIX HERBAL JAHE, KOMIX HERBAL PEPPERMINT, EXTRA JOSS ACTIVE 12SCH, EXTRA JOSS MANGGA LAKI
125037127;April 10, 2025;KOMIX HERBAL JAHE, KOMIX HERBAL JERUK NIPIS, KOMIX HERBAL ORI PACK
125037131;April 10, 2025;KOMIX JAHE G-FORMULA BOX, KOMIX J.NIPIS G-FORMULA B, KOMIX KID OBH PE
125037136;April 10, 2025;KOMIX HERBAL 15 ML, WOODS EXPECTORANT 60 ML, WOODS LOZENGES 6'S
125037152;April 11, 2025;KALPANAX KRIM 10 GR, WOODS NATURALS SYR 60 ML, PROCOLD FLU PE
125037158;April 11, 2025;PROMAG HERBAL 15 ML, ENTROSTOP 10'S
125037174;April 11, 2025;KOMIX HERBAL ORI PACK, CEREBROFORT MG JRK SCH
125037177;April 11, 2025;KOMIX HERBAL ORI PACK, EXTRA JOSS GO RASA ANGGUR, EXTRA JOSS MANGGA LAKI
125037187;April 11, 2025;WOODS LOZENGES 6'S, WOODS LOZENGES ORANGE VITAMIN C
125037188;April 11, 2025;KOMIX HERBAL ORI PACK, KALPANAX K CREAM 5 GR, PROMAG SUSPENSI BTL 60 ML
125037189;April 11, 2025;WOODS NATURALS SYR 60 ML, WOODS LOZENGES CHERRY 6'S, WOODS LOZENGES 6'S
125037190;April 11, 2025;CEREBROFORT GOLD ORANGE 200 ML, WOODS EXPECTORANT 60 ML, ENTROSTOP 10'S
125037194;April 11, 2025;ENTROSTOP HERBAL ANAK, SKT ACTIV SIRUP 300 ML
125037209;April 11, 2025;KOMIX HERBAL JAHE, KOMIX HERBAL 15 ML, PROCOLD FLU PE
125037215;April 11, 2025;WOODS COUGH SYR ATT  60ML, PROCOLD FLU BATUK PE
125037217;April 11, 2025;B7 SLASI JERUK NIPIS 12'S, KALPANAX SALEP 6G/12, SAKATONIK ABC ANGGUR30TAB, SAKATONIK ABC ORANGE 30TAB
125037225;April 11, 2025;KOMIX J.NIPIS G-FORMULA B, PROCOLD FLU BATUK PE
125037241;April 11, 2025;CEREBROFORT GOLD STRAWBERY, PROMAG HERBAL 15 ML
125037260;April 11, 2025;KALPANAX KRIM 10 GR, ENTROSTOP 10'S
125037265;April 11, 2025;KALPANAX SALEP 6G/12, KOMIX HERBAL 15 ML
125037271;April 11, 2025;SAKATONIK ABC STRAW 30TAB, SAKATONIK ABC ANGGUR30TAB, SKT ABC CURCUMA MADU
125037294;April 11, 2025;CEREBROFORT GOLD ORANGE 100 ML, PROMAG HERBAL 15 ML, MIXAGRIP FLU KAPLET 25X4, PROMAG TABLET
125037304;April 11, 2025;BEJO JAHE MERAH HERBAL 6S MT, BEJO JAHE MERAH HERBAL 12 SC
125037311;April 11, 2025;KALPANAX K CREAM 5 GR, ENTROSTOP HERBAL ANAK, ENTROSTOP 10'S
125037320;April 11, 2025;KALPANAX K CREAM 5 GR, KALPANAX SALEP 6G/12, KALPANAX KRIM 10 GR, WAISAN NEW FORMULA  /LUSIN, WOODS EXPECTORANT 60 ML, SAKATONIK ABC ANTARIKSA 30 TAB, SAKATONIK ABC STRAW 30TAB, SAKATONIK ABC ANGGUR30TAB, SAKATONIK ABC ORANGE 30TAB, SKT ABC CURCUMA MADU
125037383;April 11, 2025;KOMIX J.NIPIS G-FORMULA B, KOMIX OBH
125037405;April 11, 2025;MIXAGRIP FLU KAPLET 25X4, PROCOLD FLU PE
125037410;April 11, 2025;PROMAG SUSPENSI 10ML/6, ENTROSTOP 10'S
125037414;April 11, 2025;KALPANAX K CREAM 5 GR, WOODS EXPECTORANT 60 ML, ENTROSTOP 10'S
125037415;April 11, 2025;KOMIX HERBAL 15 ML, KOMIX HERBAL ORI PACK
125037431;April 11, 2025;SAKATONIK ABC STRAW 30TAB, SAKATONIK ABC ANGGUR30TAB, SAKATONIK ABC ORANGE 30TAB
125037438;April 11, 2025;BEJO JAHE MERAH HERBAL 12 SC, EXTRA JOSS ACTIVE 12SCH
125037479;April 11, 2025;KOMIX HERBAL JERUK NIPIS, KOMIX HERBAL 15 ML
125037488;April 11, 2025;CEREBROFORT GOLD STRAWBERY, PUYER OSK BT NO.16/BOX, ENTROSTOP 10'S
125037510;April 11, 2025;KOMIX JAHE G-FORMULA BOX, KOMIX J.NIPIS G-FORMULA B, KOMIX PEPP.G-FORMULA BOX
125037511;April 11, 2025;BEJO JAHE MERAH HERBAL 12 SC, KOMIX HERBAL 15 ML, KOMIX HERBAL ORI PACK, KOMIX KID OBH PE, BEJO JAHE MERAH HERBAL 6S MT
125037514;April 11, 2025;BEJO JAHE MERAH HERBAL 12 SC, PROMAG SUSPENSI BTL 60 ML
125037550;April 11, 2025;KOMIX HERBAL 15 ML, WOODS EXPECTORANT 60 ML, WOODS EXPECTORANT 100 ML
125037551;April 11, 2025;PROMAG SUSPENSI 10ML/6, PROMAG TABLET
125037553;April 11, 2025;KOMIX HERBAL ORI PACK, SKT ACTIV SIRUP 100 ML, WOODS EXPECTORANT 60 ML
125037556;April 11, 2025;CEREBROFORT GOLD ORANGE 100 ML, CEREBROFORT GOLD STRAWBERY, FATIGON SPIRIT BOX 10X6S
125037557;April 11, 2025;BEJO JAHE MERAH HERBAL 12 SC, ENTROSTOP 10'S
125037563;April 11, 2025;WOODS COUGH SYR ATT 100ML, WOODS COUGH SYR ATT  60ML
125037568;April 11, 2025;PROMAG HERBAL 15 ML, PROMAG TABLET
125037575;April 11, 2025;KOMIX HERBAL 15 ML, PROMAG TABLET, WOODS EXPECTORANT 60 ML
125037586;April 12, 2025;KALPANAX K CREAM 5 GR, WOODS COUGH SYR ATT 100ML, WOODS COUGH SYR ATT  60ML
125037615;April 12, 2025;KOMIX JAHE G-FORMULA BOX, KOMIX KID OBH PE, KOMIX OBH
125037664;April 14, 2025;SAKATONIK ABC ANTARIKSA 30 TAB, SAKATONIK ABC STRAW 30TAB, SAKATONIK ABC ANGGUR30TAB
125037677;April 14, 2025;ENTROSTOP HERBAL ANAK, WOODS EXPECTORANT 100 ML, WOODS LOZENGES CHERRY 6'S
125037680;April 14, 2025;KOMIX HERBAL ORI PACK, WOODS EXPECTORANT 60 ML
125037693;April 14, 2025;BEJO JAHE MERAH HERBAL 12 SC, KALPANAX K CREAM 5 GR, ENTROSTOP HERBAL ANAK, FATIGON KAPLET 10X6S, ENTROSTOP 10'S, SAKATONIK ABC STRAW 30TAB, SAKATONIK ABC ANGGUR30TAB
125037694;April 14, 2025;KOMIX HERBAL JERUK NIPIS, KOMIX HERBAL 15 ML, ENTROSTOP 10'S
125037696;April 14, 2025;KOMIX HERBAL JAHE, KOMIX HERBAL JERUK NIPIS, KOMIX HERBAL 15 ML
125037697;April 14, 2025;WOODS EXPECTORANT 60 ML, WOODS LOZENGES 6'S
125037698;April 14, 2025;KOMIX HERBAL 15 ML, ENTROSTOP 10'S, PROCOLD FLU PE, PROMAG TABLET
125037715;April 14, 2025;KOMIX HERBAL 15 ML, PROMAG SUSPENSI BTL 60 ML
125037716;April 14, 2025;KOMIX HERBAL JAHE, KOMIX HERBAL 15 ML
125037720;April 14, 2025;PROMAG SUSPENSI BTL 60 ML, PROMAG TABLET
125037723;April 14, 2025;ENTROSTOP HERBAL ANAK, ENTROSTOP 10'S
125037726;April 14, 2025;KOMIX HERBAL 15 ML, PROMAG TABLET
125037729;April 14, 2025;WOODS COUGH SYR ATT 100ML, WOODS COUGH SYR ATT  60ML
125037733;April 14, 2025;CEREBROFORT GOLD ORANGE 100 ML, WOODS EXPECTORANT 60 ML, CEREBROFORT MG JRK SCH, CEREBROFORT MG STRAW SCH
125037735;April 14, 2025;SAKATONIK ABC STRAW 30TAB, SAKATONIK ABC ANGGUR30TAB, SAKATONIK ABC ORANGE 30TAB
125037747;April 14, 2025;CEREBROFORT GOLD ORANGE 200 ML, WOODS EXPECTORANT 60 ML
125037748;April 14, 2025;EXTRA JOSS ACTIVE 12SCH, EXTRA JOSS GO RASA ANGGUR, FATIGON KAPLET 10X6S, FATIGON SPIRIT BOX 10X6S
125037750;April 14, 2025;PROMAG TABLET, SAKATONIK ABC ANTARIKSA 30 TAB, SAKATONIK ABC STRAW 30TAB
125037752;April 14, 2025;SAKATONIK ABC ANTARIKSA 30 TAB, SAKATONIK ABC STRAW 30TAB, SAKATONIK ABC ANGGUR30TAB, SAKATONIK ABC ORANGE 30TAB
125037764;April 14, 2025;KALPANAX SALEP 6G/12, ENTROSTOP 10'S
125037776;April 14, 2025;KALPANAX K CREAM 5 GR, KALPANAX SALEP 6G/12, WOODS NATURALS SYR 60 ML, CEREBROFORT M.G. AGGR SCH, FATIGON SPIRIT BOX 10X6S
125037777;April 14, 2025;PROMAG HERBAL 15 ML, WOODS EXPECTORANT 60 ML
125037807;April 14, 2025;BEJO JAHE MERAH HERBAL 12 SC, SAKATONIK ABC STRAW 30TAB, SAKATONIK ABC ANGGUR30TAB
125037828;April 14, 2025;WOODS LOZENGES CHERRY 6'S, WOODS LOZENGES 6'S, WOODS LOZ HONEY LEMON, WOODS LOZENGES ORANGE VITAMIN C, WOODS LOZENGES LEMON VITAMIN C
125037831;April 14, 2025;FATIGON KAPLET 10X6S, FATIGON SPIRIT BOX 10X6S, MIXAGRIP FLU KAPLET 25X4, ENTROSTOP 10'S, SAKATONIK ABC ANTARIKSA 30 TAB, SAKATONIK ABC STRAW 30TAB, SAKATONIK ABC ANGGUR30TAB, SAKATONIK ABC ORANGE 30TAB, WOODS LOZENGES 6'S
125037856;April 14, 2025;PUYER OSK BT NO.16/BOX, KALPANAX K CREAM 5 GR, KALPANAX SALEP 6G/12, PROMAG SUSPENSI BTL 60 ML, PROMAG HERBAL 15 ML, WOODS EXPECTORANT 60 ML, FATIGON KAPLET 10X6S, FATIGON SPIRIT BOX 10X6S, ENTROSTOP 10'S, PROMAG TABLET
125037859;April 14, 2025;KOMIX HERBAL ORI PACK, WOODS EXPECTORANT 60 ML
125037860;April 14, 2025;B7 SLASI JERUK NIPIS 12'S, CEREBROFORT GOLD STRAWBERY, FATIGON KAPLET 10X6S
125037863;April 14, 2025;ENTROSTOP HERBAL ANAK, PROMAG HERBAL 15 ML, ENTROSTOP 10'S, PROMAG TABLET
125037865;April 14, 2025;KALPANAX SALEP 6G/12, PROMAG SUSPENSI BTL 60 ML
125037891;April 14, 2025;ENTROSTOP 10'S, SAKATONIK ACTIV MULTIVIT ZAT BESI - KAPLET 6S
125037903;April 14, 2025;PROMAG TABLET, SAKATONIK ABC ANTARIKSA 30 TAB, SAKATONIK ABC STRAW 30TAB, SAKATONIK ABC ANGGUR30TAB, SAKATONIK ABC ORANGE 30TAB
125037905;April 14, 2025;ENTROSTOP HERBAL ANAK, PROMAG HERBAL 15 ML, ENTROSTOP 10'S, PROMAG TABLET, WOODS EXPECTORANT 60 ML, WOODS EXPECTORANT 100 ML, WOODS LOZENGES 6'S, WOODS LOZ HONEY LEMON
125037906;April 14, 2025;WOODS EXPECTORANT 60 ML, WOODS EXPECTORANT 100 ML, FATIGON SPIRIT BOX 10X6S
125037914;April 14, 2025;PROMAG TABLET, WOODS LOZENGES 6'S
125037917;April 14, 2025;ENTROSTOP HERBAL ANAK, PROMAG HERBAL 15 ML, WOODS LOZENGES 6'S
125037920;April 14, 2025;KOMIX HERBAL JAHE, KOMIX HERBAL JERUK NIPIS, KOMIX HERBAL ORI PACK, EXTRA JOSS ACTIVE 12SCH
125037925;April 14, 2025;BEJO JAHE MERAH HERBAL 12 SC, EXTRA JOSS ACTIVE 12SCH
125037931;April 14, 2025;BEJO JAHE MERAH HERBAL 12 SC, EXTRA JOSS ACTIVE 12SCH
125037936;April 14, 2025;PUYER OSK BT NO.16/BOX, KOMIX JAHE G-FORMULA BOX, KOMIX J.NIPIS G-FORMULA B
125037955;April 14, 2025;KOMIX HERBAL ORI PACK, PROMAG SUSPENSI 10ML/6
125037969;April 14, 2025;KALPANAX SALEP 6G/12, CEREBROFORT GOLD ORANGE 200 ML, ENTROSTOP HERBAL ANAK, PROMAG HERBAL 15 ML, WAISAN NEW FORMULA  /LUSIN, PROMAG TABLET
125037972;April 14, 2025;SAKATONIK ABC ANTARIKSA 30 TAB, SAKATONIK ABC STRAW 30TAB, SAKATONIK ABC ANGGUR30TAB, SAKATONIK ABC ORANGE 30TAB
125037973;April 14, 2025;ENTROSTOP 10'S, PROMAG TABLET
125037977;April 14, 2025;PROMAG HERBAL 15 ML, CEREBROFORT MG JRK SCH, CEREBROFORT MG STRAW SCH, PROMAG TABLET
125037979;April 14, 2025;KALPANAX K CREAM 5 GR, KALPANAX KRIM 10 GR, CEREBROFORT GOLD STRAWBERY, MIXAGRIP HERBAL GREGES, WOODS EXPECTORANT 60 ML, MIXAGRIP FLU KAPLET 25X4
125037980;April 14, 2025;PUYER OSK BT NO.16/BOX, WOODS EXPECTORANT 60 ML
125037987;April 14, 2025;KOMIX JAHE G-FORMULA BOX, KOMIX J.NIPIS G-FORMULA B
125037988;April 14, 2025;KOMIX JAHE G-FORMULA BOX, KOMIX J.NIPIS G-FORMULA B
125037989;April 14, 2025;ENTROSTOP HERBAL DEWASA 15 ML, PROMAG SUSPENSI 10ML/6, ENTROSTOP 10'S, KOMIX HERBAL 15 ML
125037990;April 14, 2025;KALPANAX K CREAM 5 GR, KALPANAX SALEP 6G/12
125037994;April 14, 2025;KALPANAX SALEP 6G/12, KALPANAX KRIM 10 GR
125037998;April 14, 2025;KOMIX J.NIPIS G-FORMULA B, KOMIX KID OBH PE
125038039;April 14, 2025;KALPANAX K CREAM 5 GR, PROMAG TABLET
125038040;April 14, 2025;KOMIX HERBAL JAHE, KOMIX HERBAL JERUK NIPIS, KOMIX HERBAL 15 ML, CEREBROFORT GOLD ORANGE 100 ML, CEREBROFORT GOLD ORANGE 200 ML, PROMAG SUSPENSI BTL 60 ML, PROMAG HERBAL 15 ML, SKT ACTIV SIRUP 100 ML, SKT ACTIV SIRUP 300 ML, WOODS EXPECTORANT 60 ML, WOODS LOZENGES 6'S, WOODS LOZ HONEY LEMON
125038053;April 14, 2025;KALPANAX SALEP 6G/12, FATIGON SPIRIT BOX 10X6S, PROMAG TABLET
125038055;April 14, 2025;KALPANAX K CREAM 5 GR, KALPANAX KRIM 10 GR
125038073;April 14, 2025;KALPANAX K CREAM 5 GR, PROMAG TABLET, SAKATONIK ABC ANTARIKSA 30 TAB, SAKATONIK ABC STRAW 30TAB, SAKATONIK ABC ORANGE 30TAB
125038074;April 14, 2025;WOODS EXPECTORANT 60 ML, WOODS EXPECTORANT 100 ML, ENTROSTOP 10'S, PROMAG TABLET, SKT ABC CURCUMA MADU
125038075;April 14, 2025;KALPANAX KRIM 10 GR, PROMAG SUSPENSI 10ML/6
125038081;April 14, 2025;KOMIX HERBAL JAHE, KOMIX HERBAL JERUK NIPIS, KOMIX HERBAL ORI PACK, EXTRA JOSS ACTIVE 12SCH
125038101;April 14, 2025;PROMAG SUSPENSI BTL 60 ML, PROMAG HERBAL 15 ML
125038102;April 14, 2025;PUYER OSK BT NO.16/BOX, KALPANAX K CREAM 5 GR
125038119;April 14, 2025;ENTROSTOP 10'S, PROMAG TABLET
125038124;April 14, 2025;KOMIX HERBAL JAHE, KOMIX HERBAL JERUK NIPIS, KOMIX HERBAL ORI PACK
125038140;April 14, 2025;CEREBROFORT GOLD ORANGE 100 ML, CEREBROFORT GOLD STRAWBERY, ENTROSTOP HERBAL ANAK, SAKATONIK ABC STRAW 30TAB, SAKATONIK ABC ANGGUR30TAB, SAKATONIK ABC ORANGE 30TAB
125038141;April 14, 2025;BEJO JAHE MERAH HERBAL 12 SC, KOMIX HERBAL JAHE, KOMIX HERBAL JERUK NIPIS, KOMIX HERBAL 15 ML, KOMIX HERBAL ORI PACK, EXTRA JOSS GO RASA ANGGUR, EXTRA JOSS MANGGA LAKI, ENTROSTOP HERBAL DEWASA 15 ML, ENTROSTOP HERBAL ANAK, WOODS LOZENGES 6'S
125038149;April 14, 2025;BEJO JAHE MERAH HERBAL 12 SC, EXTRA JOSS ACTIVE 12SCH
125038158;April 14, 2025;KOMIX JAHE G-FORMULA BOX, KOMIX J.NIPIS G-FORMULA B, KOMIX KID OBH PE
125038169;April 14, 2025;KOMIX HERBAL JAHE, KOMIX HERBAL JERUK NIPIS, KOMIX HERBAL 15 ML, KOMIX HERBAL ORI PACK
125038170;April 14, 2025;ENTROSTOP 10'S, PROCOLD FLU PE, PROMAG TABLET
125038186;April 14, 2025;BEJO JAHE MERAH HERBAL 12 SC, KOMIX HERBAL JAHE, KOMIX HERBAL JERUK NIPIS, KOMIX HERBAL 15 ML, KOMIX HERBAL ORI PACK, ENTROSTOP HERBAL DEWASA 15 ML, ENTROSTOP HERBAL ANAK, WOODS LOZENGES CHERRY 6'S, WOODS LOZENGES 6'S, WOODS LOZ HONEY LEMON, WOODS LOZENGES ORANGE VITAMIN C, WOODS LOZENGES LEMON VITAMIN C
125038190;April 14, 2025;ENTROSTOP 10'S, PROMAG TABLET
125038191;April 14, 2025;PROMAG SUSPENSI BTL 60 ML, PROMAG TABLET
125038192;April 14, 2025;PROMAG SUSPENSI BTL 60 ML, WOODS EXPECTORANT 60 ML, FATIGON SPIRIT BOX 10X6S, ENTROSTOP 10'S, PROMAG TABLET, WOODS LOZENGES 6'S
125038208;April 14, 2025;PUYER OSK BT NO.16/BOX, ENTROSTOP HERBAL ANAK, WOODS EXPECTORANT 60 ML, WOODS EXPECTORANT 100 ML
125038209;April 14, 2025;BEJO JAHE MERAH HERBAL 12 SC, KOMIX HERBAL 15 ML, EXTRA JOSS ACTIVE 12SCH
125038220;April 14, 2025;EXTRA JOSS ACTIVE 12SCH, WOODS LOZENGES 6'S
125038231;April 14, 2025;SAKATONIK ABC ANTARIKSA 30 TAB, SAKATONIK ABC STRAW 30TAB, SAKATONIK ABC ANGGUR30TAB, SAKATONIK ABC ORANGE 30TAB
125038237;April 14, 2025;BEJO JAHE MERAH HERBAL 12 SC, KOMIX HERBAL 15 ML, ENTROSTOP HERBAL ANAK, CEREBROFORT M.G. AGGR SCH, CEREBROFORT MG MGA SCH, CEREBROFORT MG JRK SCH, CEREBROFORT MG STRAW SCH, WOODS LOZENGES CHERRY 6'S, WOODS LOZENGES 6'S, WOODS LOZ HONEY LEMON, WOODS LOZENGES ORANGE VITAMIN C, WOODS LOZENGES LEMON VITAMIN C
125038249;April 14, 2025;ENTROSTOP HERBAL ANAK, CEREBROFORT MG MGA SCH, CEREBROFORT MG JRK SCH, CEREBROFORT MG STRAW SCH, ENTROSTOP 10'S, SKT ABC CURCUMA MADU
125038250;April 14, 2025;KALPANAX K CREAM 5 GR, CEREBROFORT GOLD ORANGE 100 ML, CEREBROFORT GOLD ORANGE 200 ML, CEREBROFORT GOLD STRAWBERY, PUYER OSK BT NO.16/BOX, WAISAN NEW FORMULA  /LUSIN, WOODS EXPECTORANT 60 ML, WOODS EXPECTORANT 100 ML, WOODS NATURALS SYR 60 ML, SAKATONIK ABC ANTARIKSA 30 TAB, SAKATONIK ABC STRAW 30TAB, SAKATONIK ABC ANGGUR30TAB, SAKATONIK ABC ORANGE 30TAB, SKT ABC CURCUMA MADU
125038251;April 14, 2025;KOMIX HERBAL JAHE, KOMIX HERBAL JERUK NIPIS
125038253;April 14, 2025;KALPANAX SALEP 6G/12, CEREBROFORT GOLD ORANGE 100 ML, ENTROSTOP HERBAL ANAK, PROMAG HERBAL 15 ML, WOODS EXPECTORANT 60 ML, CEREBROFORT M.G. AGGR SCH, CEREBROFORT MG JRK SCH, CEREBROFORT MG STRAW SCH, ENTROSTOP 10'S, SAKATONIK ACTIV MULTIVIT ZAT BESI - KAPLET 6S, WOODS LOZENGES 6'S, WOODS LOZ HONEY LEMON, WOODS LOZENGES ORANGE VITAMIN C
125038288;April 15, 2025;WOODS COUGH SYR ATT 100ML, WOODS COUGH SYR ATT  60ML
125038290;April 15, 2025;MEXTRIL BATUK-TABLET BOX, PROCOLD FLU BATUK PE
125038296;April 15, 2025;KOMIX JAHE G-FORMULA BOX, KOMIX J.NIPIS G-FORMULA B
125038301;April 15, 2025;KALPANAX K CREAM 5 GR, WOODS EXPECTORANT 60 ML, PUYER OSK BT NO.16/BOX, FATIGON SPIRIT BOX 10X6S, WOODS LOZENGES 6'S
125038309;April 15, 2025;KOMIX HERBAL JERUK NIPIS, KOMIX HERBAL 15 ML, KOMIX HERBAL ORI PACK
125038310;April 15, 2025;KOMIX HERBAL 15 ML, WOODS EXPECTORANT 60 ML
125038311;April 15, 2025;KOMIX HERBAL JAHE, KOMIX HERBAL JERUK NIPIS, KOMIX HERBAL 15 ML, KOMIX HERBAL ORI PACK
125038315;April 15, 2025;KALPANAX K CREAM 5 GR, WOODS EXPECTORANT 60 ML, PROMAG TABLET
125038321;April 15, 2025;KOMIX HERBAL 15 ML, KOMIX HERBAL ORI PACK
125038328;April 15, 2025;SAKATONIK ABC ANTARIKSA 30 TAB, SAKATONIK ABC ANGGUR30TAB, SAKATONIK ABC ORANGE 30TAB
125038335;April 15, 2025;BEJO JAHE MERAH HERBAL 6S MT, WOODS EXPECTORANT 60 ML, ENTROSTOP 10'S
125038354;April 15, 2025;BEJO JAHE MERAH HERBAL 12 SC, ENTROSTOP HERBAL ANAK, KOMIX HERBAL 15 ML, MIXAGRIP HERBAL GREGES
125038370;April 15, 2025;WOODS COUGH SYR ATT  60ML, WOODS EXPECTORANT 60 ML
125038380;April 15, 2025;KALPANAX KRIM 10 GR, CEREBROFORT GOLD ORANGE 200 ML, PROCOLD FLU PE
125038383;April 15, 2025;KALPANAX K CREAM 5 GR, MIXAGRIP FLU KAPLET 25X4
125038385;April 15, 2025;SAKATONIK ABC ANTARIKSA 30 TAB, SAKATONIK ABC STRAW 30TAB, SAKATONIK ABC ANGGUR30TAB, SAKATONIK ABC ORANGE 30TAB
125038395;April 15, 2025;KOMIX HERBAL JAHE, KOMIX HERBAL JERUK NIPIS, ENTROSTOP 10'S
125038396;April 15, 2025;CEREBROFORT MG STRAW SCH, WOODS LOZENGES CHERRY 6'S, WOODS LOZ HONEY LEMON
125038400;April 15, 2025;KOMIX HERBAL 15 ML, CEREBROFORT GOLD ORANGE 100 ML
125038405;April 15, 2025;KALPANAX K CREAM 5 GR, KALPANAX KRIM 10 GR
125038413;April 15, 2025;WOODS EXPECTORANT 60 ML, WOODS EXPECTORANT 100 ML, FATIGON SPIRIT BOX 10X6S
125038415;April 15, 2025;WOODS COUGH SYR ATT 100ML, WOODS COUGH SYR ATT  60ML
125038420;April 15, 2025;SAKATONIK ABC STRAW 30TAB, SAKATONIK ABC ANGGUR30TAB
125038431;April 15, 2025;ENTROSTOP HERBAL DEWASA 15 ML, PROMAG SUSPENSI 10ML/6
125038434;April 15, 2025;SAKATONIK ABC ANTARIKSA 30 TAB, SAKATONIK ABC STRAW 30TAB
125038465;April 15, 2025;PUYER OSK BT NO.16/BOX, KALPANAX K CREAM 5 GR, ENTROSTOP HERBAL ANAK
125038466;April 15, 2025;KALPANAX K CREAM 5 GR, ENTROSTOP HERBAL ANAK, DORIS ANTI FLEAS, ENTROSTOP 10'S
125038473;April 15, 2025;KOMIX HERBAL JAHE, KALPANAX KRIM 10 GR, SKT ACTIV SIRUP 300 ML, WOODS EXPECTORANT 60 ML, WOODS EXPECTORANT 100 ML, FATIGON SPIRIT BOX 10X6S, PROCOLD FLU PE, PROMAG TABLET, SKT ABC CURCUMA MADU
125038481;April 15, 2025;SKT ACTIV SIRUP 100 ML, SKT ACTIV SIRUP 300 ML, SAKATONIK ACTIV MULTIVIT ZAT BESI - KAPLET 6S
125038483;April 15, 2025;BEJO JAHE MERAH HERBAL 12 SC, KOMIX HERBAL 15 ML, ENTROSTOP HERBAL ANAK, SAKATONIK ABC ANTARIKSA 30 TAB, SAKATONIK ABC STRAW 30TAB, SAKATONIK ABC ANGGUR30TAB, SAKATONIK ABC ORANGE 30TAB
125038486;April 15, 2025;BEJO JAHE MERAH HERBAL 12 SC, KOMIX HERBAL 15 ML, ENTROSTOP HERBAL ANAK, SAKATONIK ABC ANTARIKSA 30 TAB, SAKATONIK ABC STRAW 30TAB, SAKATONIK ABC ANGGUR30TAB, SAKATONIK ABC ORANGE 30TAB
125038488;April 15, 2025;BEJO JAHE MERAH HERBAL 12 SC, KOMIX HERBAL 15 ML, ENTROSTOP HERBAL ANAK, SAKATONIK ABC ANTARIKSA 30 TAB, SAKATONIK ABC STRAW 30TAB, SAKATONIK ABC ANGGUR30TAB, SAKATONIK ABC ORANGE 30TAB
125038502;April 15, 2025;BEJO JAHE MERAH HERBAL 12 SC, KOMIX HERBAL 15 ML, ENTROSTOP HERBAL ANAK, CEREBROFORT MG STRAW SCH, SAKATONIK ABC ANTARIKSA 30 TAB, SAKATONIK ABC STRAW 30TAB, SAKATONIK ABC ANGGUR30TAB, SAKATONIK ABC ORANGE 30TAB
125038522;April 15, 2025;KOMIX HERBAL JAHE, KOMIX HERBAL JERUK NIPIS, WOODS EXPECTORANT 60 ML
125038536;April 15, 2025;PROMAG TABLET, SAKATONIK ABC STRAW 30TAB, SAKATONIK ABC ANGGUR30TAB
125038541;April 15, 2025;CEREBROFORT GOLD ORANGE 200 ML, SAKATONIK ABC ANTARIKSA 30 TAB
125038546;April 15, 2025;FATIGON KAPLET 10X6S, FATIGON SPIRIT BOX 10X6S
125038562;April 15, 2025;BEJO JAHE MERAH HERBAL 12 SC, KOMIX HERBAL 15 ML, ENTROSTOP HERBAL ANAK, CEREBROFORT MG STRAW SCH, SAKATONIK ABC ANTARIKSA 30 TAB, SAKATONIK ABC STRAW 30TAB, SAKATONIK ABC ANGGUR30TAB, SAKATONIK ABC ORANGE 30TAB
125038596;April 15, 2025;KOMIX JAHE G-FORMULA BOX, KOMIX J.NIPIS G-FORMULA B
125038611;April 15, 2025;PUYER OSK BT NO.16/BOX, WAISAN NEW FORMULA  /LUSIN, WOODS NATURALS SYR 60 ML
125038613;April 15, 2025;BEJO ANAK JAHE MERAH 5S, PROMAG SUSPENSI 10ML/6
125038615;April 15, 2025;BEJO JAHE MERAH HERBAL 12 SC, KOMIX HERBAL 15 ML, PROMAG SUSPENSI 10ML/6, ENTROSTOP 10'S, SAKATONIK ABC STRAW 30TAB
125038640;April 15, 2025;KOMIX JAHE G-FORMULA BOX, KOMIX J.NIPIS G-FORMULA B, KOMIX OBH
125038643;April 15, 2025;KOMIX J.NIPIS G-FORMULA B, KOMIX OBH
125038669;April 15, 2025;SAKATONIK ACTIV MULTIVIT ZAT BESI - KAPLET 6S, SAKATONIK ABC STRAW 30TAB
125038690;April 15, 2025;ENTROSTOP HERBAL ANAK, BEJO JAHE MERAH HERBAL 12 SC, KOMIX HERBAL 15 ML
125038714;April 15, 2025;KOMIX JAHE G-FORMULA BOX, KOMIX J.NIPIS G-FORMULA B, KOMIX KID OBH PE
125038723;April 15, 2025;PUYER OSK BT NO.16/BOX, KALPANAX K CREAM 5 GR
125038726;April 15, 2025;ENTROSTOP HERBAL ANAK, ENTROSTOP 10'S
125038729;April 15, 2025;KALPANAX KRIM 10 GR, SAKATONIK ABC ANTARIKSA 30 TAB
125038740;April 15, 2025;PUYER OSK BT NO.16/BOX, KALPANAX K CREAM 5 GR, WOODS EXPECTORANT 60 ML, MIXAGRIP FLU KAPLET 25X4, ENTROSTOP 10'S
125038745;April 15, 2025;KALPANAX K CREAM 5 GR, KOMIX HERBAL ORI PACK
125038763;April 15, 2025;FATIGON SPIRIT BOX 10X6S, XONCE TAB BOX 50'S
125038766;April 15, 2025;WOODS COUGH SYR ATT  60ML, PROCOLD FLU BATUK PE
125038769;April 15, 2025;BEJO JAHE MERAH HERBAL 6S MT, KOMIX HERBAL ORI PACK, EXTRA JOSS ACTIVE 6 SCH
125038780;April 15, 2025;BEJO JAHE MERAH HERBAL 12 SC, KOMIX HERBAL 15 ML, EXTRA JOSS ACTIVE 12SCH, EXTRA JOSS GO RASA ANGGUR, EXTRA JOSS MANGGA LAKI, ENTROSTOP HERBAL ANAK, WOODS LOZENGES CHERRY 6'S, WOODS LOZENGES 6'S, WOODS LOZ HONEY LEMON, WOODS LOZENGES ORANGE VITAMIN C, WOODS LOZENGES LEMON VITAMIN C, EXTRA JOSS ULTIMATE LIQ/24 CAN
125038781;April 15, 2025;BEJO JAHE MERAH HERBAL 12 SC, ENTROSTOP HERBAL ANAK, KOMIX HERBAL 15 ML
125038795;April 15, 2025;KOMIX JAHE G-FORMULA BOX, KOMIX J.NIPIS G-FORMULA B, KOMIX PEPP.G-FORMULA BOX
125038798;April 15, 2025;EXTRA JOSS ACTIVE 12SCH, EXTRA JOSS ULTIMATE LIQ/24 CAN
125038799;April 15, 2025;KOMIX HERBAL JAHE, KOMIX HERBAL JERUK NIPIS, KOMIX HERBAL ORI PACK, MIXAGRIP HERBAL GREGES, EXTRA JOSS ACTIVE 12SCH, EXTRA JOSS ULTIMATE LIQ/24 CAN
125038819;April 16, 2025;BEJO JAHE MERAH HERBAL 12 SC, KOMIX HERBAL 15 ML, ENTROSTOP HERBAL ANAK, SAKATONIK ABC ANTARIKSA 30 TAB, SAKATONIK ABC STRAW 30TAB, SAKATONIK ABC ANGGUR30TAB, SAKATONIK ABC ORANGE 30TAB
125038854;April 16, 2025;PROMAG TABLET, SAKATONIK ABC ORANGE 30TAB
125038855;April 16, 2025;WOODS EXPECTORANT 60 ML, WOODS EXPECTORANT 100 ML
125038858;April 16, 2025;BEJO JAHE MERAH HERBAL 12 SC, CEREBROFORT GOLD ORANGE 200 ML, SAKATONIK ABC ANTARIKSA 30 TAB, SAKATONIK ABC STRAW 30TAB, SAKATONIK ABC ANGGUR30TAB, SAKATONIK ABC ORANGE 30TAB
125038884;April 16, 2025;EXTRA JOSS ACTIVE 12SCH, EXTRA JOSS ULTIMATE LIQ/24 CAN
125038888;April 16, 2025;WOODS COUGH SYR ATT 100ML, WOODS COUGH SYR ATT  60ML, PROCOLD FLU BATUK PE
125038891;April 16, 2025;KOMIX HERBAL JAHE, KOMIX HERBAL JERUK NIPIS, KOMIX HERBAL ORI PACK, EXTRA JOSS ACTIVE 12SCH
125038904;April 16, 2025;SAKATONIK ABC STRAW 30TAB, SAKATONIK ABC ANGGUR30TAB
125038915;April 16, 2025;WOODS COUGH SYR ATT 100ML, WOODS COUGH SYR ATT  60ML, PROMAG TABLET
125038958;April 16, 2025;KOMIX HERBAL 15 ML, PROMAG TABLET, CEREBROFORT MG JRK SCH
125038960;April 16, 2025;B7 SLASI JERUK NIPIS 12'S, CEREBROFORT GOLD ORANGE 100 ML
125038962;April 16, 2025;KALPANAX K CREAM 5 GR, KOMIX HERBAL JAHE, KOMIX HERBAL JERUK NIPIS, PROMAG TABLET
125038963;April 16, 2025;KOMIX HERBAL ORI PACK, WAISAN NEW FORMULA  /LUSIN, WOODS EXPECTORANT 60 ML, PROMAG TABLET
125038964;April 16, 2025;KALPANAX K CREAM 5 GR, KALPANAX KRIM 10 GR
125038965;April 16, 2025;PROMAG TABLET, SAKATONIK ABC ANGGUR30TAB
125038966;April 16, 2025;KOMIX HERBAL JERUK NIPIS, KOMIX HERBAL ORI PACK, WOODS EXPECTORANT 60 ML, PROCOLD FLU PE
125038980;April 16, 2025;KOMIX HERBAL JAHE, KOMIX HERBAL JERUK NIPIS, B7 SLASI JERUK NIPIS 12'S, EXTRA JOSS ACTIVE 12SCH, EXTRA JOSS GO RASA ANGGUR, EXTRA JOSS MANGGA LAKI
125038991;April 16, 2025;BEJO ANAK JAHE MERAH 5S, BEJO JAHE MERAH HERBAL 12 SC, KOMIX HERBAL 15 ML
125039010;April 16, 2025;KALPANAX K CREAM 5 GR, CEREBROFORT GOLD ORANGE 100 ML, WOODS EXPECTORANT 100 ML, SAKATONIK ABC STRAW 30TAB
125039012;April 16, 2025;KALPANAX K CREAM 5 GR, ENTROSTOP HERBAL ANAK, WOODS EXPECTORANT 100 ML
125039014;April 16, 2025;WOODS EXPECTORANT 60 ML, ENTROSTOP 10'S
125039018;April 16, 2025;BEJO JAHE MERAH HERBAL 12 SC, PROMAG SUSPENSI BTL 60 ML
125039021;April 16, 2025;WOODS EXPECTORANT 100 ML, ENTROSTOP 10'S
125039023;April 16, 2025;PROCOLD FLU PE, SAKATONIK ACTIV MULTIVIT ZAT BESI - KAPLET 6S
125039046;April 16, 2025;BEJO JAHE MERAH HERBAL 12 SC, ENTROSTOP HERBAL DEWASA 15 ML, ENTROSTOP HERBAL ANAK, KOMIX HERBAL 15 ML, WOODS LOZENGES CHERRY 6'S, WOODS LOZENGES 6'S, WOODS LOZ HONEY LEMON, WOODS LOZENGES ORANGE VITAMIN C, WOODS LOZENGES LEMON VITAMIN C, EXTRA JOSS ULTIMATE LIQ/24 CAN
125039051;April 16, 2025;BEJO JAHE MERAH HERBAL 12 SC, EXTRA JOSS ULTIMATE LIQ/24 CAN, KOMIX HERBAL 15 ML, ENTROSTOP HERBAL ANAK, SKT ABC CURCUMA MADU, WOODS LOZENGES CHERRY 6'S, WOODS LOZENGES 6'S, WOODS LOZ HONEY LEMON, WOODS LOZENGES ORANGE VITAMIN C, WOODS LOZENGES LEMON VITAMIN C
125039056;April 16, 2025;BEJO JAHE MERAH HERBAL 12 SC, EXTRA JOSS ULTIMATE LIQ/24 CAN, KOMIX HERBAL 15 ML, ENTROSTOP HERBAL ANAK, WOODS LOZENGES CHERRY 6'S, WOODS LOZENGES 6'S, WOODS LOZ HONEY LEMON, WOODS LOZENGES ORANGE VITAMIN C, WOODS LOZENGES LEMON VITAMIN C
125039057;April 16, 2025;BEJO JAHE MERAH HERBAL 12 SC, ENTROSTOP HERBAL ANAK, KOMIX HERBAL 15 ML, KOMIX HERBAL ORI PACK, CEREBROFORT MG JRK SCH, CEREBROFORT MG STRAW SCH, WOODS LOZENGES 6'S
125039058;April 16, 2025;BEJO JAHE MERAH HERBAL 12 SC, KOMIX HERBAL 15 ML, CEREBROFORT MG MGA SCH, CEREBROFORT MG STRAW SCH, SAKATONIK ABC STRAW 30TAB, WOODS LOZENGES 6'S
125039062;April 16, 2025;BEJO JAHE MERAH HERBAL 12 SC, KOMIX HERBAL 15 ML, EXTRA JOSS ACTIVE 12SCH, EXTRA JOSS GO RASA ANGGUR, EXTRA JOSS MANGGA LAKI, ENTROSTOP HERBAL ANAK, WOODS LOZENGES CHERRY 6'S, WOODS LOZENGES 6'S, WOODS LOZ HONEY LEMON, WOODS LOZENGES ORANGE VITAMIN C, WOODS LOZENGES LEMON VITAMIN C, EXTRA JOSS ULTIMATE LIQ/24 CAN
125039069;April 16, 2025;BEJO JAHE MERAH HERBAL 12 SC, KOMIX HERBAL 15 ML, ENTROSTOP HERBAL ANAK, CEREBROFORT MG STRAW SCH, SAKATONIK ABC ANTARIKSA 30 TAB, SAKATONIK ABC STRAW 30TAB, SAKATONIK ABC ANGGUR30TAB, SAKATONIK ABC ORANGE 30TAB
125039101;April 16, 2025;KALPANAX K CREAM 5 GR, ENTROSTOP 10'S, PROCOLD FLU PE
125039112;April 16, 2025;BEJO JAHE MERAH HERBAL 12 SC, PROCOLD FLU PE
125039120;April 16, 2025;B7 SLASI JERUK NIPIS 12'S, ENTROSTOP HERBAL ANAK
125039124;April 16, 2025;WOODS COUGH SYR ATT 100ML, WOODS COUGH SYR ATT  60ML
125039127;April 16, 2025;CEREBROFORT MG MGA SCH, CEREBROFORT MG JRK SCH, CEREBROFORT MG STRAW SCH
125039130;April 16, 2025;B7 SLASI JERUK NIPIS 12'S, EXTRA JOSS ACTIVE 12SCH
125039154;April 16, 2025;FATIGON SPIRIT BOX 10X6S, PROCOLD FLU PE
125039155;April 16, 2025;WOODS EXPECTORANT 60 ML, WOODS NATURALS SYR 60 ML
125039169;April 16, 2025;BEJO JAHE MERAH HERBAL 12 SC, ENTROSTOP HERBAL ANAK, KOMIX HERBAL 15 ML
125039175;April 16, 2025;BEJO JAHE MERAH HERBAL 12 SC, KOMIX HERBAL 15 ML, ENTROSTOP HERBAL ANAK, SAKATONIK ABC ANTARIKSA 30 TAB, SAKATONIK ABC STRAW 30TAB, SAKATONIK ABC ANGGUR30TAB, SAKATONIK ABC ORANGE 30TAB
125039179;April 16, 2025;BEJO JAHE MERAH HERBAL 12 SC, KOMIX HERBAL 15 ML, EXTRA JOSS GO RASA ANGGUR, EXTRA JOSS MANGGA LAKI, ENTROSTOP HERBAL DEWASA 15 ML, ENTROSTOP HERBAL ANAK, WOODS LOZENGES CHERRY 6'S, WOODS LOZENGES 6'S, WOODS LOZ HONEY LEMON, WOODS LOZENGES ORANGE VITAMIN C, WOODS LOZENGES LEMON VITAMIN C, EXTRA JOSS ULTIMATE LIQ/24 CAN
125039181;April 16, 2025;BEJO JAHE MERAH HERBAL 12 SC, EXTRA JOSS ACTIVE 12SCH
125039213;April 16, 2025;ENTROSTOP HERBAL ANAK, WOODS EXPECTORANT 60 ML
125039219;April 16, 2025;KALPANAX K CREAM 5 GR, KALPANAX KRIM 10 GR
125039297;April 16, 2025;BEJO JAHE MERAH HERBAL 12 SC, KOMIX HERBAL 15 ML, CEREBROFORT MG STRAW SCH, SAKATONIK ABC STRAW 30TAB, WOODS LOZENGES 6'S
125039299;April 16, 2025;BEJO JAHE MERAH HERBAL 12 SC, KOMIX HERBAL 15 ML, KOMIX HERBAL ORI PACK, ENTROSTOP HERBAL ANAK, CEREBROFORT MG MGA SCH, CEREBROFORT MG JRK SCH, CEREBROFORT MG STRAW SCH, WOODS LOZENGES CHERRY 6'S, WOODS LOZENGES 6'S
125039300;April 16, 2025;BEJO JAHE MERAH HERBAL 12 SC, KOMIX HERBAL 15 ML, ENTROSTOP HERBAL ANAK, WOODS LOZENGES CHERRY 6'S, WOODS LOZENGES 6'S, WOODS LOZ HONEY LEMON, WOODS LOZENGES ORANGE VITAMIN C, WOODS LOZENGES LEMON VITAMIN C
125039302;April 16, 2025;BEJO JAHE MERAH HERBAL 12 SC, KOMIX HERBAL 15 ML, KOMIX HERBAL ORI PACK, ENTROSTOP HERBAL ANAK, CEREBROFORT MG MGA SCH, CEREBROFORT MG JRK SCH, SAKATONIK ABC ANGGUR30TAB, SAKATONIK ABC ORANGE 30TAB
125039317;April 16, 2025;B7 SLASI JERUK NIPIS 12'S, EXTRA JOSS ACTIVE 12SCH, EXTRA JOSS ULTIMATE LIQ/24 CAN
125039349;April 16, 2025;PROMAG SUSPENSI 10ML/6, ENTROSTOP 10'S, PROMAG TABLET
125039373;April 16, 2025;PUYER OSK BT NO.16/BOX, KALPANAX K CREAM 5 GR
125039376;April 16, 2025;BEJO JAHE MERAH HERBAL 12 SC, KOMIX HERBAL 15 ML, CEREBROFORT GOLD ORANGE 100 ML, CEREBROFORT GOLD STRAWBERY, ENTROSTOP HERBAL ANAK, CEREBROFORT MG MGA SCH, CEREBROFORT MG JRK SCH, SAKATONIK ABC ANTARIKSA 30 TAB
125039383;April 16, 2025;PUYER OSK BT NO.16/BOX, WAISAN NEW FORMULA  /LUSIN, ENTROSTOP HERBAL ANAK, WOODS EXPECTORANT 60 ML, WOODS NATURALS SYR 60 ML, CEREBROFORT MG STRAW SCH, ENTROSTOP 10'S
125039390;April 16, 2025;KOMIX HERBAL 15 ML, ENTROSTOP HERBAL ANAK, ENTROSTOP 10'S
125039395;April 16, 2025;WOODS EXPECTORANT 100 ML, PROMAG TABLET
125039396;April 16, 2025;KALPANAX K CREAM 5 GR, PUYER OSK BT NO.16/BOX, PROCOLD FLU PE
125039440;April 17, 2025;KALPANAX KRIM 10 GR, CEREBROFORT GOLD ORANGE 200 ML, CEREBROFORT GOLD STRAWBERY, PROMAG TABLET
125039444;April 17, 2025;KALPANAX KRIM 10 GR, CEREBROFORT GOLD ORANGE 100 ML, ENTROSTOP HERBAL ANAK
125039457;April 17, 2025;KOMIX HERBAL 15 ML, KOMIX HERBAL ORI PACK
125039460;April 17, 2025;KOMIX HERBAL 15 ML, KOMIX HERBAL ORI PACK, EXTRA JOSS ACTIVE 12SCH
125039471;April 17, 2025;BEJO JAHE MERAH HERBAL 12 SC, KOMIX HERBAL 15 ML, KOMIX HERBAL ORI PACK, EXTRA JOSS ACTIVE 12SCH
125039476;April 17, 2025;KOMIX J.NIPIS G-FORMULA B, KOMIX PEPP.G-FORMULA BOX
125039507;April 17, 2025;KOMIX HERBAL 15 ML, KOMIX HERBAL ORI PACK, PROMAG SUSPENSI 10ML/6, ENTROSTOP 10'S, WOODS LOZENGES 6'S
125039509;April 17, 2025;CEREBROFORT GOLD STRAWBERY, SKT ABC CURCUMA MADU
125039511;April 17, 2025;CEREBROFORT GOLD STRAWBERY, WOODS LOZENGES CHERRY 6'S
125039516;April 17, 2025;KOMIX HERBAL ORI PACK, WOODS LOZENGES 6'S, WOODS LOZ HONEY LEMON, WOODS LOZENGES ORANGE VITAMIN C
125039577;April 17, 2025;KALPANAX KRIM 10 GR, CEREBROFORT GOLD STRAWBERY, ENTROSTOP 10'S
125039579;April 17, 2025;SAKATONIK ABC ANTARIKSA 30 TAB, SAKATONIK ABC STRAW 30TAB, SAKATONIK ABC ANGGUR30TAB
125039580;April 17, 2025;CEREBROFORT GOLD ORANGE 100 ML, MIXAGRIP FLU KAPLET 25X4, ENTROSTOP 10'S
125039582;April 17, 2025;ENTROSTOP HERBAL ANAK, ENTROSTOP 10'S, PROMAG TABLET
125039588;April 17, 2025;WOODS EXPECTORANT 60 ML, WOODS EXPECTORANT 100 ML
125039594;April 17, 2025;KALPANAX K CREAM 5 GR, SKT ACTIV SIRUP 300 ML
125039598;April 17, 2025;CEREBROFORT GOLD ORANGE 100 ML, CEREBROFORT GOLD ORANGE 200 ML, PROMAG TABLET
125039600;April 17, 2025;KOMIX HERBAL JAHE, KOMIX HERBAL JERUK NIPIS, KOMIX HERBAL 15 ML, KOMIX HERBAL ORI PACK, ENTROSTOP HERBAL ANAK, PROMAG TABLET
125039605;April 17, 2025;EXTRA JOSS SPORT GEL 2 TB, KOMIX HERBAL ORI PACK
125039608;April 17, 2025;MIXAGRIP FLU KAPLET 25X4, PROCOLD FLU PE
125039612;April 17, 2025;PROMAG SUSPENSI 10ML/6, ENTROSTOP 10'S
125039615;April 17, 2025;CEREBROFORT MG STRAW SCH, FATIGON SPIRIT BOX 10X6S, SAKATONIK ABC ANTARIKSA 30 TAB, SAKATONIK ABC STRAW 30TAB
125039626;April 17, 2025;KOMIX HERBAL 15 ML, WOODS EXPECTORANT 60 ML, PROMAG TABLET
125039632;April 17, 2025;BEJO JAHE MERAH HERBAL 6S MT, BEJO JAHE MERAH HERBAL 12 SC, KOMIX HERBAL 15 ML, ENTROSTOP HERBAL DEWASA 15 ML, CEREBROFORT MG JRK SCH, CEREBROFORT MG STRAW SCH, SAKATONIK ABC STRAW 30TAB, WOODS LOZENGES 6'S
125039636;April 17, 2025;BEJO JAHE MERAH HERBAL 12 SC, KOMIX HERBAL 15 ML, ENTROSTOP HERBAL ANAK, CEREBROFORT MG STRAW SCH, SAKATONIK ABC ANTARIKSA 30 TAB, SAKATONIK ABC STRAW 30TAB, SAKATONIK ABC ANGGUR30TAB, SAKATONIK ABC ORANGE 30TAB
125039645;April 17, 2025;BEJO JAHE MERAH HERBAL 12 SC, KOMIX HERBAL 15 ML, ENTROSTOP HERBAL ANAK, CEREBROFORT MG STRAW SCH, SAKATONIK ABC STRAW 30TAB, SAKATONIK ABC ANGGUR30TAB, SAKATONIK ABC ORANGE 30TAB
125039653;April 17, 2025;WOODS COUGH SYR ATT 100ML, PROMAG TABLET
125039676;April 17, 2025;WOODS LOZENGES CHERRY 6'S, BEJO JAHE MERAH HERBAL 12 SC
125039693;April 17, 2025;BEJO JAHE MERAH HERBAL 12 SC, ENTROSTOP HERBAL DEWASA 15 ML, KOMIX HERBAL 15 ML
125039714;April 17, 2025;WOODS COUGH SYR ATT 100ML, PROMAG TABLET
125039716;April 17, 2025;KALPANAX K CREAM 5 GR, WOODS COUGH SYR ATT  60ML
125039723;April 17, 2025;EJ SPORT GEL ORANGE 5 TB, EXTRA JOSS SPORT 5 TB
125039734;April 17, 2025;EJ SPORT GEL ORANGE 5 TB, EXTRA JOSS SPORT 5 TB
125039736;April 17, 2025;BEJO JAHE MERAH HERBAL 12 SC, EXTRA JOSS ACTIVE 12SCH
125039748;April 17, 2025;KOMIX HERBAL 15 ML, WOODS EXPECTORANT 60 ML
125039750;April 17, 2025;PROMAG SUSPENSI 10ML/6, WOODS LOZENGES 6'S
125039752;April 17, 2025;WOODS EXPECTORANT 60 ML, WOODS EXPECTORANT 100 ML
125039757;April 17, 2025;KALPANAX K CREAM 5 GR, KALPANAX KRIM 10 GR
125039763;April 17, 2025;KOMIX HERBAL 15 ML, CEREBROFORT GOLD ORANGE 100 ML, CEREBROFORT GOLD ORANGE 200 ML, WOODS EXPECTORANT 60 ML
125039789;April 17, 2025;ENTROSTOP HERBAL ANAK, PROMAG TABLET
125039808;April 17, 2025;KOMIX HERBAL 15 ML, WOODS EXPECTORANT 60 ML
125039815;April 17, 2025;BEJO JAHE MERAH HERBAL 12 SC, ENTROSTOP HERBAL ANAK, KOMIX HERBAL 15 ML, KOMIX HERBAL ORI PACK, SAKATONIK ABC ANGGUR30TAB, SKT ABC CURCUMA MADU, WOODS LOZENGES 6'S
125039823;April 17, 2025;EXTRA JOSS ACTIVE 12SCH, EXTRA JOSS ULTIMATE LIQ/24 CAN
125039838;April 17, 2025;CEREBROFORT MG MGA SCH, CEREBROFORT MG STRAW SCH
125039854;April 17, 2025;KOMIX J.NIPIS G-FORMULA B, KOMIX KID OBH PE
125039855;April 17, 2025;BEJO JAHE MERAH HERBAL 12 SC, KOMIX HERBAL 15 ML, ENTROSTOP HERBAL ANAK, WOODS COUGH SYR ATT  60ML, WOODS EXPECTORANT 60 ML, PROCOLD FLU PE, SAKATONIK ABC STRAW 30TAB, SAKATONIK ABC ANGGUR30TAB, SAKATONIK ABC ORANGE 30TAB
125039869;April 17, 2025;EJ SPORT GEL ORANGE 5 TB, EXTRA JOSS SPORT 5 TB
125039882;April 17, 2025;BEJO JAHE MERAH HERBAL 12 SC, ENTROSTOP HERBAL ANAK, KOMIX HERBAL 15 ML, CEREBROFORT MG MGA SCH, CEREBROFORT MG JRK SCH, CEREBROFORT MG STRAW SCH, SAKATONIK ABC ANTARIKSA 30 TAB, SAKATONIK ABC STRAW 30TAB, SAKATONIK ABC ANGGUR30TAB, SAKATONIK ABC ORANGE 30TAB, SKT ABC CURCUMA MADU
125039937;April 17, 2025;KOMIX JAHE G-FORMULA BOX, KOMIX J.NIPIS G-FORMULA B, KOMIX OBH
125039947;April 17, 2025;KOMIX JAHE G-FORMULA BOX, KOMIX J.NIPIS G-FORMULA B, KOMIX PEPP.G-FORMULA BOX, KOMIX OBH
125039980;April 17, 2025;BEJO JAHE MERAH HERBAL 12 SC, ENTROSTOP HERBAL ANAK, KOMIX HERBAL 15 ML, KOMIX HERBAL ORI PACK, CEREBROFORT MG MGA SCH, CEREBROFORT MG JRK SCH, SKT ABC CURCUMA MADU
125039982;April 17, 2025;BEJO JAHE MERAH HERBAL 6S MT, BEJO JAHE MERAH HERBAL 12 SC, CEREBROFORT GOLD ORANGE 100 ML, ENTROSTOP HERBAL ANAK, KOMIX HERBAL 15 ML, KOMIX HERBAL ORI PACK, CEREBROFORT MG MGA SCH, WOODS LOZENGES 6'S
125040006;April 17, 2025;EXTRA JOSS ACTIVE 12SCH, EXTRA JOSS ULTIMATE LIQ/24 CAN
125040017;April 17, 2025;KOMIX JAHE G-FORMULA BOX, KOMIX J.NIPIS G-FORMULA B
125040019;April 17, 2025;CEREBROFORT GOLD ORANGE 100 ML, CEREBROFORT GOLD ORANGE 200 ML, CEREBROFORT GOLD STRAWBERY, WOODS COUGH SYR ATT  60ML, WOODS EXPECTORANT 100 ML, CEREBROFORT MG JRK SCH, CEREBROFORT MG STRAW SCH, FATIGON KAPLET 10X6S, MIXAGRIP FLU &BATUK PE, PROCOLD FLU BATUK PE, SAKATONIK ABC ANTARIKSA 30 TAB, SAKATONIK ABC ANGGUR30TAB, SAKATONIK ABC ORANGE 30TAB
125040029;April 17, 2025;CEREBROFORT GOLD ORANGE 100 ML, CEREBROFORT GOLD ORANGE 200 ML, CEREBROFORT GOLD STRAWBERY
125040031;April 17, 2025;ENTROSTOP HERBAL ANAK, WOODS EXPECTORANT 100 ML
125040059;April 19, 2025;KALPANAX K CREAM 5 GR, KALPANAX KRIM 10 GR
125040072;April 19, 2025;SKT ACTIV SIRUP 300 ML, WOODS EXPECTORANT 100 ML, PROMAG TABLET
125040078;April 19, 2025;KALPANAX K CREAM 5 GR, KALPANAX KRIM 10 GR, MIXAGRIP FLU KAPLET 25X4, ENTROSTOP 10'S, PROCOLD FLU PE
125040080;April 19, 2025;KALPANAX K CREAM 5 GR, WOODS LOZENGES 6'S
125040102;April 19, 2025;KALPANAX K CREAM 5 GR, PROMAG TABLET
125040112;April 19, 2025;BEJO JAHE MERAH HERBAL 12 SC, PROCOLD FLU PE
125040113;April 19, 2025;KALPANAX K CREAM 5 GR, PROMAG TABLET
125040114;April 19, 2025;KALPANAX K CREAM 5 GR, SAKATONIK ABC ANGGUR30TAB
125040117;April 19, 2025;BEJO JAHE MERAH HERBAL 12 SC, CEREBROFORT MG JRK SCH
125040121;April 19, 2025;BEJO JAHE MERAH HERBAL 12 SC, KOMIX HERBAL 15 ML, ENTROSTOP HERBAL ANAK, CEREBROFORT MG STRAW SCH, SAKATONIK ABC ANTARIKSA 30 TAB, SAKATONIK ABC STRAW 30TAB, SAKATONIK ABC ANGGUR30TAB, SAKATONIK ABC ORANGE 30TAB
125040131;April 19, 2025;WOODS LOZENGES CHERRY 6'S, WOODS LOZENGES 6'S
125040134;April 19, 2025;BEJO JAHE MERAH HERBAL 12 SC, EXTRA JOSS ACTIVE 12SCH, EXTRA JOSS ULTIMATE LIQ/24 CAN
125040144;April 19, 2025;SAKATONIK ABC ANTARIKSA 30 TAB, SAKATONIK ABC ORANGE 30TAB
125040160;April 19, 2025;KALPANAX K CREAM 5 GR, KALPANAX KRIM 10 GR, MIXAGRIP FLU KAPLET 25X4, ENTROSTOP 10'S, PROCOLD FLU PE
125040169;April 19, 2025;MIXAGRIP FLU &BATUK PE, PROCOLD FLU BATUK PE
125040170;April 19, 2025;KOMIX JAHE G-FORMULA BOX, KOMIX J.NIPIS G-FORMULA B
125040180;April 19, 2025;ENTROSTOP 10'S, PROCOLD FLU PE
125040203;April 19, 2025;WOODS COUGH SYR ATT  60ML, PROMAG TABLET
125040208;April 19, 2025;BEJO ANAK JAHE MERAH 5S, BEJO JAHE MERAH HERBAL 12 SC, B7 SLASI JERUK NIPIS 12'S
125040209;April 19, 2025;BEJO JAHE MERAH HERBAL 12 SC, ENTROSTOP HERBAL DEWASA 15 ML, ENTROSTOP HERBAL ANAK, EXTRA JOSS ULTIMATE LIQ/24 CAN, KOMIX HERBAL 15 ML, KOMIX HERBAL ORI PACK, WOODS LOZENGES CHERRY 6'S, WOODS LOZENGES 6'S, WOODS LOZ HONEY LEMON, WOODS LOZENGES ORANGE VITAMIN C, WOODS LOZENGES LEMON VITAMIN C
125040237;April 19, 2025;BEJO JAHE MERAH HERBAL 12 SC, EXTRA JOSS ULTIMATE LIQ/24 CAN, KOMIX HERBAL 15 ML, ENTROSTOP HERBAL ANAK, CEREBROFORT MG MGA SCH, CEREBROFORT MG JRK SCH, CEREBROFORT MG STRAW SCH, WOODS LOZENGES CHERRY 6'S, WOODS LOZENGES 6'S, WOODS LOZ HONEY LEMON, WOODS LOZENGES ORANGE VITAMIN C, WOODS LOZENGES LEMON VITAMIN C
125040240;April 19, 2025;BEJO JAHE MERAH HERBAL 12 SC, ENTROSTOP HERBAL ANAK, EXTRA JOSS ULTIMATE LIQ/24 CAN, KOMIX HERBAL 15 ML, EXTRA JOSS ACTIVE 12SCH, EXTRA JOSS GO RASA ANGGUR, EXTRA JOSS MANGGA LAKI, WOODS LOZENGES CHERRY 6'S, WOODS LOZENGES 6'S, WOODS LOZ HONEY LEMON, WOODS LOZENGES ORANGE VITAMIN C, WOODS LOZENGES LEMON VITAMIN C
125040269;April 19, 2025;KOMIX JAHE G-FORMULA BOX, KOMIX J.NIPIS G-FORMULA B, WOODS COUGH SYR ATT 100ML, WOODS COUGH SYR ATT  60ML
125040270;April 19, 2025;KOMIX J.NIPIS G-FORMULA B, KOMIX HERBAL 15 ML, WOODS COUGH SYR ATT  60ML
125040275;April 19, 2025;KOMIX HERBAL ORI PACK, CEREBROFORT GOLD ORANGE 100 ML, FATIGON KAPLET 10X6S, MIXAGRIP FLU &BATUK PE, MIXAGRIP FLU KAPLET 25X4, PROCOLD FLU PE, SAKATONIK ABC STRAW 30TAB, SAKATONIK ABC ANGGUR30TAB
125040302;April 19, 2025;BEJO JAHE MERAH HERBAL 12 SC, FATIGON KAPLET 10X6S
125040311;April 19, 2025;KOMIX HERBAL JAHE, KOMIX HERBAL 15 ML, KALPANAX KRIM 10 GR
125040317;April 19, 2025;KALPANAX K CREAM 5 GR, KALPANAX KRIM 10 GR
125040319;April 19, 2025;KALPANAX K CREAM 5 GR, KALPANAX KRIM 10 GR
125040322;April 19, 2025;KALPANAX K CREAM 5 GR, KALPANAX KRIM 10 GR, CEREBROFORT GOLD ORANGE 100 ML, CEREBROFORT GOLD STRAWBERY
125040325;April 19, 2025;PUYER OSK BT NO.16/BOX, CEREBROFORT GOLD ORANGE 200 ML, PROMAG SUSPENSI 10ML/6
125040326;April 19, 2025;KOMIX HERBAL 15 ML, PROCOLD FLU PE
125040337;April 19, 2025;KOMIX HERBAL JAHE, KOMIX HERBAL JERUK NIPIS
125040357;April 19, 2025;KALPANAX K CREAM 5 GR, SAKATONIK ABC ORANGE 30TAB
125040383;April 19, 2025;KOMIX HERBAL 15 ML, KOMIX OBH
125040384;April 19, 2025;MIXAGRIP FLU &BATUK PE, MIXAGRIP FLU KAPLET 25X4
125040418;April 19, 2025;KOMIX JAHE G-FORMULA BOX, KOMIX J.NIPIS G-FORMULA B, KOMIX PEPP.G-FORMULA BOX
125040424;April 19, 2025;BEJO JAHE MERAH HERBAL 12 SC, KOMIX HERBAL 15 ML, KOMIX HERBAL ORI PACK, ENTROSTOP HERBAL ANAK, CEREBROFORT MG STRAW SCH, SAKATONIK ABC ORANGE 30TAB, WOODS LOZENGES 6'S
125040435;April 19, 2025;SAKATONIK ABC ANTARIKSA 30 TAB, SAKATONIK ABC STRAW 30TAB, SAKATONIK ABC ORANGE 30TAB, SKT ABC CURCUMA MADU
125040446;April 19, 2025;BEJO JAHE MERAH HERBAL 12 SC, KOMIX JAHE G-FORMULA BOX, KOMIX J.NIPIS G-FORMULA B, KOMIX HERBAL 15 ML
125040454;April 19, 2025;MIXAGRIP FLU KAPLET 25X4, PROCOLD FLU PE
125040456;April 19, 2025;KALPANAX K CREAM 5 GR, KALPANAX KRIM 10 GR, CEREBROFORT GOLD ORANGE 100 ML, CEREBROFORT GOLD STRAWBERY, ENTROSTOP 10'S, PROCOLD FLU PE, PROMAG TABLET, SAKATONIK ABC ANTARIKSA 30 TAB, SAKATONIK ABC STRAW 30TAB, SAKATONIK ABC ORANGE 30TAB
125040480;April 19, 2025;PROMAG SUSPENSI 10ML/6, PROMAG TABLET, FATIGON KAPLET 10X6S, SAKATONIK ABC ORANGE 30TAB
125040486;April 19, 2025;KOMIX HERBAL 15 ML, CEREBROFORT GOLD ORANGE 200 ML
125040500;April 19, 2025;SAKATONIK ABC ANTARIKSA 30 TAB, SAKATONIK ABC STRAW 30TAB, SAKATONIK ABC ORANGE 30TAB
125040534;April 19, 2025;KALPANAX K CREAM 5 GR, KALPANAX KRIM 10 GR
125040539;April 19, 2025;PROCOLD FLU PE, PROMAG TABLET
125040550;April 19, 2025;KOMIX HERBAL JERUK NIPIS, KOMIX HERBAL 15 ML, KOMIX HERBAL ORI PACK, EXTRA JOSS ACTIVE 12SCH, PUYER OSK BT NO.16/BOX
125040557;April 19, 2025;KOMIX HERBAL JERUK NIPIS, KOMIX HERBAL 15 ML
125040559;April 19, 2025;BEJO JAHE MERAH HERBAL 6S MT, BEJO JAHE MERAH HERBAL 12 SC, KOMIX HERBAL 15 ML
125040600;April 21, 2025;WOODS LOZENGES CHERRY 6'S, WOODS LOZENGES 6'S, WOODS LOZ HONEY LEMON
125040602;April 21, 2025;SKT ACTIV SIRUP 300 ML, WOODS LOZENGES 6'S
125040625;April 21, 2025;BEJO JAHE MERAH HERBAL 12 SC, KOMIX HERBAL 15 ML, KOMIX HERBAL ORI PACK, ENTROSTOP HERBAL ANAK, CEREBROFORT MG STRAW SCH, SAKATONIK ABC ANTARIKSA 30 TAB, SAKATONIK ABC ORANGE 30TAB, SKT ABC CURCUMA MADU
125040631;April 21, 2025;SAKATONIK ABC STRAW 30TAB, SKT ABC CURCUMA MADU
125040633;April 21, 2025;PROMAG SUSPENSI BTL 60 ML, ENTROSTOP 10'S, PROCOLD FLU PE, PROMAG TABLET
125040636;April 21, 2025;KOMIX JAHE G-FORMULA BOX, KOMIX J.NIPIS G-FORMULA B, KOMIX PEPP.G-FORMULA BOX
125040638;April 21, 2025;WOODS COUGH SYR ATT 100ML, WOODS COUGH SYR ATT  60ML
125040660;April 21, 2025;WOODS NATURALS SYR 60 ML, PROMAG TABLET, WOODS LOZENGES 6'S, WOODS LOZENGES LEMON VITAMIN C
125040674;April 21, 2025;CEREBROFORT GOLD STRAWBERY, CEREBROFORT MG MGA SCH, CEREBROFORT MG JRK SCH, ENTROSTOP 10'S, PROCOLD FLU PE, SAKATONIK ABC ANTARIKSA 30 TAB, XONCE TAB BOX 50'S
125040682;April 21, 2025;KOMIX HERBAL JERUK NIPIS, WOODS EXPECTORANT 100 ML, FATIGON KAPLET 10X6S
125040689;April 21, 2025;CEREBROFORT MG JRK SCH, CEREBROFORT MG STRAW SCH, PROCOLD FLU PE, SAKATONIK ABC ORANGE 30TAB
125040691;April 21, 2025;ENTROSTOP 10'S, PROMAG TABLET
125040707;April 21, 2025;ENTROSTOP HERBAL ANAK, PROMAG TABLET
125040709;April 21, 2025;KOMIX HERBAL JAHE, PROMAG SUSPENSI BTL 60 ML, PROMAG SUSPENSI 10ML/6
125040725;April 21, 2025;WOODS COUGH SYR ATT 100ML, WOODS COUGH SYR ATT  60ML
125040731;April 21, 2025;PROMAG TABLET, MIXAGRIP FLU KAPLET 25X4, WOODS LOZENGES 6'S
125040741;April 21, 2025;BEJO JAHE MERAH HERBAL 12 SC, KOMIX HERBAL 15 ML
125040749;April 21, 2025;BEJO JAHE MERAH HERBAL 12 SC, EXTRA JOSS ACTIVE 12SCH
125040754;April 21, 2025;SAKATONIK ABC ANTARIKSA 30 TAB, WOODS LOZENGES CHERRY 6'S, WOODS LOZ HONEY LEMON, WOODS LOZ HONEY LEMON 2'S
125040755;April 21, 2025;BEJO JAHE MERAH HERBAL 12 SC, KALPANAX K CREAM 5 GR
125040786;April 21, 2025;WOODS COUGH SYR ATT  60ML, PROMAG TABLET
125040787;April 21, 2025;KALPANAX K CREAM 5 GR, PROMAG TABLET
125040797;April 21, 2025;CEREBROFORT GOLD ORANGE 200 ML, ENTROSTOP 10'S
125040799;April 21, 2025;KALPANAX K CREAM 5 GR, KALPANAX KRIM 10 GR, ENTROSTOP 10'S, SAKATONIK ABC ORANGE 30TAB
125040802;April 21, 2025;KOMIX HERBAL 15 ML, PUYER OSK BT NO.16/BOX
125040805;April 21, 2025;KALPANAX K CREAM 5 GR, KALPANAX KRIM 10 GR, CEREBROFORT GOLD ORANGE 100 ML, CEREBROFORT GOLD STRAWBERY, PROCOLD FLU PE
125040806;April 21, 2025;EJ SPORT GEL ORANGE 5 TB, EXTRA JOSS SPORT 5 TB
125040808;April 21, 2025;ENTROSTOP HERBAL ANAK, PROMAG SUSPENSI 10ML/6, PUYER OSK BT NO.16/BOX
125040815;April 21, 2025;KOMIX JAHE G-FORMULA BOX, KOMIX PEPP.G-FORMULA BOX, WOODS COUGH SYR ATT 100ML, WOODS COUGH SYR ATT  60ML
125040819;April 21, 2025;FATIGON KAPLET 10X6S, ENTROSTOP 10'S, PROMAG TABLET
125040894;April 21, 2025;ENTROSTOP HERBAL ANAK, WOODS EXPECTORANT 100 ML, FATIGON KAPLET 10X6S, WOODS LOZENGES CHERRY 6'S, WOODS LOZENGES 6'S, WOODS LOZ HONEY LEMON
125040895;April 21, 2025;KALPANAX K CREAM 5 GR, KALPANAX KRIM 10 GR, CEREBROFORT MG JRK SCH, SAKATONIK ABC ANTARIKSA 30 TAB
125040896;April 21, 2025;WOODS LOZENGES CHERRY 6'S, WOODS LOZENGES 6'S
125040898;April 21, 2025;ENTROSTOP HERBAL ANAK, ENTROSTOP 10'S, PROMAG TABLET, SKT ABC CURCUMA MADU
125040909;April 21, 2025;KALPANAX K CREAM 5 GR, KALPANAX SALEP 6G/12
125040910;April 21, 2025;ENTROSTOP 10'S, WOODS LOZENGES CHERRY 6'S, WOODS LOZENGES 6'S, WOODS LOZ HONEY LEMON, WOODS LOZENGES ORANGE VITAMIN C
125040920;April 21, 2025;WOODS COUGH SYR ATT 100ML, WOODS COUGH SYR ATT  60ML
125040942;April 21, 2025;MIXAGRIP FLU KAPLET 25X4, PROCOLD FLU PE
125040945;April 21, 2025;KALPANAX K CREAM 5 GR, ENTROSTOP 10'S
125040970;April 21, 2025;EJ SPORT GEL ORANGE 5 TB, EXTRA JOSS SPORT 5 TB
125040994;April 21, 2025;KOMIX JAHE G-FORMULA BOX, KOMIX J.NIPIS G-FORMULA B
125041006;April 21, 2025;KALPANAX K CREAM 5 GR, KALPANAX KRIM 10 GR, KOMIX HERBAL 15 ML, PROMAG SUSPENSI 10ML/6, SAKATONIK ABC ORANGE 30TAB
125041011;April 21, 2025;KOMIX HERBAL JERUK NIPIS, WOODS EXPECTORANT 60 ML, PROCOLD FLU PE
125041012;April 21, 2025;KOMIX HERBAL JAHE, KOMIX HERBAL JERUK NIPIS, KOMIX HERBAL 15 ML, KOMIX HERBAL ORI PACK, CEREBROFORT GOLD ORANGE 100 ML, CEREBROFORT GOLD ORANGE 200 ML
125041013;April 21, 2025;KOMIX HERBAL 15 ML, CEREBROFORT M.G. AGGR SCH
125041021;April 21, 2025;WOODS COUGH SYR ATT  60ML, PROCOLD FLU BATUK PE
125041024;April 21, 2025;KOMIX HERBAL JAHE, KOMIX HERBAL JERUK NIPIS, KOMIX HERBAL ORI PACK
125041033;April 21, 2025;KOMIX HERBAL 15 ML, KALPANAX SALEP 6G/12, WOODS EXPECTORANT 60 ML, ENTROSTOP 10'S
125041042;April 21, 2025;KOMIX HERBAL 15 ML, ENTROSTOP HERBAL ANAK, ENTROSTOP 10'S
125041061;April 21, 2025;WOODS COUGH SYR ATT  60ML, PROMAG TABLET
125041064;April 21, 2025;BEJO JAHE MERAH HERBAL 12 SC, EXTRA JOSS ULTIMATE LIQ/24 CAN, KOMIX HERBAL 15 ML, ENTROSTOP HERBAL ANAK, WOODS LOZENGES 6'S
125041065;April 21, 2025;BEJO JAHE MERAH HERBAL 12 SC, KOMIX HERBAL 15 ML, ENTROSTOP HERBAL ANAK, CEREBROFORT M.G. AGGR SCH, SAKATONIK ABC ANTARIKSA 30 TAB, SAKATONIK ABC STRAW 30TAB, SAKATONIK ABC ORANGE 30TAB
125041067;April 21, 2025;BEJO JAHE MERAH HERBAL 12 SC, ENTROSTOP HERBAL ANAK, EXTRA JOSS ULTIMATE LIQ/24 CAN, WOODS LOZENGES 6'S
125041087;April 21, 2025;KOMIX JAHE G-FORMULA BOX, KOMIX J.NIPIS G-FORMULA B
125041088;April 21, 2025;KOMIX JAHE G-FORMULA BOX, KOMIX J.NIPIS G-FORMULA B
125041089;April 21, 2025;BEJO JAHE MERAH HERBAL 12 SC, KOMIX HERBAL JAHE, KOMIX HERBAL JERUK NIPIS, KOMIX HERBAL ORI PACK, EXTRA JOSS ACTIVE 12SCH
125041093;April 21, 2025;KALPANAX SALEP 6G/12, BEJO JAHE MERAH HERBAL 12 SC, ENTROSTOP 10'S, SKT ACTIV SIRUP 300 ML
125041094;April 21, 2025;KALPANAX SALEP 6G/12, PROMAG HERBAL 15 ML, PROMAG TABLET, CEREBROFORT MG JRK SCH, PROCOLD FLU PE
125041097;April 21, 2025;WOODS EXPECTORANT 60 ML, WOODS EXPECTORANT 100 ML
125041114;April 21, 2025;CEREBROFORT MG MGA SCH, CEREBROFORT MG JRK SCH, WOODS LOZENGES 6'S, WOODS LOZ HONEY LEMON
125041129;April 21, 2025;BEJO JAHE MERAH HERBAL 12 SC, EXTRA JOSS ULTIMATE LIQ/24 CAN
125041134;April 21, 2025;CEREBROFORT GOLD STRAWBERY, FATIGON SPIRIT BOX 10X6S
125041136;April 21, 2025;CEREBROFORT GOLD ORANGE 100 ML, CEREBROFORT GOLD STRAWBERY
125041140;April 21, 2025;FEMMY FYBER, FEMMY SKIN, ENTROSTOP 10'S
125041146;April 21, 2025;PROMAG HERBAL 15 ML, ENTROSTOP 10'S, SAKATONIK ABC STRAW 30TAB
125041166;April 22, 2025;BEJO JAHE MERAH HERBAL 12 SC, EXTRA JOSS ULTIMATE LIQ/24 CAN, KOMIX HERBAL 15 ML, ENTROSTOP HERBAL ANAK
125041168;April 22, 2025;BEJO JAHE MERAH HERBAL 12 SC, EXTRA JOSS ULTIMATE LIQ/24 CAN, KOMIX HERBAL JAHE, KOMIX HERBAL 15 ML, ENTROSTOP HERBAL ANAK
125041176;April 22, 2025;PROMAG HERBAL 15 ML, PROMAG TABLET
125041198;April 22, 2025;BEJO JAHE MERAH HERBAL 12 SC, KOMIX HERBAL 15 ML, ENTROSTOP HERBAL ANAK, EXTRA JOSS ULTIMATE LIQ/24 CAN
125041230;April 22, 2025;EXTRA JOSS ULTIMATE LIQ/24 CAN, BEJO JAHE MERAH HERBAL 12 SC, ENTROSTOP HERBAL ANAK, KOMIX HERBAL 15 ML, CEREBROFORT M.G. AGGR SCH, CEREBROFORT MG MGA SCH, CEREBROFORT MG JRK SCH, CEREBROFORT MG STRAW SCH, SKT ABC CURCUMA MADU
125041253;April 22, 2025;KOMIX JAHE G-FORMULA BOX, KOMIX J.NIPIS G-FORMULA B, KOMIX KID OBH PE
125041261;April 22, 2025;KALPANAX KRIM 10 GR, CEREBROFORT GOLD ORANGE 200 ML, PROCOLD FLU PE, WOODS LOZENGES 6'S
125041269;April 22, 2025;KALPANAX K CREAM 5 GR, KALPANAX KRIM 10 GR, SAKATONIK ABC ANTARIKSA 30 TAB
125041291;April 22, 2025;ENTROSTOP HERBAL ANAK, ENTROSTOP 10'S, PROMAG TABLET
125041296;April 22, 2025;KOMIX HERBAL JAHE, KOMIX HERBAL JERUK NIPIS, KOMIX HERBAL PEPPERMINT
125041298;April 22, 2025;KALPANAX SALEP 6G/12, PUYER OSK BT NO.16/BOX, PROMAG TABLET
125041300;April 22, 2025;KOMIX HERBAL 15 ML, KOMIX HERBAL ORI PACK
125041324;April 22, 2025;WOODS COUGH SYR ATT 100ML, WOODS COUGH SYR ATT  60ML
125041327;April 22, 2025;KOMIX HERBAL 15 ML, MIXAGRIP FLU KAPLET 25X4, PROCOLD FLU PE
125041328;April 22, 2025;KALPANAX K CREAM 5 GR, KALPANAX KRIM 10 GR
125041330;April 22, 2025;CEREBROFORT GOLD ORANGE 100 ML, CEREBROFORT GOLD ORANGE 200 ML, CEREBROFORT GOLD STRAWBERY
125041338;April 22, 2025;WAISAN NEW FORMULA  /LUSIN, KOMIX JAHE G-FORMULA BOX, KOMIX J.NIPIS G-FORMULA B, KOMIX OBH PE
125041339;April 22, 2025;WAISAN NEW FORMULA  /LUSIN, KOMIX OBH PE
125041342;April 22, 2025;KOMIX HERBAL 15 ML, KALPANAX K CREAM 5 GR, KALPANAX SALEP 6G/12, CEREBROFORT GOLD ORANGE 100 ML, CEREBROFORT GOLD ORANGE 200 ML, ENTROSTOP HERBAL ANAK, PROMAG SUSPENSI BTL 60 ML, PROMAG HERBAL 15 ML, WOODS EXPECTORANT 60 ML, WOODS EXPECTORANT 100 ML, WOODS NATURALS SYR 60 ML, ENTROSTOP 10'S, PROMAG TABLET, SAKATONIK ABC ORANGE 30TAB
125041344;April 22, 2025;WOODS COUGH SYR ATT 100ML, WOODS COUGH SYR ATT  60ML
125041346;April 22, 2025;KOMIX HERBAL JAHE, KOMIX HERBAL JERUK NIPIS
125041361;April 22, 2025;KOMIX J.NIPIS G-FORMULA B, WOODS COUGH SYR ATT  60ML, MIXAGRIP FLU KAPLET 25X4, PROCOLD FLU BATUK PE
125041368;April 22, 2025;WOODS EXPECTORANT 100 ML, FATIGON SPIRIT BOX 10X6S
125041371;April 22, 2025;KOMIX HERBAL 15 ML, KOMIX HERBAL ORI PACK, WOODS EXPECTORANT 60 ML, FATIGON KAPLET 10X6S, PROCOLD FLU PE
125041375;April 22, 2025;WOODS COUGH SYR ATT 100ML, WOODS COUGH SYR ATT  60ML, MIXAGRIP FLU &BATUK PE, PROCOLD FLU BATUK PE
125041377;April 22, 2025;CEREBROFORT M.G. AGGR SCH, CEREBROFORT MG MGA SCH, CEREBROFORT MG JRK SCH, CEREBROFORT MG STRAW SCH
125041391;April 22, 2025;BEJO JAHE MERAH HERBAL 12 SC, KOMIX HERBAL 15 ML, ENTROSTOP HERBAL ANAK, ENTROSTOP 10'S, PROMAG TABLET
125041392;April 22, 2025;CEREBROFORT M.G. AGGR SCH, CEREBROFORT MG MGA SCH, CEREBROFORT MG JRK SCH, CEREBROFORT MG STRAW SCH, WOODS LOZENGES CHERRY 6'S, WOODS LOZENGES 6'S, WOODS LOZ HONEY LEMON
125041395;April 22, 2025;SKT ACTIV SIRUP 300 ML, ENTROSTOP 10'S
125041399;April 22, 2025;SKT ACTIV SIRUP 100 ML, SKT ACTIV SIRUP 300 ML, SAKATONIK ABC STRAW 30TAB
125041401;April 22, 2025;PUYER OSK BT NO.16/BOX, KALPANAX K CREAM 5 GR, KALPANAX SALEP 6G/12, KALPANAX KRIM 10 GR, ENTROSTOP 10'S, PROMAG TABLET
125041405;April 22, 2025;WOODS COUGH SYR ATT  60ML, PROCOLD FLU BATUK PE
125041412;April 22, 2025;PROMAG HERBAL 15 ML, PROCOLD FLU PE, PROMAG TABLET
125041449;April 22, 2025;WOODS EXPECTORANT 60 ML, PROCOLD FLU PE
125041450;April 22, 2025;CEREBROFORT GOLD ORANGE 100 ML, CEREBROFORT GOLD ORANGE 200 ML
125041452;April 22, 2025;WOODS EXPECTORANT 60 ML, PROCOLD FLU PE
125041454;April 22, 2025;SAKATONIK ABC ANTARIKSA 30 TAB, SAKATONIK ABC STRAW 30TAB, SAKATONIK ABC ANGGUR30TAB, SAKATONIK ABC ORANGE 30TAB
125041462;April 22, 2025;SAKATONIK ABC STRAW 30TAB, SAKATONIK ABC ANGGUR30TAB, SAKATONIK ABC ORANGE 30TAB
125041463;April 22, 2025;ENTROSTOP HERBAL ANAK, KOMIX HERBAL JERUK NIPIS, SKT ABC CURCUMA MADU
125041510;April 22, 2025;KOMIX JAHE G-FORMULA BOX, KOMIX J.NIPIS G-FORMULA B, KOMIX OBH
125041511;April 22, 2025;KOMIX HERBAL JERUK NIPIS, KOMIX HERBAL ORI PACK
125041546;April 22, 2025;PROMAG SUSPENSI 10ML/6, WOODS EXPECTORANT 60 ML, ENTROSTOP 10'S
125041548;April 22, 2025;EXTRA JOSS SPORT GEL 2 TB, KOMIX HERBAL 15 ML, KOMIX HERBAL ORI PACK, EXTRA JOSS ACTIVE 6 SCH
125041550;April 22, 2025;KALPANAX SALEP 6G/12, PROMAG HERBAL 15 ML, CEREBROFORT M.G. AGGR SCH, FATIGON SPIRIT BOX 10X6S, SAKATONIK ABC ANTARIKSA 30 TAB, SKT ABC CURCUMA MADU
125041554;April 22, 2025;BEJO JAHE MERAH HERBAL 12 SC, KOMIX HERBAL 15 ML, ENTROSTOP HERBAL ANAK, MIXAGRIP HERBAL GREGES
125041557;April 22, 2025;BEJO JAHE MERAH HERBAL 12 SC, KOMIX HERBAL 15 ML, PROMAG HERBAL 15 ML, CEREBROFORT MG JRK SCH, CEREBROFORT MG STRAW SCH, SAKATONIK ABC STRAW 30TAB, WOODS LOZENGES 6'S
125041561;April 22, 2025;BEJO JAHE MERAH HERBAL 12 SC, ENTROSTOP HERBAL ANAK, KOMIX HERBAL 15 ML, WOODS LOZENGES CHERRY 6'S, WOODS LOZENGES 6'S, WOODS LOZ HONEY LEMON 2'S, WOODS LOZENGES ORANGE VITAMIN C, WOODS LOZENGES LEMON VITAMIN C
125041567;April 22, 2025;WOODS LOZENGES CHERRY 6'S, WOODS LOZENGES 6'S
125041568;April 22, 2025;BEJO JAHE MERAH HERBAL 12 SC, KOMIX HERBAL JAHE, KOMIX HERBAL JERUK NIPIS, KOMIX HERBAL ORI PACK
125041570;April 22, 2025;BEJO JAHE MERAH HERBAL 12 SC, EXTRA JOSS ACTIVE 12SCH
125041571;April 22, 2025;BEJO JAHE MERAH HERBAL 12 SC, KOMIX HERBAL 15 ML, KOMIX HERBAL ORI PACK, ENTROSTOP HERBAL ANAK, PROMAG HERBAL 15 ML, CEREBROFORT MG STRAW SCH, SKT ABC CURCUMA MADU, WOODS LOZENGES 6'S
125041578;April 22, 2025;BEJO JAHE MERAH HERBAL 12 SC, ENTROSTOP HERBAL ANAK, KOMIX HERBAL 15 ML, EXTRA JOSS ULTIMATE LIQ/24 CAN
125041580;April 22, 2025;EXTRA JOSS ACTIVE 12SCH, EXTRA JOSS MANGGA LAKI, EXTRA JOSS ULTIMATE LIQ/24 CAN
125041598;April 22, 2025;KOMIX JAHE G-FORMULA BOX, KOMIX J.NIPIS G-FORMULA B, KOMIX OBH PE
125041609;April 22, 2025;CEREBROFORT GOLD STRAWBERY, XONCE TAB BOX 50'S
125041610;April 22, 2025;KALPANAX K CREAM 5 GR, CEREBROFORT GOLD ORANGE 100 ML, PROMAG SUSPENSI 10ML/6, MIXAGRIP FLU KAPLET 25X4, ENTROSTOP 10'S, PROMAG TABLET, SAKATONIK ABC ANGGUR30TAB
125041616;April 22, 2025;KOMIX HERBAL 15 ML, WOODS EXPECTORANT 60 ML
125041617;April 22, 2025;BEJO JAHE MERAH HERBAL 12 SC, KOMIX HERBAL 15 ML, ENTROSTOP 10'S
125041620;April 22, 2025;KOMIX JAHE G-FORMULA BOX, KOMIX J.NIPIS G-FORMULA B
125041632;April 22, 2025;ENTROSTOP HERBAL ANAK, KOMIX HERBAL 15 ML, KOMIX OBH PE
125041652;April 22, 2025;BEJO JAHE MERAH HERBAL 12 SC, EXTRA JOSS ULTIMATE LIQ/24 CAN, KOMIX HERBAL 15 ML, ENTROSTOP HERBAL ANAK
125041655;April 22, 2025;CEREBROFORT GOLD ORANGE 100 ML, SAKATONIK ABC STRAW 30TAB, SAKATONIK ABC ANGGUR30TAB
125041665;April 22, 2025;PROMAG SUSPENSI 10ML/6, WOODS COUGH SYR ATT  60ML, WOODS EXPECTORANT 60 ML, WOODS EXPECTORANT 100 ML, ENTROSTOP 10'S, WOODS LOZENGES 6'S, BEJO JAHE MERAH HERBAL 12 SC, KOMIX JAHE G-FORMULA BOX, KOMIX J.NIPIS G-FORMULA B, KOMIX PEPP.G-FORMULA BOX
125041669;April 22, 2025;CEREBROFORT M.G. AGGR SCH, CEREBROFORT MG JRK SCH
125041675;April 22, 2025;BEJO ANAK JAHE MERAH 5S, BEJO JAHE MERAH HERBAL 12 SC, ENTROSTOP HERBAL ANAK, EXTRA JOSS ULTIMATE LIQ/24 CAN, KOMIX HERBAL JAHE, KOMIX HERBAL JERUK NIPIS, KOMIX HERBAL ORI PACK, KOMIX HERBAL PEPPERMINT, PROMAG HERBAL 15 ML, EXTRA JOSS ACTIVE 12SCH, EXTRA JOSS GO RASA ANGGUR, EXTRA JOSS MANGGA LAKI, MIXAGRIP HERBAL GREGES, CEREBROFORT M.G. AGGR SCH, CEREBROFORT MG MGA SCH, CEREBROFORT MG JRK SCH, CEREBROFORT MG STRAW SCH, WOODS LOZENGES CHERRY 6'S, WOODS LOZENGES 6'S, WOODS LOZ HONEY LEMON, WOODS LOZENGES ORANGE VITAMIN C, WOODS LOZENGES LEMON VITAMIN C
125041677;April 22, 2025;KOMIX OBH PE, ENTROSTOP HERBAL ANAK, WOODS LOZENGES 6'S
125041697;April 23, 2025;FATIGON SPIRIT BOX 10X6S, ENTROSTOP 10'S, PROMAG TABLET
125041698;April 23, 2025;KALPANAX K CREAM 5 GR, BEJO JAHE MERAH HERBAL 12 SC, KOMIX HERBAL JAHE, KOMIX HERBAL JERUK NIPIS, KOMIX HERBAL 15 ML, KOMIX HERBAL ORI PACK, KOMIX OBH PE, ENTROSTOP 10'S
125041702;April 23, 2025;MIXAGRIP FLU KAPLET 25X4, PROCOLD FLU PE, WOODS LOZENGES 6'S
125041709;April 23, 2025;WOODS EXPECTORANT 60 ML, WOODS EXPECTORANT 100 ML
125041713;April 23, 2025;KALPANAX K CREAM 5 GR, SAKATONIK ABC ANTARIKSA 30 TAB, SAKATONIK ABC STRAW 30TAB
125041726;April 23, 2025;ENTROSTOP HERBAL ANAK, BEJO JAHE MERAH HERBAL 12 SC, EXTRA JOSS ULTIMATE LIQ/24 CAN, KOMIX HERBAL 15 ML
125041728;April 23, 2025;PROMAG TABLET, SAKATONIK ABC ANTARIKSA 30 TAB, WOODS LOZENGES 6'S
125041740;April 23, 2025;PUYER OSK BT NO.16/BOX, ENTROSTOP HERBAL ANAK, FATIGON KAPLET 10X6S
125041747;April 23, 2025;BEJO JAHE MERAH HERBAL 12 SC, KOMIX HERBAL 15 ML, ENTROSTOP HERBAL ANAK
125041772;April 23, 2025;WAISAN NEW FORMULA  /LUSIN, PROMAG TABLET, SAKATONIK ABC ORANGE 30TAB
125041773;April 23, 2025;PROMAG HERBAL 15 ML, WAISAN NEW FORMULA  /LUSIN
125041784;April 23, 2025;WOODS EXPECTORANT 60 ML, WOODS EXPECTORANT 100 ML
125041785;April 23, 2025;PROMAG HERBAL 15 ML, MIXAGRIP FLU KAPLET 25X4, PROCOLD FLU PE
125041786;April 23, 2025;WOODS EXPECTORANT 60 ML, WOODS LOZENGES 6'S
125041787;April 23, 2025;PROMAG HERBAL 15 ML, WOODS EXPECTORANT 60 ML, ENTROSTOP 10'S
125041792;April 23, 2025;PROMAG SUSPENSI BTL 60 ML, PROMAG HERBAL 15 ML
125041800;April 23, 2025;KALPANAX KRIM 10 GR, CEREBROFORT GOLD ORANGE 200 ML, PROCOLD FLU PE
125041805;April 23, 2025;BEJO JAHE MERAH HERBAL 12 SC, ENTROSTOP HERBAL ANAK, KOMIX HERBAL 15 ML
125041806;April 23, 2025;PROMAG TABLET, MIXAGRIP FLU KAPLET 25X4
125041811;April 23, 2025;KALPANAX K CREAM 5 GR, ENTROSTOP HERBAL ANAK, MIXAGRIP HERBAL GREGES, PROMAG HERBAL 15 ML, WOODS EXPECTORANT 60 ML, PROMAG TABLET, WOODS LOZENGES CHERRY 6'S, WOODS LOZENGES 6'S, WOODS LOZ HONEY LEMON
125041827;April 23, 2025;BEJO JAHE MERAH HERBAL 12 SC, EXTRA JOSS ULTIMATE LIQ/24 CAN, KOMIX HERBAL 15 ML, ENTROSTOP HERBAL ANAK
125041828;April 23, 2025;BEJO JAHE MERAH HERBAL 12 SC, EXTRA JOSS ULTIMATE LIQ/24 CAN, KOMIX HERBAL 15 ML, CEREBROFORT GOLD ORANGE 100 ML, ENTROSTOP HERBAL ANAK, WOODS LOZENGES CHERRY 6'S, WOODS LOZENGES 6'S, WOODS LOZ HONEY LEMON, WOODS LOZENGES ORANGE VITAMIN C, WOODS LOZENGES LEMON VITAMIN C
125041832;April 23, 2025;EXTRA JOSS ACTIVE 12SCH, EXTRA JOSS ULTIMATE LIQ/24 CAN
125041837;April 23, 2025;BEJO JAHE MERAH HERBAL 12 SC, KOMIX HERBAL 15 ML, ENTROSTOP HERBAL ANAK, CEREBROFORT M.G. AGGR SCH, CEREBROFORT MG MGA SCH, CEREBROFORT MG JRK SCH, CEREBROFORT MG STRAW SCH, EXTRA JOSS ULTIMATE LIQ/24 CAN
125041852;April 23, 2025;EXTRA JOSS ACTIVE 12SCH, EXTRA JOSS ULTIMATE LIQ/24 CAN
125041853;April 23, 2025;EXTRA JOSS ULTIMATE LIQ/24 CAN, KOMIX J.NIPIS G-FORMULA B, KOMIX PEPP.G-FORMULA BOX, KOMIX KID OBH PE, PUYER OSK BT NO.16/BOX, PROMAG SUSPENSI 10ML/6, SKT ACTIV SIRUP 100 ML, WOODS COUGH SYR ATT  60ML, WOODS EXPECTORANT 60 ML, WOODS NATURALS SYR 60 ML, CEREBROFORT M.G. AGGR SCH, CEREBROFORT MG MGA SCH, CEREBROFORT MG JRK SCH, CEREBROFORT MG STRAW SCH, FATIGON KAPLET 10X6S, FATIGON SPIRIT BOX 10X6S, MIXAGRIP FLU &BATUK PE, MIXAGRIP FLU KAPLET 25X4, ENTROSTOP 10'S, PROCOLD FLU BATUK PE, PROCOLD FLU PE, SAKATONIK ABC ANTARIKSA 30 TAB, SAKATONIK ABC STRAW 30TAB, SAKATONIK ABC ORANGE 30TAB
125041855;April 23, 2025;KOMIX JAHE G-FORMULA BOX, KOMIX J.NIPIS G-FORMULA B, WOODS COUGH SYR ATT 100ML, WOODS COUGH SYR ATT  60ML, MIXAGRIP FLU &BATUK PE, PROCOLD FLU BATUK PE
125041865;April 23, 2025;BEJO JAHE MERAH HERBAL 12 SC, EXTRA JOSS ULTIMATE LIQ/24 CAN, KOMIX HERBAL 15 ML, CEREBROFORT M.G. AGGR SCH, CEREBROFORT MG MGA SCH, CEREBROFORT MG JRK SCH, CEREBROFORT MG STRAW SCH
125041871;April 23, 2025;KOMIX OBH PE, PROCOLD FLU PE, WOODS LOZENGES 6'S
125041874;April 23, 2025;ENTROSTOP HERBAL ANAK, MIXAGRIP FLU KAPLET 25X4
125041879;April 23, 2025;KALPANAX K CREAM 5 GR, KALPANAX SALEP 6G/12, KALPANAX KRIM 10 GR, BEJO JAHE MERAH HERBAL 12 SC, PUYER OSK BT NO.16/BOX
125041884;April 23, 2025;KOMIX JAHE G-FORMULA BOX, KOMIX J.NIPIS G-FORMULA B, KOMIX PEPP.G-FORMULA BOX
125041885;April 23, 2025;CEREBROFORT GOLD ORANGE 100 ML, CEREBROFORT GOLD ORANGE 200 ML, CEREBROFORT GOLD STRAWBERY, SAKATONIK ABC ANTARIKSA 30 TAB, SAKATONIK ABC STRAW 30TAB, SAKATONIK ABC ORANGE 30TAB, SKT ABC CURCUMA MADU
125041893;April 23, 2025;ENTROSTOP HERBAL ANAK, PROMAG TABLET
125041901;April 23, 2025;CEREBROFORT GOLD ORANGE 200 ML, WOODS EXPECTORANT 60 ML, SAKATONIK ABC STRAW 30TAB
125041917;April 23, 2025;WOODS LOZENGES 6'S, WOODS LOZENGES LEMON VITAMIN C
125041921;April 23, 2025;KALPANAX SALEP 6G/12, PROMAG HERBAL 15 ML, CEREBROFORT MG STRAW SCH, FATIGON SPIRIT BOX 10X6S, SAKATONIK ABC ANTARIKSA 30 TAB, SKT ABC CURCUMA MADU
125041933;April 23, 2025;KOMIX JAHE G-FORMULA BOX, KOMIX J.NIPIS G-FORMULA B, KOMIX KID OBH PE, KOMIX OBH PE, KALPANAX SALEP 6G/12, WOODS COUGH SYR ATT  60ML, WOODS EXPECTORANT 60 ML, CEREBROFORT M.G. AGGR SCH, CEREBROFORT MG MGA SCH, CEREBROFORT MG JRK SCH, CEREBROFORT MG STRAW SCH, MIXAGRIP FLU KAPLET 25X4
125041949;April 23, 2025;CEREBROFORT MG STRAW SCH, SAKATONIK ABC STRAW 30TAB
125041950;April 23, 2025;BEJO JAHE MERAH HERBAL 12 SC, CEREBROFORT GOLD ORANGE 200 ML, KOMIX HERBAL 15 ML, KOMIX HERBAL ORI PACK, WOODS NATURALS SYR 60 ML
125041962;April 23, 2025;KALPANAX SALEP 6G/12, KALPANAX KRIM 10 GR
125041967;April 23, 2025;KOMIX HERBAL JERUK NIPIS, KOMIX HERBAL 15 ML, PROMAG HERBAL 15 ML, ENTROSTOP 10'S
125041968;April 23, 2025;SKT ACTIV SIRUP 300 ML, KOMIX HERBAL ORI PACK
125041973;April 23, 2025;FATIGON SPIRIT BOX 10X6S, MIXAGRIP FLU KAPLET 25X4
125041974;April 23, 2025;SAKATONIK ABC ANTARIKSA 30 TAB, SAKATONIK ABC STRAW 30TAB
125041993;April 23, 2025;BEJO JAHE MERAH HERBAL 12 SC, KOMIX HERBAL 15 ML, ENTROSTOP HERBAL ANAK, MIXAGRIP HERBAL GREGES
125042004;April 23, 2025;KOMIX HERBAL JERUK NIPIS, KOMIX HERBAL 15 ML, EXTRA JOSS ACTIVE 12SCH
125042008;April 23, 2025;BEJO JAHE MERAH HERBAL 12 SC, ENTROSTOP HERBAL ANAK, KOMIX HERBAL 15 ML, PROMAG HERBAL 15 ML, EXTRA JOSS GO RASA ANGGUR, CEREBROFORT MG MGA SCH, CEREBROFORT MG JRK SCH, WOODS LOZENGES 6'S
125042024;April 23, 2025;BEJO JAHE MERAH HERBAL 12 SC, EXTRA JOSS ULTIMATE LIQ/24 CAN, KOMIX HERBAL JAHE, EXTRA JOSS ACTIVE 6 SCH, EXTRA JOSS GO RASA ANGGUR, EXTRA JOSS MANGGA LAKI, MIXAGRIP HERBAL GREGES, CEREBROFORT M.G. AGGR SCH, CEREBROFORT MG MGA SCH, CEREBROFORT MG JRK SCH, CEREBROFORT MG STRAW SCH, SAKATONIK ABC ANTARIKSA 30 TAB, SKT ABC CURCUMA MADU, WOODS LOZENGES CHERRY 6'S, WOODS LOZENGES 6'S, WOODS LOZ HONEY LEMON, WOODS LOZENGES ORANGE VITAMIN C, WOODS LOZENGES LEMON VITAMIN C
125042025;April 23, 2025;EXTRA JOSS ACTIVE 12SCH, EXTRA JOSS ULTIMATE LIQ/24 CAN
125042031;April 23, 2025;KOMIX HERBAL 15 ML, PROMAG TABLET
125042032;April 23, 2025;KOMIX HERBAL 15 ML, KOMIX OBH PE, KALPANAX K CREAM 5 GR
125042037;April 23, 2025;KOMIX HERBAL JAHE, KOMIX HERBAL JERUK NIPIS
125042045;April 23, 2025;KOMIX HERBAL 15 ML, PROMAG SUSPENSI 10ML/6
125042136;April 23, 2025;BEJO JAHE MERAH HERBAL 12 SC, KOMIX HERBAL 15 ML, ENTROSTOP HERBAL ANAK, MIXAGRIP HERBAL GREGES, PROMAG HERBAL 15 ML
125042137;April 23, 2025;BEJO JAHE MERAH HERBAL 12 SC, KOMIX HERBAL ORI PACK, ENTROSTOP HERBAL ANAK, PROMAG HERBAL 15 ML, CEREBROFORT MG MGA SCH, CEREBROFORT MG JRK SCH, SKT ABC CURCUMA MADU, WOODS LOZENGES 6'S
125042140;April 23, 2025;BEJO JAHE MERAH HERBAL 12 SC, KOMIX HERBAL JAHE, KOMIX HERBAL JERUK NIPIS, KOMIX HERBAL 15 ML, ENTROSTOP HERBAL ANAK
125042142;April 23, 2025;EXTRA JOSS ULTIMATE LIQ/24 CAN, KALPANAX SALEP 6G/12
125042143;April 23, 2025;BEJO JAHE MERAH HERBAL 12 SC, KOMIX HERBAL 15 ML, ENTROSTOP HERBAL ANAK, PROMAG HERBAL 15 ML, CEREBROFORT MG JRK SCH, CEREBROFORT MG STRAW SCH, SKT ABC CURCUMA MADU, WOODS LOZENGES 6'S
125042152;April 23, 2025;BEJO JAHE MERAH HERBAL 12 SC, CEREBROFORT GOLD ORANGE 200 ML, KOMIX HERBAL 15 ML, KOMIX HERBAL ORI PACK, WOODS NATURALS SYR 60 ML
125042183;April 23, 2025;PROMAG SUSPENSI 10ML/6, ENTROSTOP 10'S, SKT ACTIV SIRUP 100 ML, FATIGON KAPLET 10X6S, FATIGON SPIRIT BOX 10X6S
125042184;April 23, 2025;KALPANAX K CREAM 5 GR, KALPANAX SALEP 6G/12, KALPANAX KRIM 10 GR, KOMIX HERBAL JERUK NIPIS, WOODS EXPECTORANT 60 ML, WOODS EXPECTORANT 100 ML
125042188;April 23, 2025;PROMAG SUSPENSI BTL 60 ML, PROMAG HERBAL 15 ML, SKT ACTIV SIRUP 300 ML, FATIGON SPIRIT BOX 10X6S, PROCOLD FLU PE
125042195;April 23, 2025;KALPANAX SALEP 6G/12, ENTROSTOP HERBAL ANAK, PROMAG HERBAL 15 ML
125042200;April 23, 2025;CEREBROFORT GOLD ORANGE 100 ML, CEREBROFORT GOLD ORANGE 200 ML
125042217;April 23, 2025;EJ SPORT GEL ORANGE 5 TB, EXTRA JOSS SPORT 5 TB
125042230;April 23, 2025;BEJO JAHE MERAH HERBAL 12 SC, EXTRA JOSS ULTIMATE LIQ/24 CAN, KOMIX HERBAL JAHE, KOMIX HERBAL JERUK NIPIS, KOMIX HERBAL ORI PACK, KOMIX HERBAL PEPPERMINT, EXTRA JOSS ACTIVE 6 SCH, EXTRA JOSS MANGGA LAKI, ENTROSTOP HERBAL ANAK, MIXAGRIP HERBAL GREGES, WOODS LOZENGES CHERRY 6'S, WOODS LOZENGES 6'S, WOODS LOZ HONEY LEMON, WOODS LOZENGES ORANGE VITAMIN C, WOODS LOZENGES LEMON VITAMIN C
125042232;April 23, 2025;KOMIX JAHE G-FORMULA BOX, KOMIX J.NIPIS G-FORMULA B, KOMIX OBH PE
125042233;April 23, 2025;KOMIX JAHE G-FORMULA BOX, KOMIX J.NIPIS G-FORMULA B, PUYER OSK BT NO.16/BOX, PROMAG HERBAL 15 ML, CEREBROFORT M.G. AGGR SCH, CEREBROFORT MG MGA SCH, CEREBROFORT MG JRK SCH, CEREBROFORT MG STRAW SCH, FATIGON SPIRIT BOX 10X6S, MIXAGRIP FLU &BATUK PE, MIXAGRIP FLU KAPLET 25X4, ENTROSTOP 10'S, PROCOLD FLU BATUK PE, PROCOLD FLU PE, PROMAG TABLET, SKT ABC CURCUMA MADU
125042234;April 23, 2025;KOMIX JAHE G-FORMULA BOX, KOMIX J.NIPIS G-FORMULA B, KOMIX OBH PE
125042296;April 24, 2025;BEJO JAHE MERAH HERBAL 12 SC, CEREBROFORT GOLD ORANGE 100 ML
125042314;April 24, 2025;BEJO JAHE MERAH HERBAL 12 SC, KOMIX HERBAL JAHE, KOMIX HERBAL JERUK NIPIS, KOMIX HERBAL 15 ML, KOMIX HERBAL ORI PACK, EXTRA JOSS ACTIVE 12SCH
125042315;April 24, 2025;KOMIX J.NIPIS G-FORMULA B, KOMIX OBH PE
125042329;April 24, 2025;KOMIX HERBAL JAHE, KOMIX HERBAL JERUK NIPIS, KOMIX HERBAL ORI PACK, EXTRA JOSS ACTIVE 12SCH
125042333;April 24, 2025;WOODS EXPECTORANT 100 ML, PROMAG TABLET
125042342;April 24, 2025;BEJO JAHE MERAH HERBAL 12 SC, KOMIX HERBAL 15 ML, ENTROSTOP HERBAL ANAK
125042343;April 24, 2025;EXTRA JOSS ULTIMATE LIQ/24 CAN, KOMIX HERBAL 15 ML, ENTROSTOP HERBAL ANAK
125042344;April 24, 2025;BEJO JAHE MERAH HERBAL 12 SC, EXTRA JOSS ULTIMATE LIQ/24 CAN, KOMIX HERBAL 15 ML, ENTROSTOP HERBAL ANAK
125042346;April 24, 2025;BEJO JAHE MERAH HERBAL 12 SC, KOMIX HERBAL 15 ML, ENTROSTOP HERBAL ANAK
125042348;April 24, 2025;BEJO JAHE MERAH HERBAL 12 SC, KOMIX HERBAL 15 ML, ENTROSTOP HERBAL ANAK
125042367;April 24, 2025;KOMIX JAHE G-FORMULA BOX, KOMIX J.NIPIS G-FORMULA B, ENTROSTOP 10'S
125042379;April 24, 2025;ENTROSTOP HERBAL ANAK, SKT ACTIV SIRUP 100 ML, SAKATONIK ABC STRAW 30TAB, WOODS LOZ HONEY LEMON
125042380;April 24, 2025;PROMAG TABLET, CEREBROFORT MG JRK SCH, CEREBROFORT MG STRAW SCH
125042382;April 24, 2025;KALPANAX K CREAM 5 GR, KALPANAX SALEP 6G/12
125042387;April 24, 2025;CEREBROFORT GOLD ORANGE 200 ML, KOMIX HERBAL 15 ML
125042391;April 24, 2025;KALPANAX KRIM 10 GR, ENTROSTOP HERBAL ANAK, PROMAG SUSPENSI BTL 60 ML, PROMAG HERBAL 15 ML, SKT ACTIV SIRUP 300 ML, WOODS COUGH SYR ATT 100ML, WOODS COUGH SYR ATT  60ML, MEXTRIL BATUK-TABLET BOX, ENTROSTOP 10'S, SAKATONIK ABC ANTARIKSA 30 TAB
125042392;April 24, 2025;EXTRA JOSS ACTIVE 12SCH, CEREBROFORT M.G. AGGR SCH, CEREBROFORT MG MGA SCH, CEREBROFORT MG JRK SCH, CEREBROFORT MG STRAW SCH, WOODS LOZENGES CHERRY 6'S, WOODS LOZENGES 6'S, WOODS LOZ HONEY LEMON, WOODS LOZENGES ORANGE VITAMIN C, WOODS LOZENGES LEMON VITAMIN C
125042393;April 24, 2025;WOODS LOZENGES CHERRY 6'S, WOODS LOZENGES 6'S
125042417;April 24, 2025;BEJO JAHE MERAH HERBAL 12 SC, KOMIX HERBAL 15 ML, ENTROSTOP HERBAL ANAK, MIXAGRIP HERBAL GREGES
125042438;April 24, 2025;KALPANAX K CREAM 5 GR, KALPANAX KRIM 10 GR, CEREBROFORT GOLD ORANGE 100 ML, CEREBROFORT GOLD STRAWBERY
125042450;April 24, 2025;WAISAN NEW FORMULA  /LUSIN, WOODS LOZENGES CHERRY 6'S
125042454;April 24, 2025;KALPANAX K CREAM 5 GR, WOODS EXPECTORANT 60 ML
125042456;April 24, 2025;WOODS NATURALS SYR 60 ML, PROCOLD FLU PE, WOODS LOZENGES 6'S
125042465;April 24, 2025;KALPANAX K CREAM 5 GR, BEJO JAHE MERAH HERBAL 6S MT, BEJO JAHE MERAH HERBAL 12 SC, KOMIX HERBAL 15 ML, PROMAG SUSPENSI BTL 60 ML, ENTROSTOP 10'S, PROMAG TABLET
125042469;April 24, 2025;BEJO JAHE MERAH HERBAL 12 SC, ENTROSTOP HERBAL ANAK
125042485;April 24, 2025;BEJO ANAK JAHE MERAH 5S, BEJO JAHE MERAH HERBAL 12 SC
125042488;April 24, 2025;BEJO JAHE MERAH HERBAL 12 SC, KOMIX HERBAL 15 ML, KOMIX HERBAL ORI PACK, ENTROSTOP HERBAL ANAK, PROMAG HERBAL 15 ML, SKT ACTIV SIRUP 100 ML, CEREBROFORT MG JRK SCH, CEREBROFORT MG STRAW SCH, FATIGON SPIRIT BOX 10X6S
125042503;April 24, 2025;KALPANAX K CREAM 5 GR, CEREBROFORT GOLD STRAWBERY
125042508;April 24, 2025;KOMIX OBH PE, CEREBROFORT MG STRAW SCH, WOODS LOZ HONEY LEMON
125042514;April 24, 2025;ENTROSTOP HERBAL ANAK, PROMAG HERBAL 15 ML
125042517;April 24, 2025;WOODS LOZENGES CHERRY 6'S, WOODS LOZENGES 6'S, WOODS LOZ HONEY LEMON, WOODS LOZENGES ORANGE VITAMIN C
125042531;April 24, 2025;KOMIX HERBAL JAHE, KOMIX HERBAL PEPPERMINT, PROMAG HERBAL 15 ML
125042538;April 24, 2025;CEREBROFORT M.G. AGGR SCH, CEREBROFORT MG MGA SCH, CEREBROFORT MG JRK SCH, CEREBROFORT MG STRAW SCH, WOODS LOZENGES CHERRY 6'S, WOODS LOZENGES 6'S, XONCE TAB BOX 50'S
125042554;April 24, 2025;BEJO JAHE MERAH HERBAL 12 SC, EXTRA JOSS ACTIVE 12SCH, EXTRA JOSS GO RASA ANGGUR, EXTRA JOSS MANGGA LAKI
125042559;April 24, 2025;KALPANAX K CREAM 5 GR, KALPANAX SALEP 6G/12, PROMAG HERBAL 15 ML
125042563;April 24, 2025;KOMIX HERBAL PEPPERMINT, KOMIX OBH PE
125042576;April 24, 2025;KOMIX OBH PE, PUYER OSK BT NO.16/BOX, ENTROSTOP 10'S
125042611;April 24, 2025;BEJO JAHE MERAH HERBAL 12 SC, KOMIX HERBAL 15 ML, EXTRA JOSS ACTIVE 6 SCH, KALPANAX SALEP 6G/12, CEREBROFORT GOLD ORANGE 100 ML, ENTROSTOP HERBAL ANAK, WOODS LOZENGES CHERRY 6'S, WOODS LOZENGES 6'S, WOODS LOZ HONEY LEMON, WOODS LOZENGES ORANGE VITAMIN C, WOODS LOZENGES LEMON VITAMIN C
125042614;April 24, 2025;PROMAG SUSPENSI BTL 60 ML, PROMAG TABLET
125042617;April 24, 2025;KOMIX HERBAL 15 ML, PROMAG HERBAL 15 ML
125042653;April 24, 2025;KOMIX J.NIPIS G-FORMULA B, KOMIX OBH
125042657;April 24, 2025;KOMIX JAHE G-FORMULA BOX, KOMIX J.NIPIS G-FORMULA B, KOMIX KID OBH PE, KOMIX OBH
125042667;April 24, 2025;KOMIX HERBAL LEMON, KOMIX HERBAL PEPPERMINT
125042675;April 24, 2025;WOODS COUGH SYR ATT 100ML, WOODS COUGH SYR ATT  60ML
125042681;April 24, 2025;CEREBROFORT M.G. AGGR SCH, CEREBROFORT MG MGA SCH, CEREBROFORT MG JRK SCH, CEREBROFORT MG STRAW SCH
125042685;April 24, 2025;CEREBROFORT GOLD ORANGE 100 ML, CEREBROFORT GOLD STRAWBERY
125042690;April 24, 2025;BEJO JAHE MERAH HERBAL 12 SC, KOMIX HERBAL 15 ML, ENTROSTOP HERBAL ANAK, PROMAG HERBAL 15 ML
125042695;April 24, 2025;BEJO JAHE MERAH HERBAL 12 SC, KOMIX HERBAL 15 ML, KOMIX HERBAL ORI PACK, EXTRA JOSS GO RASA ANGGUR, ENTROSTOP HERBAL ANAK, MIXAGRIP HERBAL GREGES, CEREBROFORT MG MGA SCH, CEREBROFORT MG JRK SCH, CEREBROFORT MG STRAW SCH
125042707;April 24, 2025;KALPANAX KRIM 10 GR, BEJO JAHE MERAH HERBAL 6S MT, KOMIX HERBAL 15 ML, KOMIX KID OBH PE, KOMIX OBH PE, PUYER OSK BT NO.16/BOX, CEREBROFORT MG JRK SCH, FATIGON SPIRIT BOX 10X6S, MIXAGRIP FLU KAPLET 25X4, ENTROSTOP 10'S, WOODS LOZENGES CHERRY 6'S
125042708;April 24, 2025;KOMIX JAHE G-FORMULA BOX, KOMIX KID STRAWBERRY PACK, KOMIX J.NIPIS G-FORMULA B, KOMIX PEPP.G-FORMULA BOX, MIXAGRIP FLU &BATUK PE, PROCOLD FLU BATUK PE
125042712;April 24, 2025;BEJO ANAK JAHE MERAH 5S, KOMIX OBH PE, PUYER OSK BT NO.16/BOX, KALPANAX K CREAM 5 GR, KALPANAX KRIM 10 GR, PROMAG SUSPENSI BTL 60 ML, PROMAG SUSPENSI 10ML/6, PROMAG HERBAL 15 ML, PROMAG TABLET
125042734;April 24, 2025;KALPANAX K CREAM 5 GR, PROMAG TABLET
125042742;April 24, 2025;BEJO JAHE MERAH HERBAL 12 SC, KOMIX HERBAL 15 ML, ENTROSTOP HERBAL ANAK, SAKATONIK ABC ANTARIKSA 30 TAB, SAKATONIK ABC STRAW 30TAB, SAKATONIK ABC ANGGUR30TAB, SAKATONIK ABC ORANGE 30TAB
125042757;April 24, 2025;BEJO JAHE MERAH HERBAL 12 SC, KOMIX HERBAL 15 ML, KOMIX HERBAL ORI PACK, EXTRA JOSS GO RASA ANGGUR, EXTRA JOSS MANGGA LAKI, ENTROSTOP HERBAL ANAK, CEREBROFORT MG MGA SCH, CEREBROFORT MG JRK SCH, CEREBROFORT MG STRAW SCH, WOODS LOZENGES 6'S
125042767;April 25, 2025;PUYER OSK BT NO.16/BOX, ENTROSTOP 10'S, PROMAG TABLET
125042773;April 25, 2025;BEJO JAHE MERAH HERBAL 12 SC, KOMIX HERBAL 15 ML, ENTROSTOP HERBAL ANAK, PROMAG HERBAL 15 ML
125042778;April 25, 2025;CEREBROFORT GOLD ORANGE 100 ML, CEREBROFORT GOLD ORANGE 200 ML, PROMAG SUSPENSI 10ML/6, PROCOLD FLU PE
125042786;April 25, 2025;KALPANAX K CREAM 5 GR, PROMAG HERBAL 15 ML
125042827;April 25, 2025;BEJO JAHE MERAH HERBAL 12 SC, KOMIX HERBAL 15 ML, EXTRA JOSS ACTIVE 12SCH, ENTROSTOP HERBAL ANAK
125042831;April 25, 2025;CEREBROFORT GOLD ORANGE 100 ML, CEREBROFORT GOLD STRAWBERY
125042843;April 25, 2025;KOMIX HERBAL JAHE, KOMIX HERBAL ORI PACK, KOMIX HERBAL PEPPERMINT, KOMIX KID OBH PE, CEREBROFORT GOLD ORANGE 200 ML, ENTROSTOP HERBAL ANAK, SAKATONIK ABC ANTARIKSA 30 TAB
125042853;April 25, 2025;WOODS LOZENGES CHERRY 6'S, WOODS LOZENGES 6'S, WOODS LOZ HONEY LEMON, WOODS LOZENGES ORANGE VITAMIN C, WOODS LOZENGES LEMON VITAMIN C, BEJO JAHE MERAH HERBAL 12 SC, KOMIX HERBAL 15 ML
125042877;April 25, 2025;KOMIX JAHE G-FORMULA BOX, KOMIX J.NIPIS G-FORMULA B, KOMIX PEPP.G-FORMULA BOX, KOMIX OBH PE, PUYER OSK BT NO.16/BOX
125042890;April 25, 2025;CEREBROFORT M.G. AGGR SCH, CEREBROFORT MG JRK SCH, CEREBROFORT MG STRAW SCH
125042893;April 25, 2025;ENTROSTOP 10'S, PROCOLD FLU PE
125042920;April 25, 2025;ENTROSTOP 10'S, PROMAG TABLET
125042924;April 25, 2025;KOMIX HERBAL JAHE, KOMIX HERBAL ORI PACK
125042933;April 25, 2025;BEJO JAHE MERAH HERBAL 12 SC, KOMIX HERBAL 15 ML, ENTROSTOP HERBAL ANAK, WOODS LOZENGES 6'S
125042940;April 25, 2025;KOMIX HERBAL JAHE, KOMIX HERBAL JERUK NIPIS, KOMIX HERBAL 15 ML, KOMIX HERBAL PEPPERMINT, PROMAG HERBAL 15 ML
125042943;April 25, 2025;WOODS COUGH SYR ATT  60ML, MEXTRIL BATUK-TABLET BOX
125042947;April 25, 2025;KOMIX HERBAL 15 ML, KOMIX OBH PE, KALPANAX K CREAM 5 GR, CEREBROFORT GOLD ORANGE 100 ML, CEREBROFORT GOLD ORANGE 200 ML, CEREBROFORT GOLD STRAWBERY, WOODS EXPECTORANT 60 ML, ENTROSTOP 10'S, PROCOLD FLU PE, PROMAG TABLET
125042958;April 25, 2025;CEREBROFORT M.G. AGGR SCH, CEREBROFORT MG JRK SCH, CEREBROFORT MG STRAW SCH
125042961;April 25, 2025;BEJO JAHE MERAH HERBAL 12 SC, ENTROSTOP HERBAL ANAK, KOMIX HERBAL 15 ML, MIXAGRIP HERBAL GREGES
125042962;April 25, 2025;KOMIX HERBAL JAHE, KOMIX HERBAL ORI PACK, EXTRA JOSS ACTIVE 12SCH, SAKATONIK ABC STRAW 30TAB, SAKATONIK ABC ANGGUR30TAB, SAKATONIK ABC ORANGE 30TAB
125042963;April 25, 2025;BEJO JAHE MERAH HERBAL 12 SC, EXTRA JOSS ACTIVE 12SCH
125042981;April 25, 2025;CEREBROFORT GOLD ORANGE 200 ML, PROCOLD FLU PE
125042988;April 25, 2025;KOMIX KID OBH PE, SKT ACTIV SIRUP 100 ML
125043005;April 25, 2025;KALPANAX SALEP 6G/12, WOODS NATURALS SYR 60 ML, CEREBROFORT M.G. AGGR SCH, FATIGON SPIRIT BOX 10X6S
125043010;April 25, 2025;KALPANAX K CREAM 5 GR, PROMAG SUSPENSI 10ML/6
125043013;April 25, 2025;BEJO JAHE MERAH HERBAL 6S MT, EXTRA JOSS SPORT GEL 2 TB, KOMIX HERBAL ORI PACK
125043015;April 25, 2025;BEJO JAHE MERAH HERBAL 6S MT, EXTRA JOSS SPORT GEL 2 TB, KOMIX HERBAL ORI PACK, EXTRA JOSS ACTIVE 6 SCH
125043016;April 25, 2025;MIXAGRIP HERBAL GREGES, PROMAG HERBAL 15 ML, CEREBROFORT MG STRAW SCH, FATIGON SPIRIT BOX 10X6S, SAKATONIK ABC STRAW 30TAB, SKT ABC CURCUMA MADU
125043027;April 25, 2025;BEJO JAHE MERAH HERBAL 12 SC, KOMIX HERBAL 15 ML, MIXAGRIP HERBAL GREGES
125043030;April 25, 2025;BEJO JAHE MERAH HERBAL 12 SC, KOMIX HERBAL JAHE, KOMIX HERBAL ORI PACK, KOMIX HERBAL PEPPERMINT, EXTRA JOSS ACTIVE 12SCH
125043031;April 25, 2025;BEJO JAHE MERAH HERBAL 12 SC, KOMIX HERBAL 15 ML, ENTROSTOP HERBAL ANAK
125043037;April 25, 2025;BEJO JAHE MERAH HERBAL 12 SC, KOMIX HERBAL 15 ML, EXTRA JOSS ACTIVE 12SCH, ENTROSTOP HERBAL ANAK
125043039;April 25, 2025;EXTRA JOSS ACTIVE 12SCH, EXTRA JOSS ULTIMATE LIQ/24 CAN
125043058;April 25, 2025;BEJO JAHE MERAH HERBAL 12 SC, ENTROSTOP HERBAL ANAK, KOMIX HERBAL 15 ML, WOODS NATURALS SYR 60 ML
125043075;April 25, 2025;KOMIX JAHE G-FORMULA BOX, KOMIX J.NIPIS G-FORMULA B, KOMIX OBH PE
125043076;April 25, 2025;EXTRA JOSS ACTIVE 12SCH, EXTRA JOSS ULTIMATE LIQ/24 CAN
125043093;April 25, 2025;KALPANAX K CREAM 5 GR, KALPANAX SALEP 6G/12
125043100;April 25, 2025;KOMIX HERBAL 15 ML, PROMAG HERBAL 15 ML, ENTROSTOP 10'S, PROCOLD FLU PE, PROMAG TABLET
125043113;April 25, 2025;BEJO JAHE MERAH HERBAL 6S MT, BEJO JAHE MERAH HERBAL 12 SC
125043166;April 25, 2025;CEREBROFORT GOLD ORANGE 100 ML, CEREBROFORT GOLD ORANGE 200 ML, KOMIX HERBAL ORI PACK, SAKATONIK ABC ANGGUR30TAB
125043182;April 25, 2025;KALPANAX SALEP 6G/12, CEREBROFORT GOLD ORANGE 100 ML, CEREBROFORT GOLD STRAWBERY, ENTROSTOP HERBAL DEWASA 15 ML, ENTROSTOP HERBAL ANAK, CEREBROFORT MG JRK SCH
125043218;April 25, 2025;BEJO JAHE MERAH HERBAL 12 SC, KOMIX HERBAL 15 ML, KOMIX HERBAL ORI PACK, ENTROSTOP HERBAL ANAK, PROMAG HERBAL 15 ML, CEREBROFORT MG MGA SCH, CEREBROFORT MG JRK SCH, SAKATONIK ABC ANGGUR30TAB
125043220;April 25, 2025;BEJO JAHE MERAH HERBAL 6S MT, KOMIX HERBAL ORI PACK, KOMIX HERBAL PEPPERMINT, WOODS LOZENGES CHERRY 6'S, WOODS LOZENGES 6'S, WOODS LOZ HONEY LEMON
125043270;April 25, 2025;BEJO JAHE MERAH HERBAL 12 SC, ENTROSTOP 10'S
125043277;April 25, 2025;KALPANAX SALEP 6G/12, FATIGON KAPLET 10X6S, PROMAG TABLET
125043280;April 25, 2025;BEJO JAHE MERAH HERBAL 12 SC, ENTROSTOP HERBAL ANAK, KOMIX HERBAL 15 ML, PROMAG HERBAL 15 ML, CEREBROFORT MG MGA SCH, FATIGON KAPLET 10X6S, SAKATONIK ABC ORANGE 30TAB, SKT ABC CURCUMA MADU
125043291;April 26, 2025;SAKATONIK ABC STRAW 30TAB, SAKATONIK ABC ANGGUR30TAB, SAKATONIK ABC ORANGE 30TAB
125043299;April 26, 2025;PROMAG HERBAL 15 ML, PROCOLD FLU PE
125043327;April 26, 2025;PROMAG SUSPENSI BTL 60 ML, WOODS LOZENGES 6'S
125043329;April 26, 2025;KOMIX HERBAL 15 ML, ENTROSTOP 10'S
125043332;April 26, 2025;PROCOLD FLU PE, XONCE TAB BOX 50'S
125043333;April 26, 2025;ENTROSTOP 10'S, SAKATONIK ABC ORANGE 30TAB
125043382;April 26, 2025;WOODS EXPECTORANT 60 ML, WOODS EXPECTORANT 100 ML, PROMAG TABLET
125043385;April 26, 2025;ENTROSTOP HERBAL ANAK, ENTROSTOP 10'S
125043386;April 26, 2025;KALPANAX SALEP 6G/12, WOODS NATURALS SYR 60 ML
125043390;April 26, 2025;KOMIX OBH PE, KALPANAX KRIM 10 GR
125043399;April 26, 2025;WAISAN NEW FORMULA  /LUSIN, PROMAG HERBAL 15 ML
125043408;April 26, 2025;KOMIX JAHE G-FORMULA BOX, KOMIX J.NIPIS G-FORMULA B
125043409;April 26, 2025;KOMIX JAHE G-FORMULA BOX, KOMIX J.NIPIS G-FORMULA B, KOMIX PEPP.G-FORMULA BOX
125043411;April 26, 2025;SAKATONIK ABC ANTARIKSA 30 TAB, SAKATONIK ABC STRAW 30TAB, SAKATONIK ABC ANGGUR30TAB, SAKATONIK ABC ORANGE 30TAB
125043415;April 26, 2025;KALPANAX K CREAM 5 GR, ENTROSTOP 10'S, PROMAG TABLET, SAKATONIK ABC ANGGUR30TAB
125043458;April 26, 2025;KOMIX HERBAL JAHE, KOMIX HERBAL 15 ML, KOMIX HERBAL ORI PACK, KOMIX HERBAL PEPPERMINT, KOMIX KID OBH PE, KOMIX OBH PE, PUYER OSK BT NO.16/BOX
125043470;April 26, 2025;KOMIX J.NIPIS G-FORMULA B, KOMIX PEPP.G-FORMULA BOX
125043473;April 26, 2025;PROMAG SUSPENSI 10ML/6, PROMAG HERBAL 15 ML, PROMAG TABLET
125043475;April 26, 2025;FATIGON KAPLET 10X6S, FATIGON SPIRIT BOX 10X6S
125043476;April 26, 2025;SKT ACTIV SIRUP 100 ML, SKT ACTIV SIRUP 300 ML
125043477;April 26, 2025;ENTROSTOP 10'S, PROMAG TABLET
125043478;April 26, 2025;CEREBROFORT GOLD ORANGE 200 ML, SKT ACTIV SIRUP 300 ML
125043499;April 26, 2025;KALPANAX K CREAM 5 GR, PROMAG HERBAL 15 ML
125043501;April 26, 2025;KOMIX OBH PE, SKT ACTIV SIRUP 100 ML, SAKATONIK ABC ANTARIKSA 30 TAB, SAKATONIK ABC STRAW 30TAB, SAKATONIK ABC ANGGUR30TAB, SAKATONIK ABC ORANGE 30TAB
125043502;April 26, 2025;KALPANAX K CREAM 5 GR, KALPANAX KRIM 10 GR, WOODS EXPECTORANT 60 ML, PROMAG TABLET, SAKATONIK ABC ANGGUR30TAB
125043506;April 26, 2025;KOMIX HERBAL 15 ML, KOMIX HERBAL PEPPERMINT
125043540;April 26, 2025;KOMIX JAHE G-FORMULA BOX, KOMIX J.NIPIS G-FORMULA B, MEXTRIL BATUK-TABLET BOX
125043541;April 26, 2025;KOMIX JAHE G-FORMULA BOX, KOMIX KID STRAWBERRY PACK, KOMIX J.NIPIS G-FORMULA B, KOMIX PEPP.G-FORMULA BOX, KOMIX OBH PE
125043544;April 26, 2025;KALPANAX K CREAM 5 GR, KALPANAX SALEP 6G/12, WOODS LOZENGES CHERRY 6'S, WOODS LOZENGES 6'S, WOODS LOZ HONEY LEMON
125043546;April 26, 2025;ENTROSTOP HERBAL DEWASA 15 ML, SKT ACTIV SIRUP 100 ML
125043547;April 26, 2025;KOMIX HERBAL 15 ML, ENTROSTOP HERBAL ANAK
125043550;April 26, 2025;KOMIX HERBAL JAHE, KOMIX HERBAL ORI PACK, KOMIX HERBAL PEPPERMINT
125043556;April 26, 2025;KALPANAX KRIM 10 GR, WOODS NATURALS SYR 60 ML
125043625;April 26, 2025;MIXAGRIP FLU &BATUK PE, MIXAGRIP FLU KAPLET 25X4
125043658;April 26, 2025;KOMIX JAHE G-FORMULA BOX, KOMIX J.NIPIS G-FORMULA B, KOMIX PEPP.G-FORMULA BOX, KOMIX OBH
125043659;April 26, 2025;KOMIX JAHE G-FORMULA BOX, KOMIX J.NIPIS G-FORMULA B, KOMIX PEPP.G-FORMULA BOX, KOMIX OBH
125043682;April 28, 2025;KOMIX OBH PE, ENTROSTOP 10'S
125043711;April 28, 2025;ENTROSTOP HERBAL ANAK, SKT ACTIV SIRUP 300 ML, PROMAG TABLET
125043727;April 28, 2025;KALPANAX K CREAM 5 GR, CEREBROFORT M.G. AGGR SCH, CEREBROFORT M.G. TROPICAL FRUIT, SAKATONIK ABC STRAW 30TAB, SAKATONIK ABC ORANGE 30TAB
125043743;April 28, 2025;ENTROSTOP HERBAL ANAK, ENTROSTOP 10'S
125043745;April 28, 2025;WOODS EXPECTORANT 60 ML, WOODS EXPECTORANT 100 ML
125043748;April 28, 2025;KALPANAX K CREAM 5 GR, PROMAG TABLET, SKT ABC CURCUMA MADU
125043754;April 28, 2025;WOODS COUGH SYR ATT 100ML, WOODS COUGH SYR ATT  60ML
125043755;April 28, 2025;KALPANAX K CREAM 5 GR, ENTROSTOP 10'S
125043756;April 28, 2025;KALPANAX K CREAM 5 GR, KALPANAX SALEP 6G/12, ENTROSTOP HERBAL DEWASA 15 ML, ENTROSTOP HERBAL ANAK, WOODS NATURALS SYR 60 ML, ENTROSTOP 10'S
125043758;April 28, 2025;PROMAG HERBAL 15 ML, ENTROSTOP 10'S, SAKATONIK ABC ANTARIKSA 30 TAB, KOMIX HERBAL 15 ML
125043761;April 28, 2025;KOMIX OBH PE, PROMAG SUSPENSI BTL 60 ML
125043772;April 28, 2025;BEJO JAHE MERAH HERBAL 12 SC, B7 SLASI JERUK NIPIS 12'S
125043782;April 28, 2025;KALPANAX K CREAM 5 GR, PROMAG HERBAL 15 ML, PROMAG TABLET
125043784;April 28, 2025;ENTROSTOP 10'S, SAKATONIK ABC ANGGUR30TAB
125043785;April 28, 2025;KOMIX HERBAL JAHE, KOMIX HERBAL PEPPERMINT
125043788;April 28, 2025;KOMIX HERBAL JAHE, KOMIX HERBAL 15 ML, KOMIX OBH PE, PROMAG SUSPENSI 10ML/6, PROMAG HERBAL 15 ML
125043792;April 28, 2025;CEREBROFORT GOLD ORANGE 100 ML, CEREBROFORT GOLD STRAWBERY, PROMAG SUSPENSI 10ML/6, CEREBROFORT M.G. AGGR SCH, CEREBROFORT MG JRK SCH, CEREBROFORT MG STRAW SCH, ENTROSTOP 10'S, PROMAG TABLET
125043795;April 28, 2025;CEREBROFORT MG STRAW SCH, CEREBROFORT M.G. TROPICAL FRUIT, WOODS LOZENGES CHERRY 6'S, WOODS LOZENGES 6'S, WOODS LOZ HONEY LEMON
125043802;April 28, 2025;SAKATONIK ABC STRAW 30TAB, SAKATONIK ABC ANGGUR30TAB, SAKATONIK ABC ORANGE 30TAB
125043820;April 28, 2025;SAKATONIK ABC STRAW 30TAB, SAKATONIK ABC ANGGUR30TAB
125043823;April 28, 2025;CEREBROFORT GOLD ORANGE 100 ML, CEREBROFORT GOLD ORANGE 200 ML, PROMAG SUSPENSI BTL 60 ML, PROMAG SUSPENSI 10ML/6, MIXAGRIP FLU KAPLET 25X4, WOODS LOZENGES CHERRY 6'S, WOODS LOZENGES 6'S, WOODS LOZ HONEY LEMON, WOODS LOZENGES ORANGE VITAMIN C, WOODS LOZENGES LEMON VITAMIN C
125043828;April 28, 2025;WOODS EXPECTORANT 60 ML, MIXAGRIP FLU KAPLET 25X4
125043831;April 28, 2025;KALPANAX K CREAM 5 GR, ENTROSTOP HERBAL ANAK, ENTROSTOP 10'S
125043838;April 28, 2025;WOODS COUGH SYR ATT 100ML, WOODS COUGH SYR ATT  60ML
125043852;April 28, 2025;CEREBROFORT M.G. AGGR SCH, CEREBROFORT MG JRK SCH, CEREBROFORT MG STRAW SCH, CEREBROFORT M.G. TROPICAL FRUIT, SKT ABC CURCUMA MADU
125043858;April 28, 2025;KOMIX HERBAL JAHE, KOMIX HERBAL PEPPERMINT, KOMIX KID OBH PE, FATIGON SPIRIT BOX 10X6S, PROCOLD FLU PE, PROMAG TABLET
125043866;April 28, 2025;BEJO JAHE MERAH HERBAL 12 SC, KOMIX HERBAL 15 ML, CEREBROFORT GOLD ORANGE 100 ML
125043870;April 28, 2025;PUYER OSK BT NO.16/BOX, FATIGON SPIRIT BOX 10X6S, SAKATONIK ABC ANTARIKSA 30 TAB, SAKATONIK ABC STRAW 30TAB, SAKATONIK ABC ANGGUR30TAB, SAKATONIK ABC ORANGE 30TAB, SKT ABC CURCUMA MADU
125043900;April 28, 2025;PROMAG TABLET, SAKATONIK ABC ANTARIKSA 30 TAB, SAKATONIK ABC STRAW 30TAB, SAKATONIK ABC ANGGUR30TAB, SAKATONIK ABC ORANGE 30TAB
125043904;April 28, 2025;ENTROSTOP HERBAL ANAK, PROMAG TABLET, WOODS EXPECTORANT 100 ML
125043908;April 28, 2025;PUYER OSK BT NO.16/BOX, WOODS EXPECTORANT 60 ML, WOODS EXPECTORANT 100 ML, PROMAG TABLET
125043910;April 28, 2025;KOMIX HERBAL 15 ML, PROMAG TABLET
125043912;April 28, 2025;CEREBROFORT GOLD ORANGE 100 ML, ENTROSTOP HERBAL ANAK, MIXAGRIP FLU KAPLET 25X4, ENTROSTOP 10'S
125043918;April 28, 2025;CEREBROFORT MG STRAW SCH, WOODS LOZ HONEY LEMON
125043929;April 28, 2025;ENTROSTOP HERBAL ANAK, PROMAG TABLET
125043947;April 28, 2025;SKT ACTIV SIRUP 300 ML, CEREBROFORT M.G. TROPICAL FRUIT
125043951;April 28, 2025;BEJO JAHE MERAH HERBAL 12 SC, ENTROSTOP HERBAL ANAK, KOMIX HERBAL JAHE, EXTRA JOSS ACTIVE 12SCH
125043966;April 28, 2025;KOMIX JAHE G-FORMULA BOX, KOMIX J.NIPIS G-FORMULA B
125043990;April 28, 2025;KALPANAX K CREAM 5 GR, PROMAG TABLET
125043993;April 28, 2025;KOMIX HERBAL 15 ML, KALPANAX KRIM 10 GR
125043994;April 28, 2025;ENTROSTOP 10'S, PROCOLD FLU PE
125043998;April 28, 2025;KOMIX J.NIPIS G-FORMULA B, WOODS COUGH SYR ATT 100ML, WOODS COUGH SYR ATT  60ML
125043999;April 28, 2025;KOMIX HERBAL ORI PACK, KOMIX KID OBH PE
125044008;April 28, 2025;KOMIX HERBAL ORI PACK, KOMIX HERBAL PEPPERMINT, KOMIX KID OBH PE, KOMIX OBH PE
125044042;April 28, 2025;CEREBROFORT GOLD ORANGE 200 ML, PROMAG SUSPENSI 10ML/6, SKT ACTIV SIRUP 300 ML, PROCOLD FLU BATUK PE, PROCOLD FLU PE, SAKATONIK ABC STRAW 30TAB, WOODS LOZENGES 6'S
125044054;April 28, 2025;BEJO JAHE MERAH HERBAL 12 SC, KOMIX HERBAL 15 ML
125044055;April 28, 2025;KOMIX HERBAL ORI PACK, KOMIX HERBAL PEPPERMINT
125044061;April 28, 2025;BEJO JAHE MERAH HERBAL 12 SC, KALPANAX KRIM 10 GR, PROMAG TABLET, SKT ABC CURCUMA MADU
125044064;April 28, 2025;KALPANAX K CREAM 5 GR, KALPANAX SALEP 6G/12, KALPANAX KRIM 10 GR, KOMIX HERBAL 15 ML
125044065;April 28, 2025;WOODS EXPECTORANT 60 ML, SAKATONIK ABC ORANGE 30TAB
125044072;April 28, 2025;ENTROSTOP HERBAL ANAK, PROMAG SUSPENSI BTL 60 ML
125044075;April 28, 2025;WOODS COUGH SYR ATT 100ML, WOODS COUGH SYR ATT  60ML
125044077;April 28, 2025;KOMIX JAHE G-FORMULA BOX, KOMIX J.NIPIS G-FORMULA B
125044078;April 28, 2025;KALPANAX SALEP 6G/12, PROMAG TABLET, KOMIX OBH PE, MIXAGRIP FLU KAPLET 25X4
125044085;April 28, 2025;WOODS EXPECTORANT 60 ML, WOODS EXPECTORANT 100 ML, SAKATONIK ABC ANTARIKSA 30 TAB, SAKATONIK ABC STRAW 30TAB, SAKATONIK ABC ANGGUR30TAB, SKT ABC CURCUMA MADU, WOODS LOZENGES 6'S
125044107;April 28, 2025;BEJO JAHE MERAH HERBAL 12 SC, ENTROSTOP HERBAL ANAK
125044119;April 28, 2025;KOMIX JAHE G-FORMULA BOX, KOMIX KID STRAWBERRY PACK, KOMIX J.NIPIS G-FORMULA B, KOMIX PEPP.G-FORMULA BOX
125044127;April 28, 2025;BEJO JAHE MERAH HERBAL 12 SC, KOMIX HERBAL JAHE
125044130;April 28, 2025;BEJO JAHE MERAH HERBAL 12 SC, WAISAN NEW FORMULA  /LUSIN
125044163;April 28, 2025;KOMIX JAHE G-FORMULA BOX, KOMIX J.NIPIS G-FORMULA B
125044164;April 28, 2025;KOMIX JAHE G-FORMULA BOX, KOMIX KID STRAWBERRY PACK, KOMIX J.NIPIS G-FORMULA B, KOMIX KID OBH PE, KOMIX OBH PE
125044228;April 29, 2025;CEREBROFORT GOLD ORANGE 100 ML, CEREBROFORT GOLD STRAWBERY, WOODS EXPECTORANT 60 ML
125044232;April 29, 2025;BEJO JAHE MERAH HERBAL 12 SC, KOMIX HERBAL 15 ML, ENTROSTOP HERBAL ANAK
125044234;April 29, 2025;BEJO JAHE MERAH HERBAL 12 SC, KOMIX HERBAL 15 ML, ENTROSTOP HERBAL ANAK
125044248;April 29, 2025;WOODS NATURALS SYR 60 ML, FATIGON SPIRIT BOX 10X6S, WOODS LOZENGES CHERRY 6'S, WOODS LOZENGES 6'S, XONCE TAB BOX 50'S
125044252;April 29, 2025;PROMAG SUSPENSI BTL 60 ML, WOODS LOZENGES CHERRY 6'S, WOODS LOZENGES 6'S
125044255;April 29, 2025;WOODS COUGH SYR ATT  60ML, MIXAGRIP FLU &BATUK PE
125044293;April 29, 2025;BEJO JAHE MERAH HERBAL 12 SC, KOMIX HERBAL 15 ML, ENTROSTOP HERBAL ANAK, MIXAGRIP HERBAL GREGES
125044295;April 29, 2025;BEJO JAHE MERAH HERBAL 12 SC, KOMIX HERBAL 15 ML, ENTROSTOP HERBAL ANAK
125044309;April 29, 2025;KALPANAX K CREAM 5 GR, KALPANAX SALEP 6G/12, CEREBROFORT GOLD ORANGE 100 ML, WOODS EXPECTORANT 60 ML, MIXAGRIP FLU KAPLET 25X4
125044313;April 29, 2025;PROMAG HERBAL 15 ML, ENTROSTOP 10'S
125044314;April 29, 2025;WOODS EXPECTORANT 100 ML, SAKATONIK ABC ANGGUR30TAB
125044316;April 29, 2025;KOMIX KID STRAWBERRY PACK, KOMIX PEPP.G-FORMULA BOX, WOODS COUGH SYR ATT 100ML
125044322;April 29, 2025;BEJO JAHE MERAH HERBAL 12 SC, KOMIX OBH PE
125044328;April 29, 2025;KOMIX OBH PE, SAKATONIK ABC ANGGUR30TAB
125044331;April 29, 2025;PUYER OSK BT NO.16/BOX, PROCOLD FLU PE
125044333;April 29, 2025;BEJO JAHE MERAH HERBAL 12 SC, ENTROSTOP HERBAL ANAK, KOMIX HERBAL 15 ML, MIXAGRIP HERBAL GREGES
125044342;April 29, 2025;KOMIX HERBAL 15 ML, KALPANAX KRIM 10 GR
125044343;April 29, 2025;CEREBROFORT GOLD ORANGE 200 ML, SKT ACTIV SIRUP 100 ML, CEREBROFORT M.G. AGGR SCH, CEREBROFORT MG MGA SCH, CEREBROFORT MG JRK SCH, CEREBROFORT M.G. TROPICAL FRUIT, SAKATONIK ABC ANTARIKSA 30 TAB, SAKATONIK ABC STRAW 30TAB, SAKATONIK ABC ANGGUR30TAB, SKT ABC CURCUMA MADU
125044383;April 29, 2025;KOMIX HERBAL JAHE, KOMIX HERBAL PEPPERMINT, KALPANAX KRIM 10 GR
125044389;April 29, 2025;KALPANAX K CREAM 5 GR, ENTROSTOP 10'S
125044394;April 29, 2025;WOODS EXPECTORANT 60 ML, ENTROSTOP 10'S, SAKATONIK ABC STRAW 30TAB
125044399;April 29, 2025;KOMIX HERBAL ORI PACK, WOODS EXPECTORANT 60 ML
125044400;April 29, 2025;MIXAGRIP FLU KAPLET 25X4, PROCOLD FLU PE
125044404;April 29, 2025;SKT ACTIV SIRUP 100 ML, SKT ACTIV SIRUP 300 ML
125044461;April 29, 2025;CEREBROFORT GOLD ORANGE 200 ML, CEREBROFORT GOLD STRAWBERY, MIXAGRIP FLU KAPLET 25X4
125044469;April 29, 2025;CEREBROFORT GOLD ORANGE 100 ML, PROMAG TABLET
125044482;April 29, 2025;WOODS EXPECTORANT 60 ML, WOODS NATURALS SYR 60 ML
125044487;April 29, 2025;CEREBROFORT MG JRK SCH, CEREBROFORT MG STRAW SCH
125044490;April 29, 2025;MIXAGRIP HERBAL GREGES, MIXAGRIP FLU KAPLET 25X4
125044500;April 29, 2025;KOMIX HERBAL 15 ML, ENTROSTOP HERBAL ANAK, MIXAGRIP HERBAL GREGES
125044504;April 29, 2025;KOMIX HERBAL 15 ML, KOMIX KID OBH PE
125044513;April 29, 2025;CEREBROFORT GOLD ORANGE 100 ML, CEREBROFORT GOLD STRAWBERY, ENTROSTOP HERBAL ANAK, SKT ACTIV SIRUP 300 ML, MIXAGRIP FLU &BATUK PE, PROCOLD FLU PE
125044514;April 29, 2025;KALPANAX K CREAM 5 GR, KALPANAX SALEP 6G/12, KALPANAX KRIM 10 GR
125044516;April 29, 2025;KOMIX OBH PE, PROMAG SUSPENSI BTL 60 ML, PROMAG SUSPENSI 10ML/6, ENTROSTOP 10'S, PROCOLD FLU PE
125044574;April 29, 2025;KOMIX JAHE G-FORMULA BOX, KOMIX J.NIPIS G-FORMULA B
125044603;April 29, 2025;SAKATONIK ACTIV MULTIVIT ZAT BESI - KAPLET 6S, SAKATONIK ABC STRAW 30TAB
125044620;April 29, 2025;KOMIX HERBAL JAHE, KOMIX HERBAL ORI PACK, KOMIX HERBAL PEPPERMINT
125044640;April 29, 2025;MIXAGRIP FLU &BATUK PE, PROCOLD FLU BATUK PE
125044670;April 29, 2025;KOMIX HERBAL JAHE, KOMIX HERBAL ORI PACK, KOMIX HERBAL PEPPERMINT, EXTRA JOSS ACTIVE 12SCH
125044693;April 29, 2025;PROMAG HERBAL 15 ML, SAKATONIK ABC ANTARIKSA 30 TAB
125044694;April 29, 2025;WOODS LOZENGES 6'S, WOODS LOZENGES LEMON VITAMIN C
125044699;April 29, 2025;WOODS NATURALS SYR 60 ML, CEREBROFORT M.G. AGGR SCH, FATIGON SPIRIT BOX 10X6S, SKT ABC CURCUMA MADU
125044700;April 29, 2025;BEJO JAHE MERAH HERBAL 6S MT, EXTRA JOSS SPORT GEL 2 TB, KOMIX HERBAL 15 ML, KOMIX HERBAL ORI PACK
125044705;April 29, 2025;EXTRA JOSS SPORT GEL 2 TB, KOMIX HERBAL 15 ML, EXTRA JOSS ACTIVE 6 SCH
125044706;April 29, 2025;MIXAGRIP FLU KAPLET 25X4, PROCOLD FLU PE
125044708;April 29, 2025;KALPANAX K CREAM 5 GR, ENTROSTOP 10'S, PROMAG TABLET
125044709;April 29, 2025;KALPANAX SALEP 6G/12, PROMAG HERBAL 15 ML, CEREBROFORT M.G. AGGR SCH, SAKATONIK ABC ANTARIKSA 30 TAB, SKT ABC CURCUMA MADU
125044771;April 29, 2025;KOMIX JAHE G-FORMULA BOX, KOMIX KID STRAWBERRY PACK, KOMIX J.NIPIS G-FORMULA B, EXTRA JOSS ACTIVE 12SCH
125044772;April 29, 2025;BEJO JAHE MERAH HERBAL 12 SC, ENTROSTOP HERBAL ANAK, KOMIX HERBAL JAHE, KOMIX HERBAL 15 ML, KOMIX HERBAL ORI PACK
125044777;April 29, 2025;CEREBROFORT GOLD ORANGE 100 ML, CEREBROFORT GOLD STRAWBERY
125044780;April 29, 2025;KOMIX HERBAL ORI PACK, PUYER OSK BT NO.16/BOX, ENTROSTOP 10'S
125044788;April 29, 2025;BEJO JAHE MERAH HERBAL 12 SC, ENTROSTOP HERBAL ANAK, MIXAGRIP HERBAL GREGES
125044789;April 29, 2025;ENTROSTOP HERBAL ANAK, KOMIX HERBAL 15 ML, MIXAGRIP HERBAL GREGES
125044795;April 29, 2025;SAKATONIK ABC STRAW 30TAB, SAKATONIK ABC ORANGE 30TAB
125044836;April 29, 2025;KALPANAX K CREAM 5 GR, CEREBROFORT GOLD ORANGE 200 ML
125044842;April 29, 2025;PROMAG HERBAL 15 ML, PROMAG TABLET
125044860;April 29, 2025;KALPANAX SALEP 6G/12, SKT ACTIV SIRUP 100 ML, SKT ACTIV SIRUP 300 ML
125044879;April 29, 2025;ENTROSTOP HERBAL ANAK, WOODS EXPECTORANT 60 ML, FATIGON SPIRIT BOX 10X6S
125044880;April 29, 2025;BEJO JAHE MERAH HERBAL 12 SC, ENTROSTOP HERBAL ANAK, KOMIX HERBAL 15 ML, CEREBROFORT M.G. TROPICAL FRUIT
125044884;April 29, 2025;KOMIX HERBAL 15 ML, ENTROSTOP 10'S
125044891;April 29, 2025;KOMIX JAHE G-FORMULA BOX, KOMIX J.NIPIS G-FORMULA B, KALPANAX K CREAM 5 GR, PROMAG TABLET
125044897;April 29, 2025;ENTROSTOP HERBAL ANAK, PROMAG HERBAL 15 ML, ENTROSTOP 10'S, PROMAG TABLET
125044902;April 29, 2025;CEREBROFORT M.G. AGGR SCH, CEREBROFORT MG MGA SCH, CEREBROFORT MG JRK SCH, CEREBROFORT MG STRAW SCH
125044975;April 30, 2025;BEJO JAHE MERAH HERBAL 12 SC, KOMIX HERBAL 15 ML, ENTROSTOP HERBAL ANAK, CEREBROFORT M.G. TROPICAL FRUIT
125045060;April 30, 2025;KOMIX HERBAL 15 ML, PROCOLD FLU PE
125045102;April 30, 2025;PROMAG TABLET, SAKATONIK ABC ANGGUR30TAB
125045111;April 30, 2025;BEJO JAHE MERAH HERBAL 12 SC, MIXAGRIP HERBAL GREGES, ENTROSTOP 10'S
125045128;April 30, 2025;KOMIX JAHE G-FORMULA 6'S, KOMIX J.NIPIS G-FORMULA B, WOODS COUGH SYR ATT  60ML
125045130;April 30, 2025;BEJO JAHE MERAH HERBAL 12 SC, ENTROSTOP HERBAL ANAK, KOMIX HERBAL 15 ML, KOMIX HERBAL ORI PACK, PROMAG HERBAL 15 ML
125045136;April 30, 2025;KOMIX KID STRAWBERRY PACK, KOMIX J.NIPIS G-FORMULA B, KOMIX KID OBH PE, KOMIX OBH PE
125045141;April 30, 2025;KALPANAX K CREAM 5 GR, CEREBROFORT GOLD ORANGE 200 ML, SKT ACTIV SIRUP 300 ML, PROCOLD FLU PE, SAKATONIK ABC STRAW 30TAB
125045150;April 30, 2025;BEJO JAHE MERAH HERBAL 6S MT, KOMIX HERBAL 15 ML, KOMIX HERBAL ORI PACK, KOMIX HERBAL PEPPERMINT, KOMIX KID OBH PE, KOMIX OBH PE, FATIGON KAPLET 10X6S
125045153;April 30, 2025;WAISAN NEW FORMULA  /LUSIN, KALPANAX K CREAM 5 GR, KALPANAX KRIM 10 GR, WOODS EXPECTORANT 60 ML
125045165;April 30, 2025;KOMIX J.NIPIS G-FORMULA B, KOMIX OBH PE, WOODS COUGH SYR ATT  60ML, WOODS EXPECTORANT 60 ML, MIXAGRIP FLU &BATUK PE
125045173;April 30, 2025;ENTROSTOP HERBAL ANAK, PROMAG HERBAL 15 ML, BEJO JAHE MERAH HERBAL 12 SC, KOMIX HERBAL 15 ML, KOMIX HERBAL ORI PACK
125045184;April 30, 2025;KALPANAX SALEP 6G/12, SAKATONIK ABC STRAW 30TAB, SAKATONIK ABC ANGGUR30TAB
125045204;April 30, 2025;KALPANAX K CREAM 5 GR, KALPANAX KRIM 10 GR, PROMAG SUSPENSI 10ML/6, PROMAG HERBAL 15 ML, WOODS NATURALS SYR 60 ML, PROMAG TABLET
125045243;April 30, 2025;WOODS LOZENGES CHERRY 6'S, WOODS LOZENGES 6'S
125045248;April 30, 2025;KALPANAX K CREAM 5 GR, PROMAG TABLET
125045267;April 30, 2025;KOMIX HERBAL 15 ML, KOMIX OBH PE
125045303;April 30, 2025;BEJO JAHE MERAH HERBAL 12 SC, EXTRA JOSS ACTIVE 12SCH, CEREBROFORT GOLD ORANGE 100 ML, CEREBROFORT GOLD STRAWBERY, ENTROSTOP HERBAL ANAK, SAKATONIK ABC ANTARIKSA 30 TAB, SAKATONIK ABC STRAW 30TAB, SAKATONIK ABC ANGGUR30TAB, SAKATONIK ABC ORANGE 30TAB, SKT ABC CURCUMA MADU
125045307;April 30, 2025;BEJO JAHE MERAH HERBAL 12 SC, KOMIX HERBAL JAHE, KOMIX HERBAL 15 ML, KOMIX HERBAL ORI PACK, EXTRA JOSS ACTIVE 12SCH, KALPANAX SALEP 6G/12, ENTROSTOP HERBAL ANAK
125045333;April 30, 2025;KOMIX JAHE G-FORMULA BOX, KOMIX J.NIPIS G-FORMULA B
125045357;April 30, 2025;WOODS EXPECTORANT 60 ML, PROMAG TABLET
125045408;April 30, 2025;BEJO JAHE MERAH HERBAL 12 SC, ENTROSTOP HERBAL ANAK
125045412;April 30, 2025;WOODS NATURALS SYR 60 ML, SAKATONIK ABC STRAW 30TAB, SAKATONIK ABC ANGGUR30TAB, SAKATONIK ABC ORANGE 30TAB
125045413;April 30, 2025;KALPANAX K CREAM 5 GR, KALPANAX SALEP 6G/12, KALPANAX KRIM 10 GR, CEREBROFORT GOLD ORANGE 200 ML, CEREBROFORT GOLD STRAWBERY, SKT ACTIV SIRUP 300 ML
125045414;April 30, 2025;PROCOLD FLU PE, SAKATONIK ABC STRAW 30TAB, SAKATONIK ABC ANGGUR30TAB
125045417;April 30, 2025;SAKATONIK ABC STRAW 30TAB, SAKATONIK ABC ANGGUR30TAB, SAKATONIK ABC ORANGE 30TAB
125045419;April 30, 2025;BEJO JAHE MERAH HERBAL 12 SC, KOMIX HERBAL 15 ML, ENTROSTOP HERBAL ANAK, CEREBROFORT M.G. TROPICAL FRUIT
125045432;April 30, 2025;BEJO JAHE MERAH HERBAL 12 SC, ENTROSTOP HERBAL ANAK, PROMAG HERBAL 15 ML, CEREBROFORT M.G. TROPICAL FRUIT
125045473;April 30, 2025;KOMIX HERBAL 15 ML, CEREBROFORT GOLD ORANGE 100 ML, ENTROSTOP HERBAL ANAK, WOODS EXPECTORANT 60 ML, MIXAGRIP FLU KAPLET 25X4, ENTROSTOP 10'S, PROMAG TABLET
125045480;April 30, 2025;BEJO JAHE MERAH HERBAL 12 SC, KOMIX HERBAL 15 ML, SAKATONIK ABC ANGGUR30TAB
125045482;April 30, 2025;WOODS EXPECTORANT 60 ML, WOODS NATURALS SYR 60 ML
125045484;April 30, 2025;KALPANAX K CREAM 5 GR, KALPANAX SALEP 6G/12, PROMAG HERBAL 15 ML, ENTROSTOP 10'S, PROMAG TABLET
125045535;April 30, 2025;BEJO JAHE MERAH HERBAL 12 SC, KOMIX HERBAL 15 ML, EXTRA JOSS GO RASA ANGGUR, EXTRA JOSS MANGGA LAKI, ENTROSTOP HERBAL ANAK, CEREBROFORT MG MGA SCH, CEREBROFORT M.G. TROPICAL FRUIT
125045556;April 30, 2025;WOODS EXPECTORANT 100 ML, PROMAG TABLET, SAKATONIK ABC ANGGUR30TAB, SAKATONIK ABC ORANGE 30TAB
125045573;April 30, 2025;KOMIX HERBAL 15 ML, SKT ACTIV SIRUP 300 ML, SAKATONIK ABC ANGGUR30TAB
125045577;April 30, 2025;SKT ACTIV SIRUP 300 ML, WOODS NATURALS SYR 60 ML
125045583;April 30, 2025;SAKATONIK ABC STRAW 30TAB, SAKATONIK ABC ANGGUR30TAB
125045586;April 30, 2025;KALPANAX SALEP 6G/12, CEREBROFORT GOLD ORANGE 200 ML, KOMIX OBH PE
125045622;April 30, 2025;BEJO JAHE MERAH HERBAL 12 SC, KOMIX HERBAL 15 ML, KOMIX HERBAL ORI PACK, ENTROSTOP HERBAL ANAK, CEREBROFORT MG MGA SCH, CEREBROFORT M.G. TROPICAL FRUIT
125045636;April 30, 2025;CEREBROFORT M.G. AGGR SCH, CEREBROFORT MG STRAW SCH
125045641;April 30, 2025;PROMAG SUSPENSI BTL 60 ML, PROMAG HERBAL 15 ML
125045675;April 30, 2025;ENTROSTOP HERBAL ANAK, KOMIX JAHE G-FORMULA BOX, KOMIX J.NIPIS G-FORMULA B, KOMIX PEPP.G-FORMULA BOX, KOMIX HERBAL 15 ML, KOMIX HERBAL ORI PACK, KOMIX KID OBH PE, KOMIX OBH PE, MIXAGRIP FLU &BATUK PE, MEXTRIL BATUK-TABLET BOX, PROCOLD FLU PE
125045678;April 30, 2025;ENTROSTOP HERBAL ANAK, ENTROSTOP 10'S
125045714;April 30, 2025;KOMIX HERBAL PEPPERMINT, KALPANAX KRIM 10 GR
125045715;April 30, 2025;ENTROSTOP HERBAL ANAK, WOODS EXPECTORANT 60 ML, WOODS EXPECTORANT 100 ML, WOODS NATURALS SYR 60 ML, FATIGON SPIRIT BOX 10X6S, ENTROSTOP 10'S, SAKATONIK ABC ANGGUR30TAB, SKT ABC CURCUMA MADU
125045769;April 30, 2025;KOMIX OBH PE, WOODS EXPECTORANT 100 ML
125045784;April 30, 2025;ENTROSTOP HERBAL ANAK, KOMIX HERBAL JAHE, KOMIX HERBAL ORI PACK
125045789;April 30, 2025;BEJO JAHE MERAH HERBAL 12 SC, ENTROSTOP HERBAL ANAK, CEREBROFORT M.G. TROPICAL FRUIT
125045808;April 30, 2025;WOODS COUGH SYR ATT  60ML, WOODS EXPECTORANT 60 ML, MIXAGRIP FLU KAPLET 25X4, ENTROSTOP 10'S
125045810;April 30, 2025;BEJO JAHE MERAH HERBAL 12 SC, EXTRA JOSS ACTIVE 12SCH, ENTROSTOP HERBAL ANAK
125045835;April 30, 2025;KALPANAX K CREAM 5 GR, KALPANAX SALEP 6G/12, KALPANAX KRIM 10 GR, SAKATONIK ABC STRAW 30TAB, SAKATONIK ABC ANGGUR30TAB, SAKATONIK ABC ORANGE 30TAB
125045837;April 30, 2025;BEJO JAHE MERAH HERBAL 12 SC, ENTROSTOP HERBAL ANAK
125045838;April 30, 2025;ENTROSTOP HERBAL ANAK, BEJO JAHE MERAH HERBAL 12 SC
125045839;April 30, 2025;BEJO JAHE MERAH HERBAL 12 SC, ENTROSTOP HERBAL ANAK
125045840;April 30, 2025;BEJO JAHE MERAH HERBAL 12 SC, KOMIX HERBAL 15 ML, ENTROSTOP HERBAL ANAK
125045862;April 30, 2025;KOMIX JAHE G-FORMULA BOX, KOMIX J.NIPIS G-FORMULA B, KOMIX OBH PE
125045863;April 30, 2025;KALPANAX K CREAM 5 GR, ENTROSTOP 10'S
125045892;April 30, 2025;BEJO JAHE MERAH HERBAL 12 SC, KOMIX HERBAL JAHE, KOMIX HERBAL ORI PACK, EXTRA JOSS ACTIVE 12SCH, EXTRA JOSS GO RASA ANGGUR, EXTRA JOSS MANGGA LAKI
125045893;April 30, 2025;BEJO JAHE MERAH HERBAL 12 SC, KOMIX HERBAL JAHE, KOMIX HERBAL ORI PACK, EXTRA JOSS ACTIVE 12SCH
125045895;April 30, 2025;WOODS EXPECTORANT 60 ML, ENTROSTOP 10'S
125045908;April 30, 2025;MIXAGRIP FLU &BATUK PE, MIXAGRIP FLU KAPLET 25X4
125045934;April 30, 2025;BEJO JAHE MERAH HERBAL 12 SC, KOMIX HERBAL 15 ML, ENTROSTOP HERBAL ANAK, MIXAGRIP HERBAL GREGES, CEREBROFORT M.G. TROPICAL FRUIT, SKT ABC CURCUMA MADU
125045936;April 30, 2025;BEJO JAHE MERAH HERBAL 12 SC, ENTROSTOP HERBAL ANAK, CEREBROFORT M.G. TROPICAL FRUIT
125045937;April 30, 2025;BEJO JAHE MERAH HERBAL 12 SC, ENTROSTOP HERBAL ANAK, CEREBROFORT M.G. TROPICAL FRUIT
125045938;April 30, 2025;BEJO JAHE MERAH HERBAL 12 SC, ENTROSTOP HERBAL ANAK, KOMIX HERBAL ORI PACK, CEREBROFORT M.G. TROPICAL FRUIT, SAKATONIK ABC STRAW 30TAB, SAKATONIK ABC ORANGE 30TAB, WOODS LOZENGES CHERRY 6'S, WOODS LOZENGES 6'S, WOODS LOZ HONEY LEMON
125045939;April 30, 2025;BEJO JAHE MERAH HERBAL 12 SC, ENTROSTOP HERBAL ANAK, CEREBROFORT M.G. TROPICAL FRUIT
125045940;April 30, 2025;ENTROSTOP HERBAL ANAK, CEREBROFORT M.G. TROPICAL FRUIT, BEJO JAHE MERAH HERBAL 12 SC
125045941;April 30, 2025;BEJO JAHE MERAH HERBAL 12 SC, ENTROSTOP HERBAL ANAK, CEREBROFORT M.G. TROPICAL FRUIT
125045942;April 30, 2025;BEJO JAHE MERAH HERBAL 12 SC, ENTROSTOP HERBAL ANAK, CEREBROFORT M.G. TROPICAL FRUIT
125045943;April 30, 2025;BEJO ANAK JAHE MERAH 5S, BEJO JAHE MERAH HERBAL 12 SC, B7 SLASI JERUK NIPIS 12'S, EXTRA JOSS ACTIVE 12SCH
125045944;April 30, 2025;CEREBROFORT GOLD ORANGE 100 ML, CEREBROFORT GOLD STRAWBERY
125045946;April 30, 2025;BEJO JAHE MERAH HERBAL 12 SC, ENTROSTOP HERBAL ANAK, CEREBROFORT M.G. TROPICAL FRUIT
125045952;April 30, 2025;KOMIX JAHE G-FORMULA BOX, KOMIX J.NIPIS G-FORMULA B
125045963;April 30, 2025;KOMIX HERBAL 15 ML, FATIGON KAPLET 10X6S, FATIGON SPIRIT BOX 10X6S, SAKATONIK ABC ANGGUR30TAB
125045982;April 30, 2025;KOMIX JAHE G-FORMULA BOX, KOMIX J.NIPIS G-FORMULA B, KOMIX OBH PE, ENTROSTOP HERBAL ANAK
125045983;April 30, 2025;WOODS COUGH SYR ATT 100ML, WOODS COUGH SYR ATT  60ML
125045984;April 30, 2025;WOODS COUGH SYR ATT  60ML, WOODS EXPECTORANT 60 ML, MIXAGRIP FLU KAPLET 25X4, ENTROSTOP 10'S
125045989;April 30, 2025;WOODS COUGH SYR ATT 100ML, WOODS COUGH SYR ATT  60ML, MIXAGRIP FLU &BATUK PE, MEXTRIL BATUK-TABLET BOX
125045990;April 30, 2025;ENTROSTOP HERBAL ANAK, WOODS EXPECTORANT 60 ML, WOODS EXPECTORANT 100 ML, ENTROSTOP 10'S
125045992;April 30, 2025;KALPANAX SALEP 6G/12, ENTROSTOP HERBAL ANAK, PROMAG HERBAL 15 ML, CEREBROFORT M.G. AGGR SCH, CEREBROFORT MG MGA SCH, CEREBROFORT MG JRK SCH, CEREBROFORT MG STRAW SCH, FATIGON KAPLET 10X6S, FATIGON SPIRIT BOX 10X6S, SAKATONIK ABC ANTARIKSA 30 TAB, SAKATONIK ABC STRAW 30TAB, SAKATONIK ABC ANGGUR30TAB, SAKATONIK ABC ORANGE 30TAB, SKT ABC CURCUMA MADU, WOODS LOZENGES CHERRY 6'S, WOODS LOZENGES 6'S, WOODS LOZ HONEY LEMON, WOODS LOZENGES ORANGE VITAMIN C, WOODS LOZENGES LEMON VITAMIN C, XONCE TAB BOX 50'S
125045994;April 30, 2025;CEREBROFORT M.G. AGGR SCH, CEREBROFORT MG JRK SCH, CEREBROFORT MG STRAW SCH, CEREBROFORT M.G. TROPICAL FRUIT, MIXAGRIP FLU KAPLET 25X4
125045997;April 30, 2025;KALPANAX SALEP 6G/12, ENTROSTOP HERBAL ANAK, PROMAG HERBAL 15 ML, CEREBROFORT M.G. AGGR SCH, CEREBROFORT MG MGA SCH, CEREBROFORT MG JRK SCH, CEREBROFORT MG STRAW SCH, FATIGON KAPLET 10X6S, FATIGON SPIRIT BOX 10X6S, SAKATONIK ABC ANTARIKSA 30 TAB, SAKATONIK ABC STRAW 30TAB, SAKATONIK ABC ANGGUR30TAB, SKT ABC CURCUMA MADU, WOODS LOZENGES CHERRY 6'S, WOODS LOZENGES 6'S, WOODS LOZ HONEY LEMON, WOODS LOZENGES ORANGE VITAMIN C, WOODS LOZENGES LEMON VITAMIN C, XONCE TAB BOX 50'S
125045998;April 30, 2025;KALPANAX SALEP 6G/12, ENTROSTOP HERBAL ANAK, PROMAG HERBAL 15 ML, CEREBROFORT M.G. AGGR SCH, CEREBROFORT MG MGA SCH, CEREBROFORT MG JRK SCH, CEREBROFORT MG STRAW SCH, FATIGON KAPLET 10X6S, FATIGON SPIRIT BOX 10X6S, SAKATONIK ABC ANTARIKSA 30 TAB, SAKATONIK ABC STRAW 30TAB, SAKATONIK ABC ANGGUR30TAB, SKT ABC CURCUMA MADU, WOODS LOZENGES CHERRY 6'S, WOODS LOZENGES 6'S, WOODS LOZ HONEY LEMON, WOODS LOZENGES ORANGE VITAMIN C, WOODS LOZENGES LEMON VITAMIN C, XONCE TAB BOX 50'S
125046007;Mei 02, 2025;SKT ACTIV SIRUP 100 ML, SKT ACTIV SIRUP 300 ML, SAKATONIK ABC STRAW 30TAB, SKT ABC CURCUMA MADU
125046015;Mei 02, 2025;WOODS EXPECTORANT 60 ML, PROMAG TABLET
125046018;Mei 02, 2025;SAKATONIK ACTIV MULTIVIT ZAT BESI - KAPLET 6S, SKT ABC CURCUMA MADU
125046056;Mei 02, 2025;EJ SPORT GEL ORANGE 5 TB, CEREBROFORT GOLD STRAWBERY, PROMAG SUSPENSI BTL 60 ML, PROMAG TABLET
125046062;Mei 02, 2025;SKT ACTIV SIRUP 100 ML, SAKATONIK ABC ANTARIKSA 30 TAB, SAKATONIK ABC STRAW 30TAB
125046063;Mei 02, 2025;PROMAG SUSPENSI 10ML/6, PROMAG HERBAL 15 ML
125046078;Mei 02, 2025;SAKATONIK ABC STRAW 30TAB, SAKATONIK ABC ANGGUR30TAB, SAKATONIK ABC ORANGE 30TAB
125046082;Mei 02, 2025;KALPANAX K CREAM 5 GR, B7 SLASI JERUK NIPIS 12'S, PROMAG TABLET
125046093;Mei 02, 2025;WOODS EXPECTORANT 100 ML, SAKATONIK ABC ANTARIKSA 30 TAB, SAKATONIK ABC ANGGUR30TAB
125046111;Mei 02, 2025;SAKATONIK ABC STRAW 30TAB, SAKATONIK ABC ORANGE 30TAB
125046131;Mei 02, 2025;CEREBROFORT MG MGA SCH, CEREBROFORT M.G. TROPICAL FRUIT, SAKATONIK ABC ANGGUR30TAB, SAKATONIK ABC ORANGE 30TAB, SKT ABC CURCUMA MADU
125046134;Mei 02, 2025;KOMIX KID OBH PE, ENTROSTOP 10'S
125046164;Mei 02, 2025;KOMIX JAHE G-FORMULA BOX, KOMIX J.NIPIS G-FORMULA B
125046180;Mei 02, 2025;KOMIX OBH PE, CEREBROFORT GOLD ORANGE 200 ML
125046194;Mei 02, 2025;SKT ACTIV SIRUP 100 ML, WOODS EXPECTORANT 60 ML, WOODS EXPECTORANT 100 ML, CEREBROFORT M.G. AGGR SCH, CEREBROFORT MG MGA SCH, CEREBROFORT MG STRAW SCH, CEREBROFORT M.G. TROPICAL FRUIT
125046213;Mei 02, 2025;CEREBROFORT MG JRK SCH, CEREBROFORT MG STRAW SCH, CEREBROFORT M.G. TROPICAL FRUIT, PROMAG TABLET, SAKATONIK ABC ORANGE 30TAB
125046215;Mei 02, 2025;KOMIX HERBAL 15 ML, KOMIX HERBAL PEPPERMINT, KOMIX KID OBH PE, B7 SLASI JERUK NIPIS 12'S, KALPANAX K CREAM 5 GR, CEREBROFORT GOLD ORANGE 200 ML, CEREBROFORT GOLD STRAWBERY
125046216;Mei 02, 2025;SKT ACTIV SIRUP 100 ML, SAKATONIK ABC STRAW 30TAB, SAKATONIK ABC ANGGUR30TAB, SAKATONIK ABC ORANGE 30TAB
125046220;Mei 02, 2025;WOODS EXPECTORANT 60 ML, PROMAG TABLET
125046234;Mei 02, 2025;KALPANAX K CREAM 5 GR, SAKATONIK ABC ANTARIKSA 30 TAB
125046236;Mei 02, 2025;CEREBROFORT GOLD ORANGE 100 ML, CEREBROFORT GOLD ORANGE 200 ML
125046239;Mei 02, 2025;KOMIX HERBAL JAHE, KOMIX HERBAL 15 ML
125046242;Mei 02, 2025;MIXAGRIP HERBAL GREGES, PROMAG HERBAL 15 ML, ENTROSTOP 10'S, PROMAG TABLET
125046246;Mei 02, 2025;KALPANAX K CREAM 5 GR, PROMAG TABLET, WOODS LOZENGES 6'S
125046248;Mei 02, 2025;KOMIX HERBAL ORI PACK, CEREBROFORT GOLD STRAWBERY, CEREBROFORT M.G. TROPICAL FRUIT, SAKATONIK ABC STRAW 30TAB
125046249;Mei 02, 2025;KOMIX HERBAL ORI PACK, CEREBROFORT GOLD STRAWBERY, CEREBROFORT M.G. TROPICAL FRUIT, SAKATONIK ABC STRAW 30TAB, SAKATONIK ABC ANGGUR30TAB, SAKATONIK ABC ORANGE 30TAB
125046250;Mei 02, 2025;EXTRA JOSS ULTIMATE LIQ/24 CAN, KOMIX HERBAL ORI PACK, CEREBROFORT GOLD STRAWBERY, CEREBROFORT MG MGA SCH, FATIGON SPIRIT BOX 10X6S, SAKATONIK ABC STRAW 30TAB
125046251;Mei 02, 2025;KOMIX HERBAL ORI PACK, CEREBROFORT GOLD ORANGE 100 ML, CEREBROFORT GOLD STRAWBERY, SAKATONIK ABC STRAW 30TAB, SAKATONIK ABC ORANGE 30TAB, EXTRA JOSS ULTIMATE LIQ/24 CAN
125046252;Mei 02, 2025;KOMIX HERBAL ORI PACK, CEREBROFORT GOLD STRAWBERY, SAKATONIK ABC STRAW 30TAB, EXTRA JOSS ULTIMATE LIQ/24 CAN
125046253;Mei 02, 2025;KOMIX HERBAL ORI PACK, CEREBROFORT GOLD ORANGE 100 ML, CEREBROFORT GOLD STRAWBERY, SAKATONIK ABC STRAW 30TAB, EXTRA JOSS ULTIMATE LIQ/24 CAN
125046254;Mei 02, 2025;FATIGON KAPLET 10X6S, FATIGON SPIRIT BOX 10X6S
125046263;Mei 02, 2025;KOMIX JAHE G-FORMULA BOX, KOMIX KID STRAWBERRY PACK, KOMIX J.NIPIS G-FORMULA B, KOMIX PEPP.G-FORMULA BOX, KOMIX KID OBH PE, KOMIX OBH PE
125046269;Mei 02, 2025;EJ SPORT GEL ORANGE 5 TB, EXTRA JOSS SPORT 5 TB
125046273;Mei 02, 2025;KOMIX HERBAL ORI PACK, CEREBROFORT GOLD STRAWBERY, SAKATONIK ABC STRAW 30TAB
125046296;Mei 02, 2025;KALPANAX SALEP 6G/12, WOODS EXPECTORANT 60 ML, B7 SLASI JERUK NIPIS 12'S, PUYER OSK BT NO.16/BOX, WAISAN NEW FORMULA  /LUSIN
125046333;Mei 02, 2025;PROMAG HERBAL 15 ML, CEREBROFORT M.G. AGGR SCH, SAKATONIK ABC ANTARIKSA 30 TAB, SAKATONIK ABC STRAW 30TAB
125046336;Mei 02, 2025;KALPANAX SALEP 6G/12, SAKATONIK ABC ORANGE 30TAB
125046341;Mei 02, 2025;WOODS EXPECTORANT 60 ML, FATIGON KAPLET 10X6S, PROCOLD FLU PE
125046344;Mei 02, 2025;KOMIX HERBAL ORI PACK, PROMAG TABLET
125046353;Mei 02, 2025;CEREBROFORT GOLD ORANGE 100 ML, CEREBROFORT GOLD STRAWBERY, SAKATONIK ABC ANTARIKSA 30 TAB
125046354;Mei 02, 2025;CEREBROFORT GOLD ORANGE 100 ML, CEREBROFORT GOLD ORANGE 200 ML
125046355;Mei 02, 2025;KALPANAX SALEP 6G/12, FATIGON KAPLET 10X6S, ENTROSTOP 10'S
125046356;Mei 02, 2025;WOODS EXPECTORANT 60 ML, WOODS EXPECTORANT 100 ML, PROCOLD FLU PE
125046380;Mei 02, 2025;PUYER OSK BT NO.16/BOX, FATIGON SPIRIT BOX 10X6S, MIXAGRIP FLU KAPLET 25X4
125046385;Mei 02, 2025;CEREBROFORT GOLD ORANGE 200 ML, WOODS EXPECTORANT 60 ML, PROMAG TABLET
125046386;Mei 02, 2025;SAKATONIK ABC STRAW 30TAB, SAKATONIK ABC ANGGUR30TAB
125046415;Mei 02, 2025;BEJO JAHE MERAH HERBAL 6S MT, CEREBROFORT GOLD STRAWBERY, KOMIX HERBAL ORI PACK, SKT ACTIV SIRUP 100 ML
125046457;Mei 03, 2025;KOMIX HERBAL 15 ML, KOMIX OBH PE
125046472;Mei 03, 2025;ENTROSTOP 10'S, PROCOLD FLU PE
125046476;Mei 03, 2025;KOMIX OBH PE, FATIGON SPIRIT BOX 10X6S
125046477;Mei 03, 2025;KALPANAX K CREAM 5 GR, WOODS EXPECTORANT 60 ML
125046482;Mei 03, 2025;CEREBROFORT GOLD ORANGE 100 ML, PROMAG HERBAL 15 ML
125046484;Mei 03, 2025;FATIGON SPIRIT BOX 10X6S, ENTROSTOP 10'S, PROMAG TABLET
125046497;Mei 03, 2025;ENTROSTOP 10'S, PROMAG TABLET, SAKATONIK ABC ANGGUR30TAB
125046500;Mei 03, 2025;KOMIX KID OBH PE, KOMIX OBH PE
125046508;Mei 03, 2025;WAISAN NEW FORMULA  /LUSIN, CEREBROFORT MG STRAW SCH
125046510;Mei 03, 2025;PROMAG HERBAL 15 ML, ENTROSTOP 10'S
125046518;Mei 03, 2025;KOMIX HERBAL 15 ML, KOMIX OBH PE, CEREBROFORT GOLD ORANGE 200 ML, FATIGON SPIRIT BOX 10X6S
125046521;Mei 03, 2025;SKT ACTIV SIRUP 100 ML, SKT ACTIV SIRUP 300 ML, SAKATONIK ABC STRAW 30TAB, SAKATONIK ABC ANGGUR30TAB, SAKATONIK ABC ORANGE 30TAB, SKT ABC CURCUMA MADU
125046522;Mei 03, 2025;KOMIX HERBAL 15 ML, KOMIX HERBAL ORI PACK, KALPANAX KRIM 10 GR, CEREBROFORT GOLD ORANGE 200 ML, WOODS EXPECTORANT 60 ML, WOODS EXPECTORANT 100 ML, SAKATONIK ABC ANGGUR30TAB
125046541;Mei 03, 2025;KOMIX HERBAL JAHE, KOMIX HERBAL ORI PACK, EXTRA JOSS ULTIMATE LIQ/24 CAN, CEREBROFORT GOLD STRAWBERY, SAKATONIK ABC STRAW 30TAB
125046542;Mei 03, 2025;EXTRA JOSS ULTIMATE LIQ/24 CAN, KOMIX HERBAL 15 ML, KOMIX HERBAL ORI PACK, CEREBROFORT GOLD STRAWBERY
125046558;Mei 03, 2025;CEREBROFORT GOLD ORANGE 100 ML, WOODS EXPECTORANT 60 ML
125046576;Mei 03, 2025;CEREBROFORT GOLD ORANGE 200 ML, MIXAGRIP FLU &BATUK PE, PROCOLD FLU BATUK PE, PROCOLD FLU PE, PROMAG TABLET, SAKATONIK ABC ANGGUR30TAB
125046578;Mei 03, 2025;EJ SPORT GEL ORANGE 5 TB, EXTRA JOSS SPORT 5 TB
125046595;Mei 03, 2025;ENTROSTOP 10'S, PROMAG TABLET
125046596;Mei 03, 2025;KOMIX OBH PE, PROMAG SUSPENSI 10ML/6, PROMAG TABLET
125046599;Mei 03, 2025;KOMIX JAHE G-FORMULA BOX, KOMIX J.NIPIS G-FORMULA B, KOMIX HERBAL 15 ML, KOMIX OBH PE
125046674;Mei 03, 2025;PROMAG HERBAL 15 ML, PROMAG TABLET
125046675;Mei 03, 2025;MIXAGRIP FLU &BATUK PE, MIXAGRIP FLU KAPLET 25X4
125046707;Mei 03, 2025;KALPANAX K CREAM 5 GR, KOMIX HERBAL JAHE, PROMAG HERBAL 15 ML, FATIGON SPIRIT BOX 10X6S
125046711;Mei 03, 2025;KOMIX HERBAL 15 ML, KOMIX OBH PE, FATIGON KAPLET 10X6S, FATIGON SPIRIT BOX 10X6S, ENTROSTOP 10'S, PROMAG TABLET
125046712;Mei 03, 2025;PROMAG SUSPENSI BTL 60 ML, ENTROSTOP 10'S
125046715;Mei 03, 2025;KOMIX HERBAL JAHE, KOMIX HERBAL 15 ML, KOMIX HERBAL ORI PACK, KOMIX HERBAL PEPPERMINT, SKT ACTIV SIRUP 100 ML, SAKATONIK ABC STRAW 30TAB
125046727;Mei 03, 2025;KOMIX J.NIPIS G-FORMULA B, KOMIX PEPP.G-FORMULA BOX
125046749;Mei 05, 2025;KOMIX HERBAL 15 ML, WOODS EXPECTORANT 100 ML
125046772;Mei 05, 2025;KOMIX HERBAL ORI PACK, KOMIX HERBAL PEPPERMINT, FATIGON SPIRIT BOX 10X6S
125046790;Mei 05, 2025;CEREBROFORT GOLD STRAWBERY, WOODS EXPECTORANT 60 ML, ENTROSTOP 10'S
125046795;Mei 05, 2025;PROMAG HERBAL 15 ML, ENTROSTOP 10'S
125046805;Mei 05, 2025;KOMIX KID OBH PE, KOMIX OBH PE
125046807;Mei 05, 2025;PUYER OSK BT NO.16/BOX, PROMAG SUSPENSI 10ML/6, PROMAG HERBAL 15 ML
125046808;Mei 05, 2025;SAKATONIK ACTIV MULTIVIT ZAT BESI - KAPLET 6S, SAKATONIK ABC ORANGE 30TAB
125046826;Mei 05, 2025;KOMIX JAHE G-FORMULA BOX, KOMIX J.NIPIS G-FORMULA B, KOMIX PEPP.G-FORMULA BOX
125046833;Mei 05, 2025;CEREBROFORT GOLD ORANGE 100 ML, CEREBROFORT GOLD STRAWBERY
125046845;Mei 05, 2025;BEJO JAHE MERAH HERBAL 6S MT, KOMIX HERBAL ORI PACK, CEREBROFORT GOLD STRAWBERY, SAKATONIK ABC STRAW 30TAB
125046846;Mei 05, 2025;KOMIX HERBAL ORI PACK, EXTRA JOSS ACTIVE 12SCH, CEREBROFORT GOLD STRAWBERY, SAKATONIK ABC STRAW 30TAB
125046856;Mei 05, 2025;B7 SLASI JERUK NIPIS 12'S, PROMAG SUSPENSI BTL 60 ML, PROMAG HERBAL 15 ML
125046862;Mei 05, 2025;PUYER OSK BT NO.16/BOX, PROMAG HERBAL 15 ML, WOODS EXPECTORANT 60 ML
125046863;Mei 05, 2025;BEJO ANAK JAHE MERAH 5S, PUYER OSK BT NO.16/BOX, CEREBROFORT M.G. AGGR SCH, CEREBROFORT MG STRAW SCH, CEREBROFORT M.G. TROPICAL FRUIT
125046872;Mei 05, 2025;KOMIX JAHE G-FORMULA BOX, KOMIX J.NIPIS G-FORMULA B, KOMIX PEPP.G-FORMULA BOX
125046907;Mei 05, 2025;KOMIX JAHE G-FORMULA BOX, KOMIX J.NIPIS G-FORMULA B, KOMIX OBH PE
125046908;Mei 05, 2025;KOMIX JAHE G-FORMULA BOX, KOMIX J.NIPIS G-FORMULA B
125046909;Mei 05, 2025;WOODS EXPECTORANT 60 ML, WOODS EXPECTORANT 100 ML, WOODS LOZENGES 6'S
125046928;Mei 05, 2025;KOMIX OBH PE, SKT ACTIV SIRUP 100 ML, PROMAG TABLET
125046932;Mei 05, 2025;PROMAG SUSPENSI 10ML/6, PROMAG TABLET
125046951;Mei 05, 2025;KOMIX HERBAL ORI PACK, CEREBROFORT GOLD STRAWBERY, CEREBROFORT M.G. TROPICAL FRUIT, SAKATONIK ABC STRAW 30TAB
125046977;Mei 05, 2025;KOMIX JAHE G-FORMULA BOX, KOMIX J.NIPIS G-FORMULA B
125046978;Mei 05, 2025;WOODS COUGH SYR ATT  60ML, MIXAGRIP FLU &BATUK PE, PROCOLD FLU BATUK PE
125046979;Mei 05, 2025;KOMIX JAHE G-FORMULA BOX, KOMIX J.NIPIS G-FORMULA B
125046980;Mei 05, 2025;KOMIX JAHE G-FORMULA BOX, KOMIX J.NIPIS G-FORMULA B
125046993;Mei 05, 2025;KALPANAX K CREAM 5 GR, FATIGON KAPLET 10X6S, ENTROSTOP 10'S
125047001;Mei 05, 2025;KALPANAX KRIM 10 GR, WOODS EXPECTORANT 60 ML
125047004;Mei 05, 2025;CEREBROFORT GOLD ORANGE 200 ML, WOODS LOZENGES CHERRY 6'S, WOODS LOZENGES 6'S
125047011;Mei 05, 2025;KALPANAX K CREAM 5 GR, FATIGON SPIRIT BOX 10X6S, SKT ABC CURCUMA MADU
125047014;Mei 05, 2025;KOMIX HERBAL 15 ML, CEREBROFORT M.G. AGGR SCH, CEREBROFORT M.G. TROPICAL FRUIT
125047023;Mei 05, 2025;SKT ACTIV SIRUP 100 ML, SAKATONIK ABC STRAW 30TAB, SKT ABC CURCUMA MADU
125047024;Mei 05, 2025;KALPANAX K CREAM 5 GR, KALPANAX KRIM 10 GR, SKT ACTIV SIRUP 300 ML
125047026;Mei 05, 2025;PROMAG SUSPENSI 10ML/6, PROMAG TABLET, WOODS LOZENGES 6'S, WOODS LOZ HONEY LEMON, WOODS LOZ HONEY LEMON 2'S, WOODS LOZENGES ORANGE VITAMIN C
125047055;Mei 05, 2025;CEREBROFORT M.G. AGGR SCH, CEREBROFORT MG STRAW SCH
125047069;Mei 05, 2025;KOMIX OBH PE, CEREBROFORT GOLD ORANGE 100 ML, CEREBROFORT GOLD ORANGE 200 ML, WOODS COUGH SYR ATT  60ML, WOODS EXPECTORANT 60 ML, CEREBROFORT M.G. AGGR SCH, CEREBROFORT MG STRAW SCH, MIXAGRIP FLU KAPLET 25X4
125047073;Mei 05, 2025;PROMAG SUSPENSI BTL 60 ML, WOODS COUGH SYR ATT  60ML, WOODS EXPECTORANT 60 ML, WOODS NATURALS SYR 60 ML
125047083;Mei 05, 2025;PUYER OSK BT NO.16/BOX, KALPANAX KRIM 10 GR, CEREBROFORT M.G. AGGR SCH, CEREBROFORT MG STRAW SCH, MIXAGRIP FLU KAPLET 25X4
125047095;Mei 05, 2025;PROMAG SUSPENSI 10ML/6, CEREBROFORT MG STRAW SCH
125047098;Mei 05, 2025;CEREBROFORT GOLD ORANGE 100 ML, WOODS EXPECTORANT 60 ML, WOODS EXPECTORANT 100 ML, ENTROSTOP 10'S
125047104;Mei 05, 2025;KOMIX HERBAL JAHE, KOMIX HERBAL ORI PACK, KOMIX HERBAL PEPPERMINT, KOMIX OBH PE
125047106;Mei 05, 2025;KOMIX HERBAL JAHE, KOMIX HERBAL 15 ML
125047116;Mei 05, 2025;ENTROSTOP 10'S, PROMAG TABLET, WOODS EXPECTORANT 60 ML
125047169;Mei 06, 2025;SAKATONIK ABC ANTARIKSA 30 TAB, SAKATONIK ABC STRAW 30TAB
125047177;Mei 06, 2025;SAKATONIK ABC ORANGE 30TAB, WOODS LOZENGES CHERRY 6'S, WOODS LOZENGES 6'S, WOODS LOZ HONEY LEMON, WOODS LOZENGES ORANGE VITAMIN C, WOODS LOZENGES LEMON VITAMIN C
125047188;Mei 06, 2025;WOODS EXPECTORANT 60 ML, ENTROSTOP 10'S
125047199;Mei 06, 2025;CEREBROFORT GOLD STRAWBERY, ENTROSTOP 10'S, PROMAG TABLET
125047202;Mei 06, 2025;KALPANAX SALEP 6G/12, KALPANAX KRIM 10 GR
125047228;Mei 06, 2025;KOMIX HERBAL JAHE, PROMAG TABLET
125047230;Mei 06, 2025;KALPANAX SALEP 6G/12, SKT ABC CURCUMA MADU
125047249;Mei 06, 2025;EXTRA JOSS ULTIMATE LIQ/24 CAN, KOMIX HERBAL JAHE, KOMIX HERBAL ORI PACK
125047252;Mei 06, 2025;SAKATONIK ABC ANTARIKSA 30 TAB, SAKATONIK ABC STRAW 30TAB, SAKATONIK ABC ORANGE 30TAB
125047253;Mei 06, 2025;ENTROSTOP 10'S, SAKATONIK ABC ORANGE 30TAB
125047275;Mei 06, 2025;KOMIX HERBAL 15 ML, ENTROSTOP 10'S
125047276;Mei 06, 2025;KALPANAX K CREAM 5 GR, B7 SLASI JERUK NIPIS 12'S
125047277;Mei 06, 2025;KALPANAX K CREAM 5 GR, CEREBROFORT GOLD ORANGE 100 ML
125047289;Mei 06, 2025;KOMIX OBH PE, KALPANAX K CREAM 5 GR
125047311;Mei 06, 2025;CEREBROFORT M.G. AGGR SCH, CEREBROFORT MG STRAW SCH, PROCOLD FLU PE, WOODS LOZENGES CHERRY 6'S, WOODS LOZENGES 6'S
125047343;Mei 06, 2025;KOMIX HERBAL ORI PACK, CEREBROFORT GOLD STRAWBERY, SAKATONIK ABC STRAW 30TAB
125047347;Mei 06, 2025;KOMIX HERBAL ORI PACK, CEREBROFORT GOLD STRAWBERY, MIXAGRIP HERBAL GREGES, SAKATONIK ABC STRAW 30TAB
125047351;Mei 06, 2025;CEREBROFORT GOLD ORANGE 100 ML, CEREBROFORT GOLD STRAWBERY, KOMIX HERBAL ORI PACK, SAKATONIK ABC ANTARIKSA 30 TAB, SAKATONIK ABC STRAW 30TAB, SAKATONIK ABC ORANGE 30TAB, SKT ABC CURCUMA MADU
125047363;Mei 06, 2025;WOODS EXPECTORANT 60 ML, WOODS NATURALS SYR 60 ML
125047368;Mei 06, 2025;KALPANAX K CREAM 5 GR, CEREBROFORT GOLD ORANGE 200 ML, CEREBROFORT GOLD STRAWBERY, PROMAG SUSPENSI BTL 60 ML, PROMAG HERBAL 15 ML, WOODS EXPECTORANT 60 ML, WOODS EXPECTORANT 100 ML, PROCOLD FLU PE, SAKATONIK ABC ANTARIKSA 30 TAB, SAKATONIK ABC STRAW 30TAB, SAKATONIK ABC ORANGE 30TAB
125047376;Mei 06, 2025;WOODS EXPECTORANT 60 ML, MIXAGRIP FLU KAPLET 25X4
125047377;Mei 06, 2025;PUYER OSK BT NO.16/BOX, KALPANAX K CREAM 5 GR, WOODS EXPECTORANT 60 ML, SAKATONIK ABC ANTARIKSA 30 TAB, SAKATONIK ABC ORANGE 30TAB
125047379;Mei 06, 2025;CEREBROFORT GOLD ORANGE 100 ML, CEREBROFORT GOLD ORANGE 200 ML, CEREBROFORT GOLD STRAWBERY, CEREBROFORT MG STRAW SCH, CEREBROFORT M.G. TROPICAL FRUIT, SAKATONIK ABC ORANGE 30TAB
125047402;Mei 06, 2025;EXTRA JOSS ULTIMATE LIQ/24 CAN, KOMIX HERBAL JAHE, KOMIX HERBAL ORI PACK
125047407;Mei 06, 2025;KOMIX HERBAL 15 ML, KOMIX HERBAL ORI PACK, KOMIX OBH PE, PROMAG HERBAL 15 ML, WOODS EXPECTORANT 60 ML, ENTROSTOP 10'S, PROMAG TABLET
125047408;Mei 06, 2025;SKT ACTIV SIRUP 300 ML, SAKATONIK ABC ORANGE 30TAB
125047411;Mei 06, 2025;KALPANAX K CREAM 5 GR, SAKATONIK ABC ANTARIKSA 30 TAB
125047412;Mei 06, 2025;KALPANAX K CREAM 5 GR, PROMAG SUSPENSI 10ML/6, WOODS LOZENGES 6'S
125047434;Mei 06, 2025;PROMAG HERBAL 15 ML, SAKATONIK ABC ANTARIKSA 30 TAB, SKT ABC CURCUMA MADU
125047460;Mei 06, 2025;CEREBROFORT GOLD ORANGE 100 ML, CEREBROFORT GOLD STRAWBERY, EXTRA JOSS ULTIMATE LIQ/24 CAN
125047468;Mei 06, 2025;CEREBROFORT GOLD ORANGE 100 ML, CEREBROFORT GOLD STRAWBERY, KOMIX JAHE G-FORMULA BOX, KOMIX KID STRAWBERRY PACK, KOMIX KID OBH PE, KOMIX OBH PE, PROMAG SUSPENSI BTL 60 ML, SKT ACTIV SIRUP 100 ML, SKT ACTIV SIRUP 300 ML, SAKATONIK ABC STRAW 30TAB, SKT ABC CURCUMA MADU
125047481;Mei 06, 2025;KALPANAX K CREAM 5 GR, KALPANAX SALEP 6G/12, CEREBROFORT GOLD ORANGE 100 ML, CEREBROFORT GOLD ORANGE 200 ML, PROMAG TABLET
125047491;Mei 06, 2025;KOMIX HERBAL 15 ML, KALPANAX K CREAM 5 GR
125047493;Mei 06, 2025;KOMIX HERBAL 15 ML, ENTROSTOP 10'S
125047494;Mei 06, 2025;WAISAN NEW FORMULA  /LUSIN, PROMAG TABLET
125047497;Mei 06, 2025;WOODS COUGH SYR ATT  60ML, MIXAGRIP FLU &BATUK PE
125047565;Mei 06, 2025;KOMIX JAHE G-FORMULA BOX, KOMIX J.NIPIS G-FORMULA B
125047567;Mei 06, 2025;KOMIX JAHE G-FORMULA BOX, KOMIX J.NIPIS G-FORMULA B, KOMIX PEPP.G-FORMULA BOX, KOMIX KID OBH PE
125047578;Mei 06, 2025;EXTRA JOSS ULTIMATE LIQ/24 CAN, KOMIX HERBAL ORI PACK, MIXAGRIP HERBAL GREGES
125047603;Mei 06, 2025;CEREBROFORT GOLD STRAWBERY, EXTRA JOSS ULTIMATE LIQ/24 CAN, KOMIX HERBAL ORI PACK, CEREBROFORT M.G. AGGR SCH, CEREBROFORT MG STRAW SCH, WOODS LOZENGES CHERRY 6'S, WOODS LOZENGES 6'S, WOODS LOZ HONEY LEMON, WOODS LOZENGES ORANGE VITAMIN C, WOODS LOZENGES LEMON VITAMIN C
125047612;Mei 06, 2025;KOMIX JAHE G-FORMULA BOX, KOMIX J.NIPIS G-FORMULA B
125047620;Mei 06, 2025;B7 SLASI JERUK NIPIS 12'S, EXTRA JOSS ACTIVE 12SCH
125047644;Mei 07, 2025;KALPANAX K CREAM 5 GR, CEREBROFORT GOLD ORANGE 200 ML, PROMAG HERBAL 15 ML, PROMAG TABLET, SAKATONIK ABC STRAW 30TAB
125047673;Mei 07, 2025;BEJO ANAK JAHE MERAH 5S, KOMIX HERBAL ORI PACK, CEREBROFORT MG STRAW SCH, XONCE TAB BOX 50'S
125047691;Mei 07, 2025;WOODS COUGH SYR ATT 100ML, WOODS COUGH SYR ATT  60ML
125047697;Mei 07, 2025;ENTROSTOP 10'S, SAKATONIK ABC ANTARIKSA 30 TAB, SAKATONIK ABC STRAW 30TAB
125047713;Mei 07, 2025;KALPANAX SALEP 6G/12, SKT ACTIV SIRUP 300 ML, WOODS EXPECTORANT 60 ML, WOODS NATURALS SYR 60 ML, MIXAGRIP FLU KAPLET 25X4, PROMAG TABLET, WOODS LOZENGES CHERRY 6'S
125047721;Mei 07, 2025;B7 SLASI JERUK NIPIS 12'S, WOODS COUGH SYR ATT  60ML, WOODS LOZENGES CHERRY 6'S, WOODS LOZENGES 6'S, WOODS LOZENGES ORANGE VITAMIN C, WOODS LOZENGES LEMON VITAMIN C
125047728;Mei 07, 2025;CEREBROFORT GOLD ORANGE 100 ML, CEREBROFORT GOLD STRAWBERY, ENTROSTOP 10'S
125047729;Mei 07, 2025;PROMAG HERBAL 15 ML, PROMAG TABLET, SAKATONIK ABC ANTARIKSA 30 TAB
125047738;Mei 07, 2025;MIXAGRIP FLU KAPLET 25X4, PROCOLD FLU PE
125047739;Mei 07, 2025;KALPANAX K CREAM 5 GR, KALPANAX KRIM 10 GR
125047744;Mei 07, 2025;WOODS COUGH SYR ATT 100ML, WOODS COUGH SYR ATT  60ML
125047752;Mei 07, 2025;KOMIX HERBAL ORI PACK, EXTRA JOSS ACTIVE 12SCH
125047757;Mei 07, 2025;WOODS EXPECTORANT 60 ML, WOODS NATURALS SYR 60 ML, KOMIX HERBAL JAHE
125047761;Mei 07, 2025;KOMIX HERBAL 15 ML, KOMIX HERBAL ORI PACK, KALPANAX KRIM 10 GR
125047769;Mei 07, 2025;KOMIX HERBAL JAHE, KOMIX HERBAL 15 ML, KOMIX HERBAL ORI PACK
125047829;Mei 07, 2025;PROMAG SUSPENSI BTL 60 ML, WOODS LOZENGES 6'S
125047830;Mei 07, 2025;KOMIX OBH PE, KALPANAX SALEP 6G/12
125047848;Mei 07, 2025;KOMIX JAHE G-FORMULA BOX, KOMIX J.NIPIS G-FORMULA B, KOMIX PEPP.G-FORMULA BOX
125047913;Mei 07, 2025;CEREBROFORT GOLD ORANGE 200 ML, WOODS LOZENGES CHERRY 6'S, WOODS LOZENGES 6'S
125047915;Mei 07, 2025;SAKATONIK ABC STRAW 30TAB, SAKATONIK ABC ORANGE 30TAB
125047947;Mei 07, 2025;KALPANAX K CREAM 5 GR, PROMAG SUSPENSI 10ML/6, ENTROSTOP 10'S
125047953;Mei 07, 2025;KALPANAX SALEP 6G/12, CEREBROFORT M.G. AGGR SCH, SAKATONIK ABC ANTARIKSA 30 TAB, SKT ABC CURCUMA MADU, XONCE TAB BOX 50'S
125047970;Mei 07, 2025;EXTRA JOSS ULTIMATE LIQ/24 CAN, EXTRA JOSS ACTIVE 6 SCH, EXTRA JOSS GO RASA ANGGUR, EXTRA JOSS MANGGA LAKI, SAKATONIK ABC ANTARIKSA 30 TAB, SAKATONIK ABC STRAW 30TAB, SAKATONIK ABC ORANGE 30TAB
125047975;Mei 07, 2025;KOMIX HERBAL ORI PACK, CEREBROFORT GOLD STRAWBERY, SAKATONIK ABC STRAW 30TAB
125047976;Mei 07, 2025;EXTRA JOSS ACTIVE 12SCH, CEREBROFORT M.G. AGGR SCH, CEREBROFORT MG STRAW SCH
125048008;Mei 07, 2025;PROMAG HERBAL 15 ML, PROMAG TABLET
125048013;Mei 07, 2025;CEREBROFORT GOLD ORANGE 100 ML, KOMIX OBH PE, PROMAG HERBAL 15 ML, ENTROSTOP 10'S, PROMAG TABLET, SAKATONIK ABC ANTARIKSA 30 TAB
125048015;Mei 07, 2025;PROMAG SUSPENSI 10ML/6, CEREBROFORT M.G. AGGR SCH, CEREBROFORT MG STRAW SCH, ENTROSTOP 10'S, PROMAG TABLET
125048058;Mei 07, 2025;MIXAGRIP HERBAL GREGES, CEREBROFORT M.G. AGGR SCH, CEREBROFORT MG STRAW SCH
125048059;Mei 07, 2025;KOMIX HERBAL JAHE, KOMIX HERBAL ORI PACK, EXTRA JOSS ACTIVE 12SCH
125048060;Mei 07, 2025;KOMIX HERBAL ORI PACK, CEREBROFORT GOLD STRAWBERY, SAKATONIK ABC STRAW 30TAB
125048063;Mei 07, 2025;B7 SLASI JERUK NIPIS 12'S, EXTRA JOSS ACTIVE 12SCH
125048069;Mei 07, 2025;KOMIX HERBAL JAHE, KOMIX HERBAL PEPPERMINT
125048072;Mei 07, 2025;KALPANAX SALEP 6G/12, EXTRA JOSS ULTIMATE LIQ/24 CAN, KOMIX HERBAL ORI PACK, EXTRA JOSS ACTIVE 12SCH, WOODS NATURALS SYR 60 ML, SAKATONIK ABC ANTARIKSA 30 TAB, SAKATONIK ABC STRAW 30TAB, SAKATONIK ABC ORANGE 30TAB, SKT ABC CURCUMA MADU
125048087;Mei 07, 2025;KOMIX JAHE G-FORMULA BOX, KOMIX J.NIPIS G-FORMULA B, KOMIX PEPP.G-FORMULA BOX, KOMIX OBH PE, MEXTRIL BATUK-TABLET BOX
125048099;Mei 07, 2025;PROMAG SUSPENSI 10ML/6, PROMAG HERBAL 15 ML, PROMAG TABLET
125048126;Mei 07, 2025;BEJO ANAK JAHE MERAH 5S, KOMIX HERBAL 15 ML, KOMIX KID OBH PE
125048141;Mei 07, 2025;KOMIX HERBAL ORI PACK, MIXAGRIP HERBAL GREGES
125048148;Mei 07, 2025;CEREBROFORT GOLD ORANGE 100 ML, CEREBROFORT GOLD STRAWBERY, CEREBROFORT M.G. AGGR SCH, CEREBROFORT MG STRAW SCH, SAKATONIK ABC STRAW 30TAB, KOMIX HERBAL ORI PACK
125048149;Mei 07, 2025;KOMIX HERBAL ORI PACK, CEREBROFORT GOLD ORANGE 100 ML, CEREBROFORT GOLD STRAWBERY, CEREBROFORT M.G. AGGR SCH, CEREBROFORT MG STRAW SCH, SAKATONIK ABC STRAW 30TAB
125048156;Mei 07, 2025;PUYER OSK BT NO.16/BOX, WAISAN NEW FORMULA  /LUSIN
125048157;Mei 07, 2025;KALPANAX SALEP 6G/12, PUYER OSK BT NO.16/BOX, WAISAN NEW FORMULA  /LUSIN
125048158;Mei 07, 2025;WAISAN NEW FORMULA  /LUSIN, PROMAG TABLET
125048159;Mei 07, 2025;PUYER OSK BT NO.16/BOX, WAISAN NEW FORMULA  /LUSIN
125048160;Mei 07, 2025;KOMIX J.NIPIS G-FORMULA B, KOMIX OBH PE, KALPANAX K CREAM 5 GR, WOODS EXPECTORANT 60 ML, PROCOLD FLU PE
125048177;Mei 07, 2025;KOMIX HERBAL ORI PACK, KOMIX HERBAL PEPPERMINT
125048206;Mei 08, 2025;KALPANAX K CREAM 5 GR, KALPANAX KRIM 10 GR, CEREBROFORT GOLD ORANGE 100 ML, CEREBROFORT GOLD ORANGE 200 ML
125048210;Mei 08, 2025;KALPANAX K CREAM 5 GR, KALPANAX SALEP 6G/12, KOMIX OBH PE, PROMAG HERBAL 15 ML, PUYER OSK BT NO.16/BOX, WAISAN NEW FORMULA  /LUSIN, PROMAG TABLET
125048216;Mei 08, 2025;KALPANAX K CREAM 5 GR, KALPANAX SALEP 6G/12, CEREBROFORT GOLD ORANGE 200 ML
125048245;Mei 08, 2025;KALPANAX K CREAM 5 GR, PROMAG HERBAL 15 ML
125048260;Mei 08, 2025;WOODS NATURALS SYR 60 ML, SKT ABC CURCUMA MADU, WOODS LOZ HONEY LEMON
125048264;Mei 08, 2025;WOODS COUGH SYR ATT 100ML, WOODS COUGH SYR ATT  60ML, WOODS EXPECTORANT 60 ML, WOODS NATURALS SYR 60 ML, ENTROSTOP 10'S
125048265;Mei 08, 2025;KOMIX JAHE G-FORMULA BOX, KOMIX KID STRAWBERRY PACK, KOMIX J.NIPIS G-FORMULA B, KOMIX KID OBH PE, KOMIX OBH PE, PROMAG HERBAL 15 ML
125048266;Mei 08, 2025;KOMIX JAHE G-FORMULA BOX, KOMIX KID STRAWBERRY PACK, KOMIX J.NIPIS G-FORMULA B, KOMIX PEPP.G-FORMULA BOX, KOMIX OBH PE, WOODS COUGH SYR ATT 100ML, WOODS COUGH SYR ATT  60ML
125048297;Mei 08, 2025;KOMIX JAHE G-FORMULA BOX, KOMIX J.NIPIS G-FORMULA B, KOMIX OBH PE
125048314;Mei 08, 2025;KOMIX HERBAL JAHE, KOMIX HERBAL ORI PACK, EXTRA JOSS ACTIVE 12SCH
125048315;Mei 08, 2025;KOMIX HERBAL JAHE, KOMIX HERBAL 15 ML, KOMIX HERBAL ORI PACK, KOMIX HERBAL PEPPERMINT
125048327;Mei 08, 2025;PUYER OSK BT NO.16/BOX, PROMAG HERBAL 15 ML
125048357;Mei 08, 2025;KALPANAX K CREAM 5 GR, KALPANAX KRIM 10 GR, PUYER OSK BT NO.16/BOX, PROMAG TABLET, SKT ACTIV SIRUP 100 ML, SKT ACTIV SIRUP 300 ML, WOODS EXPECTORANT 60 ML
125048363;Mei 08, 2025;CEREBROFORT M.G. AGGR SCH, CEREBROFORT MG STRAW SCH, SAKATONIK ABC ANTARIKSA 30 TAB
125048371;Mei 08, 2025;KOMIX HERBAL 15 ML, KOMIX OBH PE
125048382;Mei 08, 2025;KALPANAX K CREAM 5 GR, KALPANAX KRIM 10 GR, KOMIX HERBAL ORI PACK, SKT ACTIV SIRUP 100 ML, SKT ACTIV SIRUP 300 ML, MIXAGRIP FLU KAPLET 25X4, SAKATONIK ABC ANTARIKSA 30 TAB, SAKATONIK ABC ORANGE 30TAB
125048415;Mei 08, 2025;EXTRA JOSS ACTIVE 12SCH, EXTRA JOSS GO RASA ANGGUR, EXTRA JOSS MANGGA LAKI
125048451;Mei 08, 2025;KALPANAX K CREAM 5 GR, PROMAG TABLET, SAKATONIK ABC STRAW 30TAB
125048485;Mei 08, 2025;KOMIX HERBAL JAHE, KOMIX HERBAL 15 ML, KOMIX HERBAL ORI PACK, KOMIX HERBAL PEPPERMINT, B7 SLASI JERUK NIPIS 12'S, CEREBROFORT GOLD STRAWBERY
125048539;Mei 08, 2025;KOMIX HERBAL 15 ML, SAKATONIK ABC ORANGE 30TAB
125048577;Mei 08, 2025;KOMIX JAHE G-FORMULA BOX, KOMIX J.NIPIS G-FORMULA B, KOMIX PEPP.G-FORMULA BOX
125048585;Mei 08, 2025;KOMIX JAHE G-FORMULA BOX, KOMIX J.NIPIS G-FORMULA B
125048648;Mei 08, 2025;EXTRA JOSS ULTIMATE LIQ/24 CAN, KOMIX HERBAL JAHE, KOMIX HERBAL PEPPERMINT, WOODS LOZENGES CHERRY 6'S, WOODS LOZENGES 6'S, WOODS LOZ HONEY LEMON, WOODS LOZENGES ORANGE VITAMIN C, WOODS LOZENGES LEMON VITAMIN C
125048656;Mei 08, 2025;KOMIX HERBAL JAHE, KOMIX HERBAL ORI PACK, KOMIX HERBAL PEPPERMINT
125048673;Mei 08, 2025;WOODS COUGH SYR ATT 100ML, WOODS COUGH SYR ATT  60ML
125048679;Mei 08, 2025;KOMIX JAHE G-FORMULA BOX, KOMIX J.NIPIS G-FORMULA B
125048687;Mei 08, 2025;CEREBROFORT GOLD ORANGE 200 ML, ENTROSTOP 10'S
125048712;Mei 08, 2025;CEREBROFORT GOLD STRAWBERY, CEREBROFORT M.G. AGGR SCH, CEREBROFORT MG STRAW SCH, SAKATONIK ABC STRAW 30TAB, SAKATONIK ABC ORANGE 30TAB
125048714;Mei 08, 2025;KOMIX HERBAL ORI PACK, B7 SLASI JERUK NIPIS 12'S, EXTRA JOSS ACTIVE 12SCH
125048717;Mei 08, 2025;CEREBROFORT GOLD ORANGE 200 ML, SKT ACTIV SIRUP 100 ML, WOODS EXPECTORANT 60 ML
125048746;Mei 09, 2025;KOMIX HERBAL JAHE, KOMIX HERBAL ORI PACK, EXTRA JOSS ACTIVE 12SCH
125048772;Mei 09, 2025;PROMAG TABLET, SAKATONIK ABC STRAW 30TAB
125048790;Mei 09, 2025;KOMIX HERBAL 15 ML, KOMIX HERBAL ORI PACK, KOMIX KID OBH PE, B7 SLASI JERUK NIPIS 12'S, KALPANAX K CREAM 5 GR, PROMAG HERBAL 15 ML, SKT ACTIV SIRUP 100 ML, WOODS EXPECTORANT 60 ML, MIXAGRIP FLU KAPLET 25X4, ENTROSTOP 10'S, PROCOLD FLU PE, PROMAG TABLET, SAKATONIK ABC STRAW 30TAB
125048814;Mei 09, 2025;MIXAGRIP HERBAL GREGES, CEREBROFORT M.G. AGGR SCH, CEREBROFORT MG STRAW SCH
125048820;Mei 09, 2025;SAKATONIK ABC STRAW 30TAB, SAKATONIK ABC ORANGE 30TAB
125048822;Mei 09, 2025;KALPANAX K CREAM 5 GR, KOMIX HERBAL 15 ML, KOMIX KID OBH PE, ENTROSTOP 10'S
125048829;Mei 09, 2025;KOMIX HERBAL 15 ML, WOODS LOZENGES 6'S
125048835;Mei 09, 2025;PROMAG SUSPENSI 10ML/6, PROMAG HERBAL 15 ML
125048876;Mei 09, 2025;WOODS COUGH SYR ATT 100ML, WOODS COUGH SYR ATT  60ML, WOODS EXPECTORANT 60 ML
125048882;Mei 09, 2025;PROMAG SUSPENSI 10ML/6, PROMAG TABLET
125048884;Mei 09, 2025;PUYER OSK BT NO.16/BOX, KALPANAX K CREAM 5 GR
125048887;Mei 09, 2025;PUYER OSK BT NO.16/BOX, KALPANAX K CREAM 5 GR, ENTROSTOP 10'S
125048888;Mei 09, 2025;KOMIX JAHE G-FORMULA BOX, KOMIX J.NIPIS G-FORMULA B, KOMIX PEPP.G-FORMULA BOX, WOODS COUGH SYR ATT  60ML, MIXAGRIP FLU &BATUK PE, MEXTRIL BATUK-TABLET BOX, PROCOLD FLU BATUK PE
125048907;Mei 09, 2025;KOMIX KID STRAWBERRY PACK, KOMIX KID OBH PE
125048912;Mei 09, 2025;WOODS LOZENGES CHERRY 6'S, WOODS LOZENGES 6'S, WOODS LOZ HONEY LEMON
125048925;Mei 09, 2025;KALPANAX K CREAM 5 GR, PROCOLD FLU PE
125048928;Mei 09, 2025;KALPANAX K CREAM 5 GR, PROMAG HERBAL 15 ML, ENTROSTOP 10'S
125048929;Mei 09, 2025;WOODS LOZENGES CHERRY 6'S, WOODS LOZ HONEY LEMON
125048933;Mei 09, 2025;KOMIX HERBAL 15 ML, KOMIX HERBAL PEPPERMINT
125048934;Mei 09, 2025;KOMIX HERBAL 15 ML, PUYER OSK BT NO.16/BOX
125048937;Mei 09, 2025;WOODS COUGH SYR ATT 100ML, WOODS COUGH SYR ATT  60ML, MIXAGRIP FLU &BATUK PE, PROCOLD FLU BATUK PE
125048938;Mei 09, 2025;WOODS COUGH SYR ATT 100ML, WOODS COUGH SYR ATT  60ML, MIXAGRIP FLU &BATUK PE, PROCOLD FLU BATUK PE
125048940;Mei 09, 2025;KALPANAX K CREAM 5 GR, SAKATONIK ABC STRAW 30TAB
125048941;Mei 09, 2025;KOMIX HERBAL JAHE, KOMIX HERBAL ORI PACK
125048942;Mei 09, 2025;WOODS EXPECTORANT 60 ML, WOODS NATURALS SYR 60 ML, PROMAG TABLET, SAKATONIK ABC STRAW 30TAB, SAKATONIK ABC ORANGE 30TAB, SKT ABC CURCUMA MADU
125048943;Mei 09, 2025;SKT ACTIV SIRUP 100 ML, ENTROSTOP 10'S, SAKATONIK ABC ORANGE 30TAB, SKT ABC CURCUMA MADU
125048963;Mei 09, 2025;CEREBROFORT GOLD STRAWBERY, KOMIX HERBAL ORI PACK, SAKATONIK ABC STRAW 30TAB
125048964;Mei 09, 2025;KOMIX HERBAL ORI PACK, MIXAGRIP HERBAL GREGES, CEREBROFORT MG STRAW SCH, SAKATONIK ABC STRAW 30TAB
125048965;Mei 09, 2025;CEREBROFORT GOLD STRAWBERY, CEREBROFORT MG STRAW SCH
125048980;Mei 09, 2025;KOMIX JAHE G-FORMULA BOX, KOMIX J.NIPIS G-FORMULA B, KOMIX PEPP.G-FORMULA BOX
125048986;Mei 09, 2025;PROCOLD FLU BATUK PE, SAKATONIK ABC STRAW 30TAB
125048988;Mei 09, 2025;PROCOLD FLU PE, PROMAG TABLET
125048989;Mei 09, 2025;CEREBROFORT GOLD STRAWBERY, SAKATONIK ABC ORANGE 30TAB, SKT ABC CURCUMA MADU
125049003;Mei 09, 2025;WOODS COUGH SYR ATT 100ML, WOODS COUGH SYR ATT  60ML, MIXAGRIP FLU &BATUK PE, PROCOLD FLU BATUK PE
125049009;Mei 09, 2025;KALPANAX K CREAM 5 GR, WOODS EXPECTORANT 60 ML
125049085;Mei 09, 2025;PROMAG HERBAL 15 ML, PROMAG TABLET
125049098;Mei 09, 2025;WOODS EXPECTORANT 60 ML, ENTROSTOP 10'S
125049107;Mei 09, 2025;KALPANAX K CREAM 5 GR, PROCOLD FLU PE
125049112;Mei 09, 2025;PROMAG TABLET, WOODS LOZENGES CHERRY 6'S, WOODS LOZ HONEY LEMON
125049175;Mei 09, 2025;EJ SPORT GEL ORANGE 5 TB, KOMIX HERBAL 15 ML, KOMIX HERBAL ORI PACK
125049203;Mei 10, 2025;KALPANAX K CREAM 5 GR, KALPANAX KRIM 10 GR
125049229;Mei 10, 2025;KOMIX JAHE G-FORMULA BOX, KOMIX J.NIPIS G-FORMULA B
125049255;Mei 10, 2025;SAKATONIK ABC STRAW 30TAB, SAKATONIK ABC ORANGE 30TAB
125049271;Mei 10, 2025;CEREBROFORT GOLD ORANGE 100 ML, CEREBROFORT GOLD STRAWBERY
125049273;Mei 10, 2025;CEREBROFORT GOLD ORANGE 200 ML, CEREBROFORT GOLD STRAWBERY, PROMAG HERBAL 15 ML
125049275;Mei 10, 2025;PUYER OSK BT NO.16/BOX, KALPANAX K CREAM 5 GR, KALPANAX KRIM 10 GR, WOODS LOZENGES CHERRY 6'S, WOODS LOZENGES 6'S, WOODS LOZ HONEY LEMON, WOODS LOZENGES ORANGE VITAMIN C
125049280;Mei 10, 2025;WOODS COUGH SYR ATT 100ML, WOODS COUGH SYR ATT  60ML
125049282;Mei 10, 2025;KALPANAX KRIM 10 GR, CEREBROFORT GOLD ORANGE 200 ML, PUYER OSK BT NO.16/BOX, WOODS LOZENGES CHERRY 6'S, WOODS LOZENGES 6'S
125049306;Mei 10, 2025;CEREBROFORT GOLD ORANGE 100 ML, ENTROSTOP 10'S
125049317;Mei 10, 2025;KOMIX HERBAL 15 ML, PROMAG SUSPENSI 10ML/6, ENTROSTOP 10'S, PROMAG TABLET, SAKATONIK ABC ORANGE 30TAB, WOODS LOZENGES 6'S
125049330;Mei 10, 2025;BEJO JAHE MERAH HERBAL 12 SC, KOMIX HERBAL ORI PACK, CEREBROFORT GOLD ORANGE 100 ML, CEREBROFORT GOLD STRAWBERY, CEREBROFORT M.G. AGGR SCH, CEREBROFORT MG STRAW SCH, SAKATONIK ABC STRAW 30TAB
125049331;Mei 10, 2025;BEJO JAHE MERAH HERBAL 12 SC, KOMIX HERBAL ORI PACK, CEREBROFORT GOLD ORANGE 100 ML, CEREBROFORT GOLD STRAWBERY, CEREBROFORT M.G. AGGR SCH, CEREBROFORT MG STRAW SCH, SAKATONIK ABC STRAW 30TAB
125049342;Mei 10, 2025;WOODS EXPECTORANT 60 ML, WOODS LOZENGES CHERRY 6'S, WOODS LOZENGES 6'S, WOODS LOZ HONEY LEMON
125049346;Mei 10, 2025;PROMAG HERBAL 15 ML, WOODS LOZENGES 6'S, WOODS LOZ HONEY LEMON
125049350;Mei 10, 2025;KOMIX HERBAL JAHE, KOMIX HERBAL PEPPERMINT, PROMAG TABLET
125049368;Mei 10, 2025;BEJO JAHE MERAH HERBAL 12 SC, EXTRA JOSS ACTIVE 12SCH
125049379;Mei 10, 2025;KALPANAX SALEP 6G/12, KALPANAX KRIM 10 GR, WOODS EXPECTORANT 60 ML, PROMAG TABLET
125049386;Mei 10, 2025;BEJO JAHE MERAH HERBAL 12 SC, KOMIX HERBAL JAHE, WOODS EXPECTORANT 60 ML, ENTROSTOP 10'S, PROCOLD FLU PE, PROMAG TABLET
125049409;Mei 10, 2025;SKT ACTIV SIRUP 100 ML, WOODS EXPECTORANT 60 ML, SAKATONIK ABC STRAW 30TAB, SAKATONIK ABC ORANGE 30TAB
125049446;Mei 10, 2025;CEREBROFORT GOLD ORANGE 100 ML, KOMIX HERBAL 15 ML
125049466;Mei 10, 2025;KOMIX JAHE G-FORMULA BOX, KOMIX J.NIPIS G-FORMULA B
125049550;Mei 13, 2025;KOMIX JAHE G-FORMULA BOX, KOMIX J.NIPIS G-FORMULA B, KOMIX OBH PE
125049569;Mei 13, 2025;KOMIX HERBAL ORI PACK, PUYER OSK BT NO.16/BOX
125049571;Mei 13, 2025;KALPANAX K CREAM 5 GR, KALPANAX SALEP 6G/12, FATIGON SPIRIT BOX 10X6S
125049572;Mei 13, 2025;KOMIX HERBAL 15 ML, B7 SLASI JERUK NIPIS 12'S, SAKATONIK ABC STRAW 30TAB
125049580;Mei 13, 2025;WOODS COUGH SYR ATT  60ML, KOMIX JAHE G-FORMULA BOX, KOMIX J.NIPIS G-FORMULA B
125049596;Mei 13, 2025;SAKATONIK ABC ANTARIKSA 30 TAB, SAKATONIK ABC STRAW 30TAB, SAKATONIK ABC ANGGUR30TAB, SAKATONIK ABC ORANGE 30TAB
125049609;Mei 13, 2025;ENTROSTOP HERBAL DEWASA 15 ML, KOMIX HERBAL JERUK NIPIS, ENTROSTOP 10'S
125049610;Mei 13, 2025;CEREBROFORT GOLD ORANGE 100 ML, ENTROSTOP 10'S
125049611;Mei 13, 2025;KOMIX HERBAL LEMON, KOMIX HERBAL 15 ML, PROMAG TABLET
125049612;Mei 13, 2025;KOMIX OBH PE, KALPANAX SALEP 6G/12
125049621;Mei 13, 2025;CEREBROFORT MG MGA SCH, CEREBROFORT MG JRK SCH, CEREBROFORT MG STRAW SCH, CEREBROFORT M.G. TROPICAL FRUIT
125049647;Mei 13, 2025;BEJO JAHE MERAH HERBAL 12 SC, EXTRA JOSS ULTIMATE LIQ/24 CAN, KOMIX HERBAL JAHE, KOMIX HERBAL ORI PACK, KOMIX HERBAL PEPPERMINT, PROMAG HERBAL 15 ML, CEREBROFORT MG MGA SCH, SAKATONIK ABC STRAW 30TAB
125049672;Mei 13, 2025;EJ SPORT GEL ORANGE 5 TB, EXTRA JOSS SPORT 5 TB
125049676;Mei 13, 2025;PROMAG TABLET, WOODS EXPECTORANT 60 ML, WOODS LOZ HONEY LEMON
125049681;Mei 13, 2025;PROMAG SUSPENSI BTL 60 ML, PROMAG HERBAL 15 ML, FATIGON KAPLET 10X6S, FATIGON SPIRIT BOX 10X6S
125049682;Mei 13, 2025;ENTROSTOP HERBAL ANAK, CEREBROFORT M.G. AGGR SCH, CEREBROFORT MG STRAW SCH, SAKATONIK ABC ANTARIKSA 30 TAB, KOMIX HERBAL 15 ML
125049683;Mei 13, 2025;PROMAG HERBAL 15 ML, PROMAG TABLET, WOODS EXPECTORANT 60 ML, WOODS LOZENGES 6'S
125049685;Mei 13, 2025;WOODS EXPECTORANT 60 ML, WOODS NATURALS SYR 60 ML, KOMIX OBH PE
125049690;Mei 13, 2025;KOMIX HERBAL 15 ML, B7 SLASI JERUK NIPIS 12'S, PROMAG SUSPENSI 10ML/6
125049696;Mei 13, 2025;KALPANAX SALEP 6G/12, ENTROSTOP HERBAL ANAK
125049726;Mei 13, 2025;KOMIX HERBAL JAHE, KOMIX HERBAL 15 ML
125049733;Mei 13, 2025;BEJO ANAK JAHE MERAH 5S, BEJO JAHE MERAH HERBAL 12 SC, CEREBROFORT GOLD ORANGE 100 ML
125049735;Mei 13, 2025;KALPANAX K CREAM 5 GR, KALPANAX KRIM 10 GR, WOODS EXPECTORANT 60 ML, WOODS NATURALS SYR 60 ML, ENTROSTOP 10'S, SAKATONIK ABC ORANGE 30TAB
125049764;Mei 13, 2025;EJ SPORT GEL ORANGE 5 TB, EXTRA JOSS SPORT 5 TB
125049767;Mei 13, 2025;BEJO JAHE MERAH HERBAL 12 SC, MIXAGRIP HERBAL GREGES, CEREBROFORT M.G. AGGR SCH, CEREBROFORT MG STRAW SCH, FATIGON KAPLET 10X6S
125049770;Mei 13, 2025;KALPANAX K CREAM 5 GR, PUYER OSK BT NO.16/BOX
125049771;Mei 13, 2025;MEXTRIL BATUK-TABLET BOX, PUYER OSK BT NO.16/BOX
125049773;Mei 13, 2025;KOMIX KID STRAWBERRY PACK, KOMIX J.NIPIS G-FORMULA B
125049775;Mei 13, 2025;KALPANAX K CREAM 5 GR, ENTROSTOP 10'S, PROMAG TABLET, KOMIX OBH PE, PUYER OSK BT NO.16/BOX
125049778;Mei 13, 2025;KOMIX HERBAL 15 ML, ENTROSTOP 10'S
125049783;Mei 13, 2025;CEREBROFORT GOLD ORANGE 100 ML, CEREBROFORT GOLD ORANGE 200 ML, CEREBROFORT GOLD STRAWBERY
125049786;Mei 13, 2025;KOMIX HERBAL JAHE, KOMIX HERBAL PEPPERMINT
125049792;Mei 13, 2025;KALPANAX K CREAM 5 GR, BEJO JAHE MERAH HERBAL 6S MT
125049794;Mei 13, 2025;SAKATONIK ABC STRAW 30TAB, SAKATONIK ABC ANGGUR30TAB
125049813;Mei 13, 2025;BEJO ANAK JAHE MERAH 5S, BEJO JAHE MERAH HERBAL 12 SC, B7 SLASI JERUK NIPIS 12'S
125049817;Mei 13, 2025;BEJO JAHE MERAH HERBAL 12 SC, KOMIX HERBAL ORI PACK, CEREBROFORT GOLD STRAWBERY, CEREBROFORT M.G. AGGR SCH, CEREBROFORT MG MGA SCH, CEREBROFORT MG JRK SCH, CEREBROFORT MG STRAW SCH, SAKATONIK ABC STRAW 30TAB
125049837;Mei 13, 2025;KOMIX JAHE G-FORMULA BOX, KOMIX J.NIPIS G-FORMULA B
125049844;Mei 13, 2025;WOODS EXPECTORANT 60 ML, WOODS NATURALS SYR 60 ML, CEREBROFORT MG MGA SCH, CEREBROFORT MG JRK SCH, CEREBROFORT MG STRAW SCH, CEREBROFORT M.G. TROPICAL FRUIT, PROCOLD FLU PE
125049846;Mei 13, 2025;KALPANAX SALEP 6G/12, KALPANAX KRIM 10 GR, CEREBROFORT GOLD STRAWBERY, SKT ACTIV SIRUP 100 ML, SAKATONIK ABC ANTARIKSA 30 TAB, SAKATONIK ABC STRAWBERRY, SAKATONIK ABC STRAW 30TAB, SAKATONIK ABC ANGGUR30TAB
125049847;Mei 13, 2025;BEJO JAHE MERAH HERBAL 12 SC, SKT ACTIV SIRUP 100 ML, SKT ACTIV SIRUP 300 ML, SAKATONIK ABC ANGGUR30TAB, WOODS LOZENGES LEMON VITAMIN C
125049851;Mei 13, 2025;KALPANAX K CREAM 5 GR, KALPANAX KRIM 10 GR, CEREBROFORT GOLD ORANGE 100 ML, FATIGON KAPLET 10X6S, PROMAG TABLET
125049860;Mei 13, 2025;KOMIX HERBAL LEMON, PROMAG HERBAL 15 ML, FATIGON SPIRIT BOX 10X6S, MIXAGRIP FLU KAPLET 25X4, WOODS LOZENGES 6'S
125049865;Mei 13, 2025;KALPANAX KRIM 10 GR, PROMAG SUSPENSI BTL 60 ML
125049870;Mei 13, 2025;CEREBROFORT GOLD ORANGE 100 ML, CEREBROFORT GOLD STRAWBERY, ENTROSTOP 10'S
125049879;Mei 13, 2025;BEJO JAHE MERAH HERBAL 12 SC, WAISAN NEW FORMULA  /LUSIN, KALPANAX K CREAM 5 GR, KALPANAX SALEP 6G/12, PROMAG HERBAL 15 ML, PROMAG TABLET, SAKATONIK ACTIV MULTIVIT ZAT BESI - KAPLET 6S, SAKATONIK ABC ANTARIKSA 30 TAB, SAKATONIK ABC STRAW 30TAB, SAKATONIK ABC ANGGUR30TAB, SAKATONIK ABC ORANGE 30TAB, SKT ABC CURCUMA MADU
125049884;Mei 13, 2025;CEREBROFORT GOLD STRAWBERY, ENTROSTOP HERBAL ANAK
125049891;Mei 13, 2025;WOODS EXPECTORANT 60 ML, WOODS EXPECTORANT 100 ML
125049893;Mei 13, 2025;KOMIX HERBAL LEMON, KOMIX HERBAL 15 ML
125049909;Mei 13, 2025;BEJO JAHE MERAH HERBAL 12 SC, CEREBROFORT GOLD STRAWBERY, KOMIX HERBAL ORI PACK, KOMIX HERBAL PEPPERMINT, CEREBROFORT M.G. AGGR SCH, CEREBROFORT MG MGA SCH, CEREBROFORT MG JRK SCH, CEREBROFORT MG STRAW SCH, SAKATONIK ABC STRAW 30TAB
125049912;Mei 13, 2025;BEJO JAHE MERAH HERBAL 12 SC, EXTRA JOSS ULTIMATE LIQ/24 CAN, KOMIX HERBAL ORI PACK, CEREBROFORT GOLD STRAWBERY, CEREBROFORT M.G. AGGR SCH, CEREBROFORT MG MGA SCH, CEREBROFORT MG JRK SCH, CEREBROFORT MG STRAW SCH, FATIGON KAPLET 10X6S, SAKATONIK ABC STRAW 30TAB
125049913;Mei 13, 2025;BEJO JAHE MERAH HERBAL 12 SC, KOMIX HERBAL ORI PACK, CEREBROFORT GOLD STRAWBERY, CEREBROFORT MG JRK SCH, CEREBROFORT MG STRAW SCH, SAKATONIK ABC STRAW 30TAB
125049919;Mei 13, 2025;BEJO JAHE MERAH HERBAL 12 SC, SAKATONIK ABC ANTARIKSA 30 TAB, SAKATONIK ABC ORANGE 30TAB
125049920;Mei 13, 2025;BEJO JAHE MERAH HERBAL 12 SC, EXTRA JOSS ACTIVE 12SCH
125049924;Mei 13, 2025;BEJO JAHE MERAH HERBAL 12 SC, CEREBROFORT GOLD STRAWBERY, KOMIX HERBAL ORI PACK, CEREBROFORT M.G. AGGR SCH, CEREBROFORT MG MGA SCH, CEREBROFORT MG JRK SCH, CEREBROFORT MG STRAW SCH, SAKATONIK ABC STRAW 30TAB
125049927;Mei 13, 2025;KOMIX KID STRAWBERRY PACK, KOMIX KID OBH PE, KOMIX OBH PE, CEREBROFORT GOLD ORANGE 100 ML, CEREBROFORT GOLD ORANGE 200 ML
125049928;Mei 13, 2025;KOMIX KID OBH PE, KOMIX OBH PE
125049929;Mei 13, 2025;KOMIX JAHE G-FORMULA BOX, KOMIX J.NIPIS G-FORMULA B, KOMIX OBH PE, WOODS COUGH SYR ATT  60ML
125049939;Mei 13, 2025;KOMIX HERBAL LEMON, KOMIX HERBAL 15 ML, CEREBROFORT GOLD STRAWBERY
125049951;Mei 13, 2025;KOMIX HERBAL LEMON, WOODS EXPECTORANT 60 ML, WOODS EXPECTORANT 100 ML
125049952;Mei 13, 2025;BEJO JAHE MERAH HERBAL 12 SC, KOMIX HERBAL LEMON, KOMIX HERBAL ORI PACK, KOMIX KID OBH PE
125049970;Mei 13, 2025;MIXAGRIP FLU KAPLET 25X4, PROCOLD FLU PE
125049983;Mei 13, 2025;BEJO JAHE MERAH HERBAL 12 SC, CEREBROFORT GOLD STRAWBERY, KOMIX HERBAL ORI PACK, CEREBROFORT M.G. AGGR SCH, CEREBROFORT MG MGA SCH, CEREBROFORT MG JRK SCH, CEREBROFORT MG STRAW SCH, SAKATONIK ABC STRAW 30TAB
125049992;Mei 13, 2025;BEJO JAHE MERAH HERBAL 12 SC, KOMIX HERBAL ORI PACK, CEREBROFORT GOLD STRAWBERY, CEREBROFORT M.G. AGGR SCH, CEREBROFORT MG MGA SCH, CEREBROFORT MG JRK SCH, CEREBROFORT MG STRAW SCH, SAKATONIK ABC STRAW 30TAB
125049994;Mei 13, 2025;BEJO JAHE MERAH HERBAL 12 SC, KOMIX HERBAL ORI PACK, CEREBROFORT GOLD STRAWBERY, CEREBROFORT M.G. AGGR SCH, CEREBROFORT MG MGA SCH, CEREBROFORT MG JRK SCH, CEREBROFORT MG STRAW SCH, SAKATONIK ABC STRAW 30TAB
125050006;Mei 13, 2025;BEJO JAHE MERAH HERBAL 12 SC, CEREBROFORT GOLD ORANGE 100 ML, CEREBROFORT GOLD ORANGE 200 ML, CEREBROFORT GOLD STRAWBERY, ENTROSTOP HERBAL ANAK, PROMAG SUSPENSI 10ML/6, PROMAG HERBAL 15 ML, MIXAGRIP FLU &BATUK PE, MIXAGRIP FLU KAPLET 25X4, ENTROSTOP 10'S, PROCOLD FLU BATUK PE, PROCOLD FLU PE, PROMAG TABLET
125050011;Mei 13, 2025;KALPANAX K CREAM 5 GR, PROMAG HERBAL 15 ML, SAKATONIK ABC STRAW 30TAB, SAKATONIK ABC ANGGUR30TAB
125050016;Mei 13, 2025;KOMIX HERBAL ORI PACK, KOMIX OBH PE
125050020;Mei 13, 2025;KALPANAX KRIM 10 GR, CEREBROFORT MG STRAW SCH
125050021;Mei 13, 2025;BEJO JAHE MERAH HERBAL 12 SC, KOMIX HERBAL LEMON, KOMIX HERBAL 15 ML, KALPANAX K CREAM 5 GR, ENTROSTOP 10'S
125050027;Mei 13, 2025;KOMIX HERBAL JAHE, KOMIX HERBAL ORI PACK, KOMIX HERBAL PEPPERMINT
125050046;Mei 13, 2025;KOMIX JAHE G-FORMULA BOX, KOMIX J.NIPIS G-FORMULA B
125050057;Mei 13, 2025;KALPANAX SALEP 6G/12, CEREBROFORT M.G. AGGR SCH, SAKATONIK ABC STRAW 30TAB
125050074;Mei 14, 2025;PROMAG HERBAL 15 ML, PROMAG TABLET, SAKATONIK ABC ANTARIKSA 30 TAB, SAKATONIK ABC ANGGUR30TAB, SAKATONIK ABC ORANGE 30TAB
125050084;Mei 14, 2025;KALPANAX SALEP 6G/12, PROMAG HERBAL 15 ML, WOODS EXPECTORANT 60 ML, SAKATONIK ABC STRAW 30TAB, SAKATONIK ABC ANGGUR30TAB
125050097;Mei 14, 2025;KALPANAX SALEP 6G/12, EXTRA JOSS ACTIVE 12SCH, EXTRA JOSS ULTIMATE LIQ/24 CAN
125050112;Mei 14, 2025;KOMIX JAHE G-FORMULA BOX, KOMIX J.NIPIS G-FORMULA B, KOMIX OBH PE
125050115;Mei 14, 2025;EXTRA JOSS ACTIVE 12SCH, EXTRA JOSS ULTIMATE LIQ/24 CAN
125050121;Mei 14, 2025;CEREBROFORT GOLD ORANGE 100 ML, CEREBROFORT GOLD STRAWBERY, ENTROSTOP 10'S
125050129;Mei 14, 2025;BEJO JAHE MERAH HERBAL 12 SC, KOMIX HERBAL LEMON
125050130;Mei 14, 2025;KALPANAX K CREAM 5 GR, KALPANAX SALEP 6G/12
125050140;Mei 14, 2025;KOMIX HERBAL JAHE, KOMIX HERBAL ORI PACK, KOMIX HERBAL PEPPERMINT, PROMAG HERBAL 15 ML
125050141;Mei 14, 2025;BEJO JAHE MERAH HERBAL 12 SC, KOMIX HERBAL JAHE, EXTRA JOSS ACTIVE 12SCH
125050142;Mei 14, 2025;KOMIX OBH PE, PUYER OSK BT NO.16/BOX
125050159;Mei 14, 2025;KALPANAX K CREAM 5 GR, SAKATONIK ABC ANGGUR30TAB
125050168;Mei 14, 2025;BEJO JAHE MERAH HERBAL 12 SC, KOMIX HERBAL ORI PACK, CEREBROFORT GOLD STRAWBERY, CEREBROFORT M.G. AGGR SCH, CEREBROFORT MG MGA SCH, CEREBROFORT MG JRK SCH, CEREBROFORT MG STRAW SCH, SAKATONIK ABC STRAW 30TAB
125050172;Mei 14, 2025;BEJO JAHE MERAH HERBAL 12 SC, KOMIX HERBAL ORI PACK, EXTRA JOSS ULTIMATE LIQ/24 CAN
125050175;Mei 14, 2025;EXTRA JOSS ACTIVE 12SCH, EXTRA JOSS ULTIMATE LIQ/24 CAN
125050178;Mei 14, 2025;KALPANAX SALEP 6G/12, MIXAGRIP HERBAL GREGES, PROMAG HERBAL 15 ML, FATIGON SPIRIT BOX 10X6S, MIXAGRIP FLU KAPLET 25X4, PROCOLD FLU PE
125050186;Mei 14, 2025;EXTRA JOSS ULTIMATE LIQ/24 CAN, KOMIX HERBAL JAHE, KOMIX HERBAL ORI PACK, KOMIX HERBAL PEPPERMINT, B7 SLASI JERUK NIPIS 12'S
125050198;Mei 14, 2025;BEJO JAHE MERAH HERBAL 12 SC, KOMIX HERBAL ORI PACK, CEREBROFORT GOLD STRAWBERY, CEREBROFORT M.G. AGGR SCH, CEREBROFORT MG MGA SCH, CEREBROFORT MG JRK SCH, CEREBROFORT MG STRAW SCH, SAKATONIK ABC STRAW 30TAB
125050199;Mei 14, 2025;BEJO JAHE MERAH HERBAL 12 SC, KOMIX HERBAL ORI PACK, CEREBROFORT GOLD STRAWBERY, CEREBROFORT M.G. AGGR SCH, CEREBROFORT MG MGA SCH, CEREBROFORT MG JRK SCH, CEREBROFORT MG STRAW SCH, SAKATONIK ABC STRAW 30TAB
125050203;Mei 14, 2025;ENTROSTOP HERBAL DEWASA 15 ML, SAKATONIK ABC STRAW 30TAB
125050204;Mei 14, 2025;BEJO JAHE MERAH HERBAL 12 SC, KOMIX HERBAL LEMON, PUYER OSK BT NO.16/BOX, CEREBROFORT GOLD ORANGE 200 ML, PROMAG SUSPENSI 10ML/6, PROMAG HERBAL 15 ML, ENTROSTOP 10'S
125050205;Mei 14, 2025;CEREBROFORT GOLD ORANGE 100 ML, CEREBROFORT GOLD STRAWBERY
125050210;Mei 14, 2025;ENTROSTOP HERBAL ANAK, KOMIX HERBAL LEMON, KOMIX OBH PE, WOODS EXPECTORANT 100 ML
125050211;Mei 14, 2025;WOODS COUGH SYR ATT 100ML, WOODS COUGH SYR ATT  60ML
125050212;Mei 14, 2025;WOODS COUGH SYR ATT  60ML, PROCOLD FLU BATUK PE
125050234;Mei 14, 2025;EXTRA JOSS ACTIVE 12SCH, EXTRA JOSS ULTIMATE LIQ/24 CAN
125050236;Mei 14, 2025;ENTROSTOP 10'S, PROMAG TABLET, WOODS LOZENGES 6'S
125050237;Mei 14, 2025;KALPANAX K CREAM 5 GR, KALPANAX SALEP 6G/12
125050238;Mei 14, 2025;BEJO ANAK JAHE MERAH 5S, BEJO JAHE MERAH HERBAL 12 SC
125050244;Mei 14, 2025;KALPANAX SALEP 6G/12, ENTROSTOP 10'S, WOODS EXPECTORANT 60 ML, SAKATONIK ABC STRAW 30TAB
125050248;Mei 14, 2025;CEREBROFORT GOLD ORANGE 100 ML, CEREBROFORT GOLD ORANGE 200 ML, CEREBROFORT GOLD STRAWBERY, PROMAG HERBAL 15 ML, WOODS EXPECTORANT 60 ML, WOODS EXPECTORANT 100 ML
125050249;Mei 14, 2025;KOMIX HERBAL 15 ML, KALPANAX K CREAM 5 GR, PROMAG SUSPENSI 10ML/6
125050250;Mei 14, 2025;BEJO JAHE MERAH HERBAL 12 SC, WOODS EXPECTORANT 100 ML
125050258;Mei 14, 2025;WOODS EXPECTORANT 60 ML, ENTROSTOP 10'S
125050259;Mei 14, 2025;KOMIX OBH PE, FATIGON SPIRIT BOX 10X6S, SAKATONIK ABC STRAW 30TAB, SAKATONIK ABC ORANGE 30TAB
125050261;Mei 14, 2025;BEJO JAHE MERAH HERBAL 6S MT, BEJO JAHE MERAH HERBAL 12 SC, PROMAG SUSPENSI 10ML/6
125050265;Mei 14, 2025;BEJO ANAK JAHE MERAH 5S, BEJO JAHE MERAH HERBAL 12 SC, KOMIX HERBAL JAHE, KOMIX HERBAL ORI PACK, B7 SLASI JERUK NIPIS 12'S
125050272;Mei 14, 2025;KALPANAX SALEP 6G/12, B7 SLASI JERUK NIPIS 12'S
125050289;Mei 14, 2025;KOMIX HERBAL 15 ML, KOMIX HERBAL ORI PACK, KOMIX HERBAL PEPPERMINT, EXTRA JOSS ACTIVE 12SCH
125050292;Mei 14, 2025;BEJO JAHE MERAH HERBAL 12 SC, KOMIX HERBAL ORI PACK, CEREBROFORT GOLD STRAWBERY, CEREBROFORT MG MGA SCH, CEREBROFORT MG JRK SCH, CEREBROFORT MG STRAW SCH, FATIGON SPIRIT BOX 10X6S, SAKATONIK ABC STRAW 30TAB
125050297;Mei 14, 2025;BEJO JAHE MERAH HERBAL 12 SC, KOMIX HERBAL ORI PACK, CEREBROFORT GOLD STRAWBERY, CEREBROFORT M.G. AGGR SCH, CEREBROFORT MG MGA SCH, CEREBROFORT MG JRK SCH, CEREBROFORT MG STRAW SCH, SAKATONIK ABC STRAW 30TAB, SKT ABC CURCUMA MADU
125050299;Mei 14, 2025;BEJO JAHE MERAH HERBAL 12 SC, KOMIX HERBAL ORI PACK, CEREBROFORT GOLD ORANGE 100 ML, CEREBROFORT GOLD STRAWBERY, CEREBROFORT MG MGA SCH, CEREBROFORT MG JRK SCH, CEREBROFORT MG STRAW SCH, SAKATONIK ABC STRAW 30TAB
125050310;Mei 14, 2025;KOMIX JAHE G-FORMULA BOX, KOMIX OBH PE
125050311;Mei 14, 2025;KOMIX J.NIPIS G-FORMULA B, KOMIX OBH PE
125050321;Mei 14, 2025;KOMIX HERBAL LEMON, KOMIX HERBAL 15 ML
125050325;Mei 14, 2025;KALPANAX KRIM 10 GR, KOMIX HERBAL LEMON, KOMIX HERBAL 15 ML, KOMIX OBH PE, PROMAG TABLET
125050326;Mei 14, 2025;BEJO JAHE MERAH HERBAL 6S MT, WOODS NATURALS SYR 60 ML
125050328;Mei 14, 2025;BEJO JAHE MERAH HERBAL 12 SC, KOMIX HERBAL LEMON, KOMIX HERBAL 15 ML, KOMIX HERBAL PEPPERMINT, KOMIX OBH PE, SAKATONIK ABC ANGGUR30TAB
125050331;Mei 14, 2025;PROMAG HERBAL 15 ML, CEREBROFORT M.G. AGGR SCH, CEREBROFORT MG MGA SCH
125050333;Mei 14, 2025;KALPANAX K CREAM 5 GR, KALPANAX SALEP 6G/12, KALPANAX KRIM 10 GR, ENTROSTOP 10'S, PROMAG TABLET, SAKATONIK ABC ANTARIKSA 30 TAB, SAKATONIK ABC ANGGUR30TAB, SAKATONIK ABC ORANGE 30TAB, SKT ABC CURCUMA MADU
125050337;Mei 14, 2025;KOMIX JAHE G-FORMULA BOX, KOMIX J.NIPIS G-FORMULA B
125050338;Mei 14, 2025;BEJO JAHE MERAH HERBAL 6S MT, CEREBROFORT M.G. AGGR SCH, CEREBROFORT MG JRK SCH, CEREBROFORT MG STRAW SCH
125050340;Mei 14, 2025;BEJO JAHE MERAH HERBAL 12 SC, SAKATONIK ABC STRAW 30TAB, SAKATONIK ABC ORANGE 30TAB
125050370;Mei 14, 2025;CEREBROFORT M.G. AGGR SCH, CEREBROFORT MG STRAW SCH
125050377;Mei 14, 2025;BEJO JAHE MERAH HERBAL 6S MT, EXTRA JOSS SPORT GEL 2 TB
125050389;Mei 14, 2025;CEREBROFORT MG STRAW SCH, SAKATONIK ABC ANTARIKSA 30 TAB, SKT ABC CURCUMA MADU
125050438;Mei 14, 2025;BEJO JAHE MERAH HERBAL 12 SC, KOMIX HERBAL ORI PACK, CEREBROFORT GOLD STRAWBERY, CEREBROFORT M.G. AGGR SCH, CEREBROFORT MG MGA SCH, CEREBROFORT MG JRK SCH, CEREBROFORT MG STRAW SCH
125050440;Mei 14, 2025;BEJO JAHE MERAH HERBAL 12 SC, KOMIX HERBAL ORI PACK, CEREBROFORT GOLD STRAWBERY, CEREBROFORT MG MGA SCH
125050441;Mei 14, 2025;BEJO JAHE MERAH HERBAL 12 SC, KOMIX HERBAL ORI PACK, CEREBROFORT GOLD STRAWBERY, CEREBROFORT M.G. AGGR SCH, CEREBROFORT MG MGA SCH, CEREBROFORT MG JRK SCH, CEREBROFORT MG STRAW SCH
125050462;Mei 14, 2025;BEJO JAHE MERAH HERBAL 12 SC, KOMIX HERBAL ORI PACK, EXTRA JOSS ACTIVE 12SCH
125050470;Mei 14, 2025;BEJO JAHE MERAH HERBAL 12 SC, CEREBROFORT GOLD STRAWBERY, KOMIX HERBAL 15 ML, KOMIX HERBAL ORI PACK, CEREBROFORT MG MGA SCH, CEREBROFORT MG JRK SCH, CEREBROFORT MG STRAW SCH, FATIGON SPIRIT BOX 10X6S
125050479;Mei 14, 2025;KOMIX KID STRAWBERRY PACK, KOMIX KID OBH PE
125050498;Mei 14, 2025;KOMIX OBH PE, WOODS EXPECTORANT 60 ML, CEREBROFORT MG JRK SCH
125050505;Mei 14, 2025;CEREBROFORT GOLD ORANGE 100 ML, CEREBROFORT GOLD ORANGE 200 ML, CEREBROFORT GOLD STRAWBERY
125050508;Mei 14, 2025;SKT ACTIV SIRUP 100 ML, WOODS EXPECTORANT 60 ML
125050512;Mei 14, 2025;CEREBROFORT GOLD ORANGE 200 ML, CEREBROFORT GOLD STRAWBERY, SKT ACTIV SIRUP 100 ML, CEREBROFORT M.G. AGGR SCH, CEREBROFORT MG MGA SCH, CEREBROFORT MG JRK SCH, CEREBROFORT MG STRAW SCH, SKT ABC CURCUMA MADU
125050520;Mei 14, 2025;ENTROSTOP HERBAL ANAK, SKT ACTIV SIRUP 100 ML, SKT ACTIV SIRUP 300 ML, FATIGON SPIRIT BOX 10X6S
125050521;Mei 14, 2025;ENTROSTOP HERBAL ANAK, ENTROSTOP 10'S
125050529;Mei 14, 2025;KALPANAX K CREAM 5 GR, KALPANAX SALEP 6G/12, PROMAG SUSPENSI BTL 60 ML, CEREBROFORT M.G. AGGR SCH, CEREBROFORT MG MGA SCH, CEREBROFORT MG JRK SCH, CEREBROFORT MG STRAW SCH, ENTROSTOP 10'S, PROCOLD FLU PE
125050532;Mei 14, 2025;MIXAGRIP HERBAL GREGES, FATIGON SPIRIT BOX 10X6S
125050534;Mei 14, 2025;PROMAG TABLET, WOODS LOZENGES CHERRY 6'S, WOODS LOZENGES 6'S, WOODS LOZ HONEY LEMON
125050537;Mei 14, 2025;CEREBROFORT GOLD STRAWBERY, ENTROSTOP 10'S
125050557;Mei 14, 2025;BEJO JAHE MERAH HERBAL 12 SC, KOMIX HERBAL ORI PACK, CEREBROFORT GOLD STRAWBERY, CEREBROFORT MG MGA SCH, CEREBROFORT MG JRK SCH, FATIGON SPIRIT BOX 10X6S, EXTRA JOSS ULTIMATE LIQ/24 CAN
125050558;Mei 14, 2025;BEJO JAHE MERAH HERBAL 12 SC, KOMIX HERBAL ORI PACK, CEREBROFORT GOLD STRAWBERY
125050560;Mei 14, 2025;BEJO JAHE MERAH HERBAL 12 SC, CEREBROFORT GOLD STRAWBERY, KOMIX HERBAL ORI PACK, CEREBROFORT M.G. AGGR SCH, CEREBROFORT MG MGA SCH, CEREBROFORT MG JRK SCH, CEREBROFORT MG STRAW SCH
125050566;Mei 14, 2025;BEJO ANAK JAHE MERAH 5S, BEJO JAHE MERAH HERBAL 12 SC, KOMIX HERBAL JAHE, KOMIX HERBAL 15 ML, KOMIX HERBAL ORI PACK, B7 SLASI JERUK NIPIS 12'S
125050567;Mei 14, 2025;CEREBROFORT GOLD STRAWBERY, MIXAGRIP HERBAL GREGES, CEREBROFORT M.G. AGGR SCH, CEREBROFORT MG MGA SCH, CEREBROFORT MG JRK SCH, CEREBROFORT MG STRAW SCH
125050571;Mei 14, 2025;KOMIX HERBAL JAHE, KOMIX HERBAL ORI PACK, PROMAG HERBAL 15 ML, B7 SLASI JERUK NIPIS 12'S, EXTRA JOSS ACTIVE 12SCH
125050575;Mei 14, 2025;FATIGON SPIRIT BOX 10X6S, PROMAG TABLET, SAKATONIK ABC ANGGUR30TAB, SAKATONIK ABC ORANGE 30TAB
125050576;Mei 14, 2025;SKT ACTIV SIRUP 300 ML, ENTROSTOP 10'S, PROMAG TABLET
125050577;Mei 14, 2025;CEREBROFORT GOLD ORANGE 100 ML, CEREBROFORT GOLD STRAWBERY, PROMAG TABLET
125050580;Mei 14, 2025;PROMAG SUSPENSI BTL 60 ML, PROMAG TABLET
125050582;Mei 14, 2025;KOMIX HERBAL JAHE, KOMIX HERBAL ORI PACK, KOMIX HERBAL PEPPERMINT, KOMIX KID OBH PE, KOMIX OBH PE, KALPANAX K CREAM 5 GR
125050619;Mei 14, 2025;FATIGON KAPLET 10X6S, FATIGON SPIRIT BOX 10X6S
125050624;Mei 14, 2025;KOMIX JAHE G-FORMULA BOX, KOMIX J.NIPIS G-FORMULA B
125050681;Mei 15, 2025;EXTRA JOSS ACTIVE 12SCH, FATIGON SPIRIT BOX 10X6S
125050688;Mei 15, 2025;KALPANAX K CREAM 5 GR, SKT ACTIV SIRUP 300 ML, PROMAG TABLET, SAKATONIK ABC ANGGUR30TAB
125050690;Mei 15, 2025;KOMIX HERBAL LEMON, KOMIX OBH PE
125050693;Mei 15, 2025;ENTROSTOP HERBAL ANAK, WOODS NATURALS SYR 60 ML
125050737;Mei 15, 2025;BEJO JAHE MERAH HERBAL 12 SC, CEREBROFORT GOLD STRAWBERY, KOMIX HERBAL ORI PACK
125050743;Mei 15, 2025;KOMIX HERBAL 15 ML, EXTRA JOSS ACTIVE 12SCH
125050787;Mei 15, 2025;WAISAN NEW FORMULA  /LUSIN, CEREBROFORT GOLD ORANGE 100 ML, WOODS NATURALS SYR 60 ML, SAKATONIK ABC ORANGE 30TAB
125050822;Mei 15, 2025;PROMAG SUSPENSI BTL 60 ML, FATIGON SPIRIT BOX 10X6S, SAKATONIK ABC ANTARIKSA 30 TAB
125050823;Mei 15, 2025;CEREBROFORT GOLD ORANGE 100 ML, CEREBROFORT GOLD ORANGE 200 ML, WOODS LOZENGES CHERRY 6'S, WOODS LOZENGES 6'S, WOODS LOZ HONEY LEMON
125050831;Mei 15, 2025;WOODS EXPECTORANT 60 ML, WOODS EXPECTORANT 100 ML
125050844;Mei 15, 2025;BEJO JAHE MERAH HERBAL 12 SC, SAKATONIK ABC ANGGUR30TAB
125050851;Mei 15, 2025;KOMIX HERBAL LEMON, SKT ACTIV SIRUP 100 ML, SKT ACTIV SIRUP 300 ML
125050854;Mei 15, 2025;ENTROSTOP HERBAL ANAK, SAKATONIK ABC ANTARIKSA 30 TAB, SAKATONIK ABC ANGGUR30TAB
125050863;Mei 15, 2025;BEJO JAHE MERAH HERBAL 12 SC, KOMIX HERBAL ORI PACK, CEREBROFORT GOLD STRAWBERY, CEREBROFORT M.G. AGGR SCH, CEREBROFORT MG MGA SCH, CEREBROFORT MG JRK SCH, CEREBROFORT MG STRAW SCH, SAKATONIK ABC STRAWBERRY
125050878;Mei 15, 2025;KOMIX JAHE G-FORMULA BOX, KOMIX J.NIPIS G-FORMULA B
125050891;Mei 15, 2025;BEJO ANAK JAHE MERAH 5S, BEJO JAHE MERAH HERBAL 12 SC, KOMIX HERBAL 15 ML, KOMIX HERBAL ORI PACK, CEREBROFORT GOLD STRAWBERY, PROMAG HERBAL 15 ML, CEREBROFORT MG MGA SCH, CEREBROFORT MG STRAW SCH, FATIGON SPIRIT BOX 10X6S
125050894;Mei 15, 2025;BEJO ANAK JAHE MERAH 5S, BEJO JAHE MERAH HERBAL 12 SC, CEREBROFORT GOLD STRAWBERY, KOMIX HERBAL ORI PACK, CEREBROFORT MG MGA SCH, CEREBROFORT MG JRK SCH
125050896;Mei 15, 2025;BEJO JAHE MERAH HERBAL 12 SC, KOMIX HERBAL 15 ML, KOMIX HERBAL ORI PACK, CEREBROFORT GOLD STRAWBERY, CEREBROFORT M.G. AGGR SCH, CEREBROFORT MG MGA SCH, CEREBROFORT MG JRK SCH, CEREBROFORT MG STRAW SCH, SAKATONIK ABC STRAWBERRY
125050897;Mei 15, 2025;BEJO JAHE MERAH HERBAL 12 SC, KOMIX HERBAL ORI PACK, CEREBROFORT GOLD STRAWBERY, MIXAGRIP HERBAL GREGES, CEREBROFORT M.G. AGGR SCH, CEREBROFORT MG MGA SCH, CEREBROFORT MG JRK SCH, CEREBROFORT MG STRAW SCH, SAKATONIK ABC STRAWBERRY
125050903;Mei 15, 2025;KOMIX HERBAL ORI PACK, WOODS EXPECTORANT 60 ML, WOODS EXPECTORANT 100 ML
125050950;Mei 15, 2025;CEREBROFORT GOLD ORANGE 200 ML, WOODS EXPECTORANT 60 ML, SAKATONIK ABC ANTARIKSA 30 TAB, SAKATONIK ABC ANGGUR30TAB
125050953;Mei 15, 2025;SAKATONIK ABC STRAWBERRY, SAKATONIK ABC ANGGUR30TAB, SAKATONIK ABC ORANGE 30TAB
125050965;Mei 15, 2025;BEJO JAHE MERAH HERBAL 12 SC, CEREBROFORT GOLD STRAWBERY, KOMIX HERBAL ORI PACK, CEREBROFORT MG MGA SCH, CEREBROFORT MG JRK SCH, CEREBROFORT MG STRAW SCH, FATIGON SPIRIT BOX 10X6S
125050969;Mei 15, 2025;BEJO JAHE MERAH HERBAL 12 SC, CEREBROFORT GOLD STRAWBERY, KOMIX HERBAL ORI PACK, CEREBROFORT MG MGA SCH, CEREBROFORT MG JRK SCH, CEREBROFORT MG STRAW SCH
125051014;Mei 15, 2025;KOMIX HERBAL JERUK NIPIS, KOMIX HERBAL ORI PACK
125051049;Mei 15, 2025;EJ SPORT GEL ORANGE 5 TB, EXTRA JOSS SPORT 5 TB
125051065;Mei 15, 2025;KALPANAX K CREAM 5 GR, ENTROSTOP 10'S
125051068;Mei 15, 2025;KALPANAX SALEP 6G/12, CEREBROFORT M.G. AGGR SCH, CEREBROFORT MG STRAW SCH, SAKATONIK ABC ANTARIKSA 30 TAB, SKT ABC CURCUMA MADU
125051085;Mei 15, 2025;BEJO JAHE MERAH HERBAL 12 SC, KOMIX HERBAL JAHE, KOMIX HERBAL ORI PACK
125051090;Mei 15, 2025;EXTRA JOSS ACTIVE 12SCH, MIXAGRIP HERBAL GREGES
125051094;Mei 15, 2025;CEREBROFORT GOLD ORANGE 100 ML, CEREBROFORT GOLD ORANGE 200 ML, CEREBROFORT GOLD STRAWBERY
125051098;Mei 15, 2025;KALPANAX K CREAM 5 GR, BEJO JAHE MERAH HERBAL 12 SC, CEREBROFORT GOLD STRAWBERY, KOMIX JAHE G-FORMULA BOX, KOMIX J.NIPIS G-FORMULA B, KOMIX HERBAL JAHE, KOMIX HERBAL 15 ML, KOMIX HERBAL ORI PACK, PROMAG HERBAL 15 ML, ENTROSTOP 10'S, CEREBROFORT MG MGA SCH, CEREBROFORT MG JRK SCH, CEREBROFORT MG STRAW SCH
125051102;Mei 15, 2025;KOMIX J.NIPIS G-FORMULA B, PUYER OSK BT NO.16/BOX, KALPANAX SALEP 6G/12, FATIGON SPIRIT BOX 10X6S, MIXAGRIP FLU &BATUK PE, ENTROSTOP 10'S, PROMAG TABLET
125051105;Mei 15, 2025;KOMIX HERBAL LEMON, KOMIX KID OBH PE, WOODS EXPECTORANT 60 ML, WOODS NATURALS SYR 60 ML
125051108;Mei 15, 2025;WAISAN NEW FORMULA  /LUSIN, CEREBROFORT GOLD STRAWBERY, PROMAG HERBAL 15 ML
125051115;Mei 15, 2025;WOODS EXPECTORANT 60 ML, WOODS EXPECTORANT 100 ML
125051117;Mei 15, 2025;PROMAG SUSPENSI BTL 60 ML, PROMAG SUSPENSI 10ML/6
125051124;Mei 15, 2025;BEJO JAHE MERAH HERBAL 12 SC, KOMIX HERBAL ORI PACK, CEREBROFORT GOLD STRAWBERY, CEREBROFORT M.G. AGGR SCH, CEREBROFORT MG MGA SCH, CEREBROFORT MG JRK SCH, CEREBROFORT MG STRAW SCH
125051126;Mei 15, 2025;BEJO JAHE MERAH HERBAL 12 SC, KOMIX HERBAL ORI PACK, CEREBROFORT GOLD STRAWBERY, MIXAGRIP HERBAL GREGES, CEREBROFORT M.G. AGGR SCH, CEREBROFORT MG MGA SCH, CEREBROFORT MG JRK SCH, CEREBROFORT MG STRAW SCH
125051155;Mei 15, 2025;BEJO JAHE MERAH HERBAL 12 SC, EXTRA JOSS ACTIVE 12SCH, EXTRA JOSS ULTIMATE LIQ/24 CAN
125051175;Mei 16, 2025;KALPANAX K CREAM 5 GR, PROMAG HERBAL 15 ML
125051186;Mei 16, 2025;KOMIX HERBAL 15 ML, KOMIX HERBAL ORI PACK, KOMIX HERBAL PEPPERMINT
125051206;Mei 16, 2025;KOMIX OBH PE, PROMAG TABLET
125051208;Mei 16, 2025;BEJO JAHE MERAH HERBAL 12 SC, CEREBROFORT GOLD STRAWBERY, KOMIX HERBAL ORI PACK, CEREBROFORT M.G. AGGR SCH, CEREBROFORT MG MGA SCH, CEREBROFORT MG JRK SCH, CEREBROFORT MG STRAW SCH
125051209;Mei 16, 2025;BEJO JAHE MERAH HERBAL 12 SC, CEREBROFORT GOLD STRAWBERY, KOMIX HERBAL ORI PACK, MIXAGRIP HERBAL GREGES, CEREBROFORT M.G. AGGR SCH, CEREBROFORT MG MGA SCH, CEREBROFORT MG JRK SCH, CEREBROFORT MG STRAW SCH
125051219;Mei 16, 2025;SAKATONIK ABC ANTARIKSA 30 TAB, SAKATONIK ABC ANGGUR30TAB, SAKATONIK ABC ORANGE 30TAB
125051245;Mei 16, 2025;KOMIX HERBAL LEMON, KOMIX HERBAL ORI PACK, KOMIX HERBAL PEPPERMINT, KOMIX OBH PE, SKT ACTIV SIRUP 100 ML, WOODS EXPECTORANT 60 ML, WOODS EXPECTORANT 100 ML, WOODS NATURALS SYR 60 ML, WOODS LOZENGES 6'S
125051246;Mei 16, 2025;CEREBROFORT GOLD ORANGE 200 ML, ENTROSTOP HERBAL ANAK
125051260;Mei 16, 2025;PROMAG HERBAL 15 ML, PROMAG TABLET
125051262;Mei 16, 2025;FATIGON SPIRIT BOX 10X6S, SAKATONIK ABC ORANGE 30TAB
125051269;Mei 16, 2025;B7 SLASI JERUK NIPIS 12'S, PUYER OSK BT NO.16/BOX, CEREBROFORT GOLD ORANGE 200 ML
125051312;Mei 16, 2025;BEJO JAHE MERAH HERBAL 12 SC, CEREBROFORT GOLD STRAWBERY, KOMIX HERBAL ORI PACK, EXTRA JOSS ACTIVE 12SCH, CEREBROFORT M.G. AGGR SCH, CEREBROFORT MG MGA SCH, CEREBROFORT MG JRK SCH, CEREBROFORT MG STRAW SCH, EXTRA JOSS ULTIMATE LIQ/24 CAN
125051338;Mei 16, 2025;KOMIX HERBAL LEMON, KOMIX HERBAL 15 ML
125051347;Mei 16, 2025;KOMIX JAHE G-FORMULA BOX, KOMIX KID STRAWBERRY PACK, KOMIX J.NIPIS G-FORMULA B, KOMIX PEPP.G-FORMULA BOX, MIXAGRIP FLU &BATUK PE, PROCOLD FLU BATUK PE
125051350;Mei 16, 2025;BEJO ANAK JAHE MERAH 5S, B7 SLASI JERUK NIPIS 12'S, EXTRA JOSS ACTIVE 12SCH, EXTRA JOSS MANGGA LAKI
125051356;Mei 16, 2025;ENTROSTOP HERBAL ANAK, PROMAG HERBAL 15 ML, SAKATONIK ABC ANGGUR30TAB, SAKATONIK ABC ORANGE 30TAB, SKT ABC CURCUMA MADU
125051360;Mei 16, 2025;BEJO JAHE MERAH HERBAL 12 SC, PROMAG TABLET
125051377;Mei 16, 2025;KOMIX HERBAL 15 ML, ENTROSTOP 10'S, PROMAG TABLET
125051382;Mei 16, 2025;WOODS EXPECTORANT 60 ML, WOODS EXPECTORANT 100 ML
125051392;Mei 16, 2025;BEJO JAHE MERAH HERBAL 12 SC, CEREBROFORT GOLD STRAWBERY, KOMIX HERBAL ORI PACK, MIXAGRIP HERBAL GREGES, CEREBROFORT M.G. AGGR SCH, CEREBROFORT MG MGA SCH, CEREBROFORT MG JRK SCH, CEREBROFORT MG STRAW SCH
125051394;Mei 16, 2025;KOMIX OBH PE, CEREBROFORT GOLD STRAWBERY
125051441;Mei 16, 2025;PROMAG SUSPENSI 10ML/6, WOODS EXPECTORANT 60 ML
125051460;Mei 16, 2025;BEJO JAHE MERAH HERBAL 12 SC, KOMIX HERBAL ORI PACK, CEREBROFORT GOLD STRAWBERY, CEREBROFORT M.G. AGGR SCH, CEREBROFORT MG MGA SCH, CEREBROFORT MG JRK SCH, CEREBROFORT MG STRAW SCH, FATIGON SPIRIT BOX 10X6S
125051468;Mei 16, 2025;BEJO JAHE MERAH HERBAL 12 SC, CEREBROFORT MG MGA SCH, CEREBROFORT MG JRK SCH
125051509;Mei 16, 2025;WOODS COUGH SYR ATT  60ML, PROCOLD FLU BATUK PE
125051517;Mei 16, 2025;KOMIX JAHE G-FORMULA BOX, KOMIX J.NIPIS G-FORMULA B, KOMIX OBH PE
125051539;Mei 16, 2025;KOMIX OBH PE, PROMAG TABLET, WOODS LOZENGES CHERRY 6'S, WOODS LOZENGES 6'S, WOODS LOZ HONEY LEMON 2'S, WOODS LOZENGES ORANGE VITAMIN C
125051540;Mei 16, 2025;ENTROSTOP HERBAL ANAK, KOMIX HERBAL 15 ML, PROMAG TABLET
125051543;Mei 16, 2025;KOMIX HERBAL PEPPERMINT, KOMIX KID OBH PE
125051546;Mei 16, 2025;KALPANAX K CREAM 5 GR, KALPANAX SALEP 6G/12, KALPANAX KRIM 10 GR
125051554;Mei 16, 2025;KOMIX OBH PE, KALPANAX K CREAM 5 GR, KALPANAX SALEP 6G/12
125051563;Mei 16, 2025;WOODS COUGH SYR ATT 100ML, WOODS COUGH SYR ATT  60ML
125051564;Mei 16, 2025;WOODS COUGH SYR ATT 100ML, WOODS COUGH SYR ATT  60ML
125051565;Mei 16, 2025;WOODS COUGH SYR ATT 100ML, WOODS COUGH SYR ATT  60ML
125051570;Mei 16, 2025;SAKATONIK ABC ANGGUR30TAB, SAKATONIK ABC ORANGE 30TAB
125051571;Mei 16, 2025;MIXAGRIP FLU KAPLET 25X4, PROMAG TABLET
125051576;Mei 16, 2025;CEREBROFORT GOLD ORANGE 100 ML, CEREBROFORT GOLD STRAWBERY, KOMIX HERBAL JAHE, KOMIX HERBAL PEPPERMINT, WOODS EXPECTORANT 60 ML, SAKATONIK ABC ANGGUR30TAB
125051594;Mei 16, 2025;ENTROSTOP HERBAL ANAK, PROMAG HERBAL 15 ML, PROMAG TABLET
125051626;Mei 16, 2025;BEJO JAHE MERAH HERBAL 12 SC, KOMIX HERBAL JAHE, KOMIX HERBAL ORI PACK
125051629;Mei 16, 2025;KALPANAX K CREAM 5 GR, CEREBROFORT M.G. AGGR SCH, CEREBROFORT MG MGA SCH, CEREBROFORT MG JRK SCH, CEREBROFORT MG STRAW SCH
125051656;Mei 17, 2025;KOMIX HERBAL JAHE, KOMIX HERBAL JERUK NIPIS, KOMIX HERBAL ORI PACK, KOMIX HERBAL PEPPERMINT, MIXAGRIP FLU KAPLET 25X4, PROMAG TABLET, WOODS LOZENGES 6'S
125051659;Mei 17, 2025;BEJO JAHE MERAH HERBAL 12 SC, EXTRA JOSS ACTIVE 12SCH, WOODS LOZ HONEY LEMON, WOODS LOZENGES ORANGE VITAMIN C
125051669;Mei 17, 2025;KALPANAX K CREAM 5 GR, CEREBROFORT GOLD STRAWBERY, KOMIX HERBAL LEMON, KOMIX HERBAL 15 ML, ENTROSTOP 10'S, SKT ACTIV SIRUP 300 ML, WOODS EXPECTORANT 60 ML
125051674;Mei 17, 2025;SKT ACTIV SIRUP 100 ML, SKT ACTIV SIRUP 300 ML, PROMAG TABLET, SAKATONIK ABC ANTARIKSA 30 TAB, SAKATONIK ABC STRAWBERRY, SAKATONIK ABC ANGGUR30TAB, SAKATONIK ABC ORANGE 30TAB
125051688;Mei 17, 2025;CEREBROFORT GOLD STRAWBERY, PROMAG SUSPENSI BTL 60 ML
125051702;Mei 17, 2025;CEREBROFORT GOLD ORANGE 100 ML, CEREBROFORT GOLD ORANGE 200 ML, CEREBROFORT GOLD STRAWBERY
125051710;Mei 17, 2025;SAKATONIK ABC ANTARIKSA 30 TAB, SAKATONIK ABC ANGGUR30TAB, SAKATONIK ABC ORANGE 30TAB
125051726;Mei 17, 2025;CEREBROFORT MG JRK SCH, CEREBROFORT MG STRAW SCH, FATIGON SPIRIT BOX 10X6S
125051733;Mei 17, 2025;KOMIX HERBAL LEMON, PROMAG SUSPENSI 10ML/6
125051734;Mei 17, 2025;CEREBROFORT GOLD ORANGE 100 ML, CEREBROFORT GOLD ORANGE 200 ML, CEREBROFORT GOLD STRAWBERY, PROMAG HERBAL 15 ML
125051742;Mei 17, 2025;PROMAG HERBAL 15 ML, ENTROSTOP 10'S, SAKATONIK ABC ANGGUR30TAB, SKT ABC CURCUMA MADU
125051746;Mei 17, 2025;SAKATONIK ABC ANTARIKSA 30 TAB, SAKATONIK ABC ANGGUR30TAB, SAKATONIK ABC ORANGE 30TAB
125051773;Mei 17, 2025;PROMAG SUSPENSI 10ML/6, SAKATONIK ABC STRAWBERRY, SAKATONIK ABC ANGGUR30TAB
125051777;Mei 17, 2025;BEJO JAHE MERAH HERBAL 12 SC, KOMIX HERBAL ORI PACK, CEREBROFORT GOLD STRAWBERY, CEREBROFORT MG MGA SCH, CEREBROFORT MG JRK SCH, CEREBROFORT MG STRAW SCH
125051793;Mei 17, 2025;KALPANAX SALEP 6G/12, KALPANAX KRIM 10 GR, CEREBROFORT M.G. AGGR SCH, CEREBROFORT MG MGA SCH, CEREBROFORT MG JRK SCH, CEREBROFORT MG STRAW SCH, SAKATONIK ABC ANTARIKSA 30 TAB, SAKATONIK ABC ANGGUR30TAB, SKT ABC CURCUMA MADU
125051795;Mei 17, 2025;BEJO JAHE MERAH HERBAL 6S MT, KOMIX HERBAL JAHE, KOMIX HERBAL LEMON, KOMIX HERBAL JERUK NIPIS, KOMIX HERBAL PEPPERMINT
125051797;Mei 17, 2025;CEREBROFORT GOLD ORANGE 100 ML, CEREBROFORT GOLD ORANGE 200 ML, CEREBROFORT GOLD STRAWBERY
125051800;Mei 17, 2025;KOMIX HERBAL JAHE, KOMIX HERBAL LEMON, KOMIX HERBAL JERUK NIPIS, KOMIX HERBAL 15 ML, KOMIX HERBAL ORI PACK, ENTROSTOP HERBAL ANAK, WOODS EXPECTORANT 60 ML
125051802;Mei 17, 2025;BEJO JAHE MERAH HERBAL 12 SC, KALPANAX K CREAM 5 GR, KALPANAX SALEP 6G/12
125051808;Mei 17, 2025;KALPANAX K CREAM 5 GR, CEREBROFORT GOLD STRAWBERY, WOODS EXPECTORANT 60 ML
125051810;Mei 17, 2025;KALPANAX K CREAM 5 GR, PROMAG SUSPENSI 10ML/6, PROMAG TABLET, SAKATONIK ABC ANTARIKSA 30 TAB, SAKATONIK ABC ANGGUR30TAB, SAKATONIK ABC ORANGE 30TAB
125051814;Mei 17, 2025;KOMIX HERBAL LEMON, PROMAG SUSPENSI 10ML/6
125051874;Mei 17, 2025;BEJO JAHE MERAH HERBAL 12 SC, CEREBROFORT GOLD STRAWBERY, KOMIX HERBAL ORI PACK, MIXAGRIP HERBAL GREGES, CEREBROFORT M.G. AGGR SCH, CEREBROFORT MG MGA SCH, CEREBROFORT MG JRK SCH, CEREBROFORT MG STRAW SCH
125051879;Mei 17, 2025;CEREBROFORT GOLD ORANGE 100 ML, CEREBROFORT GOLD STRAWBERY, MIXAGRIP HERBAL GREGES, PROMAG HERBAL 15 ML, CEREBROFORT M.G. AGGR SCH, CEREBROFORT MG STRAW SCH, MIXAGRIP FLU &BATUK PE, WOODS LOZENGES 6'S
125051880;Mei 17, 2025;BEJO JAHE MERAH HERBAL 12 SC, KOMIX KID STRAWBERRY PACK, KOMIX J.NIPIS G-FORMULA B, KOMIX PEPP.G-FORMULA BOX, KOMIX KID OBH PE, KOMIX OBH PE, CEREBROFORT GOLD STRAWBERY
125051881;Mei 17, 2025;KOMIX KID STRAWBERRY PACK, KOMIX J.NIPIS G-FORMULA B, KOMIX PEPP.G-FORMULA BOX, WOODS COUGH SYR ATT 100ML, PROCOLD FLU BATUK PE
125051882;Mei 17, 2025;BEJO JAHE MERAH HERBAL 6S MT, CEREBROFORT GOLD ORANGE 100 ML, CEREBROFORT GOLD ORANGE 200 ML, CEREBROFORT GOLD STRAWBERY, KOMIX HERBAL LEMON, KOMIX HERBAL 15 ML, KOMIX OBH PE, PROMAG SUSPENSI BTL 60 ML, PROMAG HERBAL 15 ML, WOODS EXPECTORANT 100 ML, PUYER OSK BT NO.16/BOX, PROCOLD FLU PE, SAKATONIK ABC ANTARIKSA 30 TAB, SAKATONIK ABC STRAWBERRY
125051895;Mei 17, 2025;CEREBROFORT M.G. AGGR SCH, CEREBROFORT MG STRAW SCH
125051903;Mei 17, 2025;BEJO JAHE MERAH HERBAL 12 SC, KOMIX KID OBH PE, WOODS EXPECTORANT 60 ML
125051922;Mei 17, 2025;BEJO JAHE MERAH HERBAL 12 SC, EXTRA JOSS ACTIVE 12SCH
125051928;Mei 17, 2025;KALPANAX K CREAM 5 GR, ENTROSTOP 10'S
125051930;Mei 17, 2025;EXTRA JOSS ACTIVE 12SCH, EXTRA JOSS ULTIMATE LIQ/24 CAN
125051938;Mei 17, 2025;CEREBROFORT M.G. AGGR SCH, CEREBROFORT MG MGA SCH, CEREBROFORT MG JRK SCH, CEREBROFORT MG STRAW SCH, SAKATONIK ABC STRAWBERRY, SKT ABC CURCUMA MADU
125051949;Mei 17, 2025;KOMIX HERBAL 15 ML, SAKATONIK ABC ANGGUR30TAB
125051952;Mei 17, 2025;SAKATONIK ABC ANGGUR30TAB, SAKATONIK ABC ORANGE 30TAB
125051969;Mei 17, 2025;KOMIX JAHE G-FORMULA BOX, KOMIX J.NIPIS G-FORMULA B, KOMIX PEPP.G-FORMULA BOX
125051999;Mei 19, 2025;KOMIX J.NIPIS G-FORMULA B, KOMIX OBH PE
125052011;Mei 19, 2025;SKT ACTIV SIRUP 100 ML, SAKATONIK ABC ORANGE 30TAB
125052016;Mei 19, 2025;KOMIX HERBAL JERUK NIPIS, KOMIX HERBAL PEPPERMINT
125052017;Mei 19, 2025;KALPANAX K CREAM 5 GR, WOODS EXPECTORANT 100 ML, WOODS NATURALS SYR 60 ML
125052022;Mei 19, 2025;KOMIX HERBAL JERUK NIPIS, KOMIX HERBAL 15 ML, PROCOLD FLU PE, PROMAG TABLET
125052033;Mei 19, 2025;KOMIX HERBAL JAHE, KOMIX HERBAL LEMON, SAKATONIK ABC ANTARIKSA 30 TAB, SAKATONIK ABC ANGGUR30TAB
125052045;Mei 19, 2025;PROMAG HERBAL 15 ML, PROMAG TABLET
125052062;Mei 19, 2025;KALPANAX K CREAM 5 GR, PROMAG TABLET, SAKATONIK ACTIV MULTIVIT ZAT BESI - KAPLET 6S
125052063;Mei 19, 2025;WOODS EXPECTORANT 60 ML, WOODS NATURALS SYR 60 ML, XONCE TAB BOX 50'S
125052064;Mei 19, 2025;BEJO JAHE MERAH HERBAL 12 SC, CEREBROFORT GOLD ORANGE 200 ML, CEREBROFORT GOLD STRAWBERY, CEREBROFORT M.G. AGGR SCH, CEREBROFORT MG STRAW SCH
125052065;Mei 19, 2025;BEJO JAHE MERAH HERBAL 12 SC, PROMAG HERBAL 15 ML, SAKATONIK ABC ANTARIKSA 30 TAB, SAKATONIK ABC ANGGUR30TAB, SAKATONIK ABC ORANGE 30TAB
125052069;Mei 19, 2025;PROMAG SUSPENSI BTL 60 ML, SAKATONIK ABC STRAWBERRY
125052080;Mei 19, 2025;PROMAG SUSPENSI BTL 60 ML, PROMAG TABLET
125052088;Mei 19, 2025;WOODS COUGH SYR ATT  60ML, MIXAGRIP FLU &BATUK PE
125052089;Mei 19, 2025;KOMIX JAHE G-FORMULA BOX, KOMIX J.NIPIS G-FORMULA B, KOMIX PEPP.G-FORMULA BOX
125052147;Mei 19, 2025;KALPANAX K CREAM 5 GR, CEREBROFORT GOLD STRAWBERY, SAKATONIK ABC ANTARIKSA 30 TAB, SAKATONIK ABC ANGGUR30TAB, SAKATONIK ABC ORANGE 30TAB
125052154;Mei 19, 2025;KOMIX OBH PE, PROMAG TABLET
125052156;Mei 19, 2025;SKT ACTIV SIRUP 100 ML, SKT ACTIV SIRUP 300 ML, WOODS EXPECTORANT 60 ML, WOODS NATURALS SYR 60 ML
125052181;Mei 19, 2025;EJ SPORT GEL ORANGE 5 TB, EXTRA JOSS SPORT 5 TB
125052206;Mei 19, 2025;KOMIX HERBAL 15 ML, KOMIX HERBAL ORI PACK, B7 SLASI JERUK NIPIS 12'S, ENTROSTOP 10'S, SAKATONIK ABC ANTARIKSA 30 TAB, SAKATONIK ABC ANGGUR30TAB, SAKATONIK ABC ORANGE 30TAB, SKT ABC CURCUMA MADU
125052208;Mei 19, 2025;KOMIX HERBAL 15 ML, PROMAG SUSPENSI BTL 60 ML, PROMAG SUSPENSI 10ML/6
125052211;Mei 19, 2025;KALPANAX K CREAM 5 GR, BEJO JAHE MERAH HERBAL 12 SC, FATIGON KAPLET 10X6S
125052219;Mei 19, 2025;SAKATONIK ABC ANTARIKSA 30 TAB, SAKATONIK ABC ORANGE 30TAB
125052224;Mei 19, 2025;KOMIX HERBAL LEMON, KOMIX HERBAL JERUK NIPIS, KOMIX HERBAL 15 ML, KOMIX HERBAL ORI PACK, KALPANAX SALEP 6G/12
125052244;Mei 19, 2025;BEJO JAHE MERAH HERBAL 12 SC, KOMIX HERBAL ORI PACK, CEREBROFORT GOLD STRAWBERY, CEREBROFORT M.G. AGGR SCH, CEREBROFORT MG JRK SCH, CEREBROFORT MG STRAW SCH, FATIGON KAPLET 10X6S
125052245;Mei 19, 2025;BEJO JAHE MERAH HERBAL 12 SC, PROMAG HERBAL 15 ML
125052247;Mei 19, 2025;SKT ACTIV SIRUP 100 ML, WOODS COUGH SYR ATT  60ML, WOODS EXPECTORANT 60 ML, WOODS EXPECTORANT 100 ML, PROCOLD FLU BATUK PE, PROMAG TABLET, SAKATONIK ACTIV MULTIVIT ZAT BESI - KAPLET 6S, WOODS LOZENGES CHERRY 6'S, WOODS LOZENGES 6'S, WOODS LOZ HONEY LEMON, WOODS LOZENGES ORANGE VITAMIN C, XONCE TAB BOX 50'S
125052267;Mei 19, 2025;PROMAG SUSPENSI 10ML/6, WOODS EXPECTORANT 60 ML, SKT ABC CURCUMA MADU
125052276;Mei 19, 2025;SKT ACTIV SIRUP 100 ML, SAKATONIK ABC ORANGE 30TAB
125052278;Mei 19, 2025;ENTROSTOP 10'S, SAKATONIK ABC ANTARIKSA 30 TAB
125052285;Mei 19, 2025;KOMIX HERBAL LEMON, KOMIX HERBAL JERUK NIPIS, KOMIX HERBAL 15 ML, KOMIX HERBAL ORI PACK
125052293;Mei 19, 2025;WOODS COUGH SYR ATT 100ML, WOODS COUGH SYR ATT  60ML
125052297;Mei 19, 2025;WOODS EXPECTORANT 60 ML, SAKATONIK ABC ANTARIKSA 30 TAB, SAKATONIK ABC STRAWBERRY, SAKATONIK ABC ANGGUR30TAB, SKT ABC CURCUMA MADU
125052316;Mei 19, 2025;KOMIX HERBAL JERUK NIPIS, KOMIX HERBAL PEPPERMINT
125052319;Mei 19, 2025;KOMIX HERBAL JERUK NIPIS, KOMIX HERBAL PEPPERMINT, KOMIX OBH PE
125052320;Mei 19, 2025;WAISAN NEW FORMULA  /LUSIN, ENTROSTOP HERBAL ANAK
125052389;Mei 19, 2025;KOMIX JAHE G-FORMULA BOX, KOMIX J.NIPIS G-FORMULA B, KOMIX PEPP.G-FORMULA BOX, KOMIX OBH PE
125052397;Mei 19, 2025;BEJO JAHE MERAH HERBAL 12 SC, KOMIX HERBAL JAHE, KOMIX HERBAL JERUK NIPIS, KOMIX HERBAL ORI PACK, PROMAG SUSPENSI BTL 60 ML
125052402;Mei 19, 2025;PROMAG HERBAL 15 ML, PROMAG TABLET
125052403;Mei 19, 2025;ENTROSTOP 10'S, WOODS LOZENGES 6'S
125052407;Mei 19, 2025;KOMIX HERBAL JAHE, KOMIX HERBAL PEPPERMINT, B7 SLASI JERUK NIPIS 12'S, EXTRA JOSS ACTIVE 12SCH
125052413;Mei 19, 2025;SKT ACTIV SIRUP 100 ML, SKT ACTIV SIRUP 300 ML
125052414;Mei 19, 2025;SKT ACTIV SIRUP 100 ML, SKT ACTIV SIRUP 300 ML
125052415;Mei 19, 2025;KOMIX HERBAL JAHE, KOMIX HERBAL JERUK NIPIS
125052441;Mei 19, 2025;BEJO JAHE MERAH HERBAL 12 SC, CEREBROFORT GOLD STRAWBERY, EXTRA JOSS ULTIMATE LIQ/24 CAN, KOMIX HERBAL ORI PACK, MIXAGRIP HERBAL GREGES, CEREBROFORT M.G. AGGR SCH, CEREBROFORT MG STRAW SCH
125052486;Mei 19, 2025;KALPANAX K CREAM 5 GR, ENTROSTOP 10'S
125052487;Mei 19, 2025;PROMAG HERBAL 15 ML, SAKATONIK ABC ANGGUR30TAB, WOODS LOZENGES CHERRY 6'S, WOODS LOZENGES 6'S, WOODS LOZENGES ORANGE VITAMIN C, WOODS LOZENGES LEMON VITAMIN C
125052496;Mei 19, 2025;KOMIX J.NIPIS G-FORMULA B, WOODS COUGH SYR ATT  60ML
125052499;Mei 19, 2025;KALPANAX SALEP 6G/12, CEREBROFORT GOLD STRAWBERY, ENTROSTOP HERBAL ANAK, PROMAG HERBAL 15 ML, WOODS EXPECTORANT 60 ML, WOODS EXPECTORANT 100 ML, ENTROSTOP 10'S, SAKATONIK ABC ANTARIKSA 30 TAB, SAKATONIK ABC ANGGUR30TAB, SAKATONIK ABC ORANGE 30TAB, WOODS LOZENGES 6'S
125052531;Mei 19, 2025;KOMIX HERBAL JAHE, KOMIX HERBAL JERUK NIPIS, KOMIX HERBAL ORI PACK, KOMIX HERBAL PEPPERMINT
125052532;Mei 19, 2025;BEJO JAHE MERAH HERBAL 12 SC, CEREBROFORT GOLD STRAWBERY, CEREBROFORT M.G. AGGR SCH, CEREBROFORT MG JRK SCH, CEREBROFORT MG STRAW SCH, FATIGON KAPLET 10X6S
125052549;Mei 19, 2025;KOMIX JAHE G-FORMULA BOX, KOMIX J.NIPIS G-FORMULA B, KOMIX OBH PE
125052550;Mei 19, 2025;KOMIX JAHE G-FORMULA BOX, KOMIX KID STRAWBERRY PACK, KOMIX J.NIPIS G-FORMULA B, KOMIX KID OBH PE
125052554;Mei 19, 2025;BEJO JAHE MERAH HERBAL 12 SC, KOMIX HERBAL ORI PACK, EXTRA JOSS ACTIVE 12SCH, EXTRA JOSS ULTIMATE LIQ/24 CAN
125052555;Mei 19, 2025;EJ SPORT GEL ORANGE 5 TB, EXTRA JOSS SPORT 5 TB
125052557;Mei 19, 2025;WOODS COUGH SYR ATT 100ML, WOODS COUGH SYR ATT  60ML, MEXTRIL BATUK-TABLET BOX
125052558;Mei 19, 2025;KOMIX PEPP.G-FORMULA BOX, MIXAGRIP FLU &BATUK PE
125052577;Mei 20, 2025;KOMIX KID OBH PE, SKT ACTIV SIRUP 100 ML, SKT ACTIV SIRUP 300 ML
125052580;Mei 20, 2025;BEJO JAHE MERAH HERBAL 12 SC, EXTRA JOSS ULTIMATE LIQ/24 CAN
125052591;Mei 20, 2025;BEJO JAHE MERAH HERBAL 12 SC, KOMIX HERBAL ORI PACK, MIXAGRIP HERBAL GREGES, FATIGON KAPLET 10X6S, EXTRA JOSS ULTIMATE LIQ/24 CAN
125052595;Mei 20, 2025;KOMIX HERBAL JAHE, KOMIX HERBAL JERUK NIPIS, KOMIX HERBAL ORI PACK
125052605;Mei 20, 2025;PUYER OSK BT NO.16/BOX, ENTROSTOP HERBAL ANAK
125052618;Mei 20, 2025;WOODS EXPECTORANT 60 ML, WOODS EXPECTORANT 100 ML, WOODS NATURALS SYR 60 ML
125052619;Mei 20, 2025;BEJO JAHE MERAH HERBAL 12 SC, KOMIX HERBAL LEMON, KOMIX HERBAL 15 ML, CEREBROFORT M.G. AGGR SCH, CEREBROFORT MG JRK SCH, CEREBROFORT MG STRAW SCH
125052620;Mei 20, 2025;PROMAG SUSPENSI 10ML/6, PROMAG HERBAL 15 ML
125052628;Mei 20, 2025;BEJO JAHE MERAH HERBAL 12 SC, ENTROSTOP HERBAL ANAK, MIXAGRIP HERBAL GREGES, CEREBROFORT M.G. AGGR SCH, CEREBROFORT MG MGA SCH, CEREBROFORT MG JRK SCH, CEREBROFORT MG STRAW SCH, FATIGON KAPLET 10X6S
125052629;Mei 20, 2025;BEJO JAHE MERAH HERBAL 12 SC, KOMIX HERBAL ORI PACK, MIXAGRIP HERBAL GREGES, CEREBROFORT M.G. AGGR SCH, CEREBROFORT MG MGA SCH, CEREBROFORT MG JRK SCH, CEREBROFORT MG STRAW SCH, FATIGON KAPLET 10X6S
125052631;Mei 20, 2025;BEJO JAHE MERAH HERBAL 12 SC, EXTRA JOSS ULTIMATE LIQ/24 CAN, KOMIX HERBAL ORI PACK, CEREBROFORT M.G. AGGR SCH, CEREBROFORT MG MGA SCH, CEREBROFORT MG JRK SCH, CEREBROFORT MG STRAW SCH, FATIGON KAPLET 10X6S
125052632;Mei 20, 2025;KOMIX HERBAL 15 ML, KOMIX HERBAL ORI PACK, CEREBROFORT M.G. AGGR SCH, CEREBROFORT MG MGA SCH, CEREBROFORT MG JRK SCH, CEREBROFORT MG STRAW SCH
125052633;Mei 20, 2025;KALPANAX SALEP 6G/12, CEREBROFORT GOLD ORANGE 200 ML, PROMAG HERBAL 15 ML, PROMAG TABLET, SAKATONIK ABC ANGGUR30TAB
125052637;Mei 20, 2025;KALPANAX K CREAM 5 GR, KALPANAX SALEP 6G/12, SAKATONIK ABC ANTARIKSA 30 TAB, SAKATONIK ABC ANGGUR30TAB
125052639;Mei 20, 2025;WOODS EXPECTORANT 60 ML, SAKATONIK ABC ANGGUR30TAB
125052641;Mei 20, 2025;KALPANAX K CREAM 5 GR, ENTROSTOP 10'S
125052642;Mei 20, 2025;KOMIX HERBAL LEMON, KOMIX HERBAL 15 ML, WOODS EXPECTORANT 100 ML, MIXAGRIP FLU KAPLET 25X4
125052673;Mei 20, 2025;BEJO JAHE MERAH HERBAL 12 SC, KOMIX HERBAL JAHE, KOMIX HERBAL LEMON, KOMIX HERBAL JERUK NIPIS, KOMIX HERBAL 15 ML, KOMIX HERBAL ORI PACK, EXTRA JOSS ACTIVE 12SCH, CEREBROFORT M.G. AGGR SCH, CEREBROFORT MG MGA SCH, CEREBROFORT MG JRK SCH, CEREBROFORT MG STRAW SCH
125052682;Mei 20, 2025;KALPANAX K CREAM 5 GR, CEREBROFORT GOLD ORANGE 200 ML, WOODS EXPECTORANT 60 ML, WOODS EXPECTORANT 100 ML, SAKATONIK ABC ANTARIKSA 30 TAB
125052694;Mei 20, 2025;BEJO JAHE MERAH HERBAL 12 SC, SKT ACTIV SIRUP 300 ML, CEREBROFORT MG JRK SCH
125052702;Mei 20, 2025;BEJO JAHE MERAH HERBAL 12 SC, CEREBROFORT GOLD ORANGE 100 ML, KOMIX HERBAL ORI PACK, CEREBROFORT M.G. AGGR SCH, CEREBROFORT MG MGA SCH, CEREBROFORT MG JRK SCH, CEREBROFORT MG STRAW SCH, SAKATONIK ABC ANTARIKSA 30 TAB, SAKATONIK ABC ANGGUR30TAB, SKT ABC CURCUMA MADU
125052742;Mei 20, 2025;KALPANAX K CREAM 5 GR, SAKATONIK ABC ANTARIKSA 30 TAB, SAKATONIK ABC STRAWBERRY, SAKATONIK ABC ANGGUR30TAB
125052759;Mei 20, 2025;WAISAN NEW FORMULA  /LUSIN, PROMAG HERBAL 15 ML
125052770;Mei 20, 2025;BEJO JAHE MERAH HERBAL 12 SC, KOMIX HERBAL ORI PACK, EXTRA JOSS ACTIVE 12SCH, ENTROSTOP HERBAL ANAK, CEREBROFORT M.G. AGGR SCH, CEREBROFORT MG MGA SCH, CEREBROFORT MG JRK SCH, CEREBROFORT MG STRAW SCH
125052774;Mei 20, 2025;CEREBROFORT MG MGA SCH, CEREBROFORT MG JRK SCH, CEREBROFORT MG STRAW SCH
125052779;Mei 20, 2025;WOODS LOZENGES CHERRY 6'S, WOODS LOZENGES 6'S, WOODS LOZ HONEY LEMON
125052789;Mei 20, 2025;BEJO JAHE MERAH HERBAL 12 SC, KOMIX HERBAL ORI PACK, CEREBROFORT M.G. AGGR SCH, CEREBROFORT MG STRAW SCH, FATIGON KAPLET 10X6S, SAKATONIK ABC STRAWBERRY
125052803;Mei 20, 2025;BEJO JAHE MERAH HERBAL 12 SC, EXTRA JOSS ACTIVE 12SCH
125052813;Mei 20, 2025;BEJO JAHE MERAH HERBAL 12 SC, CEREBROFORT M.G. AGGR SCH, CEREBROFORT MG MGA SCH, CEREBROFORT MG JRK SCH, CEREBROFORT MG STRAW SCH
125052825;Mei 20, 2025;ENTROSTOP HERBAL ANAK, MIXAGRIP HERBAL GREGES, PROMAG HERBAL 15 ML, SKT ACTIV SIRUP 100 ML, FATIGON KAPLET 10X6S, MIXAGRIP FLU &BATUK PE, MIXAGRIP FLU KAPLET 25X4
125052826;Mei 20, 2025;CEREBROFORT GOLD ORANGE 100 ML, PROMAG SUSPENSI BTL 60 ML, MEXTRIL BATUK-TABLET BOX, SKT ABC CURCUMA MADU
125052831;Mei 20, 2025;KOMIX KID STRAWBERRY PACK, KOMIX J.NIPIS G-FORMULA B, KOMIX KID OBH PE
125052832;Mei 20, 2025;KOMIX JAHE G-FORMULA BOX, KOMIX J.NIPIS G-FORMULA B
125052858;Mei 20, 2025;FATIGON KAPLET 10X6S, WOODS LOZENGES CHERRY 6'S, WOODS LOZENGES 6'S
125052863;Mei 20, 2025;KOMIX HERBAL LEMON, KOMIX HERBAL 15 ML
125052867;Mei 20, 2025;MIXAGRIP FLU &BATUK PE, PROCOLD FLU BATUK PE
125052869;Mei 20, 2025;WOODS COUGH SYR ATT 100ML, WOODS COUGH SYR ATT  60ML
125052870;Mei 20, 2025;PROMAG HERBAL 15 ML, EXTRA JOSS ACTIVE 6 SCH, EXTRA JOSS GO RASA ANGGUR, CEREBROFORT M.G. AGGR SCH, CEREBROFORT MG MGA SCH, CEREBROFORT MG JRK SCH, CEREBROFORT MG STRAW SCH, XONCE TAB BOX 50'S
125052876;Mei 20, 2025;KALPANAX K CREAM 5 GR, CEREBROFORT GOLD ORANGE 100 ML, WOODS EXPECTORANT 100 ML, ENTROSTOP 10'S, PROMAG TABLET
125052946;Mei 20, 2025;KOMIX HERBAL JAHE, KOMIX HERBAL JERUK NIPIS
125052950;Mei 20, 2025;KOMIX JAHE G-FORMULA BOX, KOMIX J.NIPIS G-FORMULA B, KOMIX PEPP.G-FORMULA BOX, KOMIX KID OBH PE
125052960;Mei 20, 2025;CEREBROFORT MG MGA SCH, CEREBROFORT MG JRK SCH, CEREBROFORT MG STRAW SCH, FATIGON KAPLET 10X6S
125052965;Mei 20, 2025;BEJO ANAK JAHE MERAH 5S, BEJO JAHE MERAH HERBAL 12 SC, KOMIX HERBAL JAHE, KOMIX HERBAL 15 ML, KOMIX HERBAL ORI PACK
125052992;Mei 20, 2025;KOMIX JAHE G-FORMULA BOX, KOMIX J.NIPIS G-FORMULA B, WOODS COUGH SYR ATT  60ML
125053014;Mei 20, 2025;BEJO JAHE MERAH HERBAL 12 SC, KOMIX HERBAL ORI PACK, CEREBROFORT MG MGA SCH, CEREBROFORT MG JRK SCH, CEREBROFORT MG STRAW SCH, SAKATONIK ABC STRAWBERRY
125053040;Mei 20, 2025;CEREBROFORT M.G. AGGR SCH, CEREBROFORT MG STRAW SCH
125053042;Mei 20, 2025;CEREBROFORT MG STRAW SCH, SAKATONIK ABC ANTARIKSA 30 TAB, SKT ABC CURCUMA MADU
125053051;Mei 20, 2025;MIXAGRIP HERBAL GREGES, CEREBROFORT M.G. AGGR SCH, CEREBROFORT MG STRAW SCH, FATIGON KAPLET 10X6S
125053056;Mei 20, 2025;BEJO JAHE MERAH HERBAL 12 SC, KOMIX HERBAL ORI PACK, EXTRA JOSS ACTIVE 12SCH, EXTRA JOSS MANGGA LAKI, EXTRA JOSS ULTIMATE LIQ/24 CAN
125053065;Mei 20, 2025;KOMIX JAHE G-FORMULA BOX, KOMIX PEPP.G-FORMULA BOX, KOMIX OBH PE, PUYER OSK BT NO.16/BOX, WOODS COUGH SYR ATT  60ML, WOODS EXPECTORANT 60 ML, SAKATONIK ABC ANTARIKSA 30 TAB, SAKATONIK ABC STRAWBERRY, SAKATONIK ABC ANGGUR30TAB
125053066;Mei 20, 2025;KOMIX JAHE G-FORMULA BOX, KOMIX KID STRAWBERRY PACK, KOMIX J.NIPIS G-FORMULA B, KOMIX KID OBH PE, KOMIX OBH PE, WOODS COUGH SYR ATT 100ML, WOODS COUGH SYR ATT  60ML, MIXAGRIP FLU &BATUK PE
125053078;Mei 20, 2025;BEJO JAHE MERAH HERBAL 12 SC, B7 SLASI JERUK NIPIS 12'S, EXTRA JOSS ACTIVE 12SCH
125053079;Mei 20, 2025;ENTROSTOP HERBAL ANAK, SKT ACTIV SIRUP 300 ML, SAKATONIK ABC STRAWBERRY, SAKATONIK ABC ANGGUR30TAB
125053086;Mei 20, 2025;BEJO JAHE MERAH HERBAL 12 SC, KOMIX HERBAL ORI PACK, CEREBROFORT MG MGA SCH, CEREBROFORT MG JRK SCH, SAKATONIK ABC STRAWBERRY
125053088;Mei 20, 2025;BEJO JAHE MERAH HERBAL 12 SC, KOMIX HERBAL ORI PACK, CEREBROFORT M.G. AGGR SCH, CEREBROFORT MG MGA SCH, CEREBROFORT MG JRK SCH, CEREBROFORT MG STRAW SCH, SAKATONIK ABC STRAWBERRY, SAKATONIK ABC ANGGUR30TAB
125053115;Mei 20, 2025;KOMIX HERBAL 15 ML, CEREBROFORT MG STRAW SCH, PROMAG TABLET
125053124;Mei 20, 2025;BEJO JAHE MERAH HERBAL 12 SC, KOMIX HERBAL JAHE, KOMIX HERBAL JERUK NIPIS, KOMIX HERBAL ORI PACK, KOMIX HERBAL PEPPERMINT, CEREBROFORT M.G. AGGR SCH, CEREBROFORT MG MGA SCH, CEREBROFORT MG JRK SCH, CEREBROFORT MG STRAW SCH, FATIGON KAPLET 10X6S, SAKATONIK ABC STRAWBERRY
125053137;Mei 20, 2025;CEREBROFORT GOLD ORANGE 200 ML, FATIGON KAPLET 10X6S, PROCOLD FLU PE, SAKATONIK ABC STRAWBERRY, SAKATONIK ABC ANGGUR30TAB
125053139;Mei 20, 2025;PROMAG HERBAL 15 ML, PROMAG TABLET
125053140;Mei 20, 2025;BEJO JAHE MERAH HERBAL 12 SC, KALPANAX K CREAM 5 GR, ENTROSTOP 10'S
125053141;Mei 20, 2025;KALPANAX K CREAM 5 GR, CEREBROFORT GOLD ORANGE 100 ML, ENTROSTOP 10'S, PROMAG TABLET
125053142;Mei 20, 2025;PROMAG HERBAL 15 ML, EXTRA JOSS ACTIVE 12SCH
125053149;Mei 20, 2025;KOMIX HERBAL ORI PACK, CEREBROFORT M.G. AGGR SCH, CEREBROFORT MG MGA SCH, CEREBROFORT MG JRK SCH, CEREBROFORT MG STRAW SCH, SAKATONIK ABC STRAWBERRY
125053160;Mei 20, 2025;BEJO JAHE MERAH HERBAL 12 SC, EXTRA JOSS ULTIMATE LIQ/24 CAN, KOMIX HERBAL ORI PACK, CEREBROFORT MG MGA SCH, CEREBROFORT MG JRK SCH, SAKATONIK ABC STRAWBERRY, SAKATONIK ABC ANGGUR30TAB
125053181;Mei 21, 2025;BEJO JAHE MERAH HERBAL 12 SC, KALPANAX KRIM 10 GR, CEREBROFORT GOLD ORANGE 100 ML
125053194;Mei 21, 2025;EXTRA JOSS ACTIVE 12SCH, PUYER OSK BT NO.16/BOX
125053221;Mei 21, 2025;BEJO JAHE MERAH HERBAL 12 SC, CEREBROFORT M.G. AGGR SCH, CEREBROFORT MG MGA SCH, CEREBROFORT MG JRK SCH, CEREBROFORT MG STRAW SCH, FATIGON KAPLET 10X6S, SAKATONIK ABC STRAWBERRY
125053222;Mei 21, 2025;KALPANAX K CREAM 5 GR, KALPANAX KRIM 10 GR, CEREBROFORT GOLD ORANGE 100 ML, CEREBROFORT GOLD ORANGE 200 ML, WOODS COUGH SYR ATT  60ML, WOODS EXPECTORANT 60 ML, FATIGON KAPLET 10X6S, SAKATONIK ABC ANTARIKSA 30 TAB, SAKATONIK ABC STRAWBERRY, BEJO JAHE MERAH HERBAL 12 SC, KOMIX HERBAL ORI PACK, B7 SLASI JERUK NIPIS 12'S
125053226;Mei 21, 2025;BEJO JAHE MERAH HERBAL 12 SC, KOMIX HERBAL ORI PACK, EXTRA JOSS ACTIVE 12SCH, SAKATONIK ABC STRAWBERRY, EXTRA JOSS ULTIMATE LIQ/24 CAN
125053244;Mei 21, 2025;BEJO JAHE MERAH HERBAL 12 SC, KOMIX HERBAL ORI PACK, CEREBROFORT M.G. AGGR SCH, CEREBROFORT MG MGA SCH, CEREBROFORT MG JRK SCH, CEREBROFORT MG STRAW SCH, FATIGON KAPLET 10X6S, SAKATONIK ABC STRAWBERRY
125053271;Mei 21, 2025;BEJO JAHE MERAH HERBAL 12 SC, KOMIX HERBAL ORI PACK, SAKATONIK ABC STRAWBERRY, EXTRA JOSS ULTIMATE LIQ/24 CAN
125053272;Mei 21, 2025;CEREBROFORT M.G. AGGR SCH, CEREBROFORT MG MGA SCH, CEREBROFORT MG JRK SCH, CEREBROFORT MG STRAW SCH, WOODS LOZENGES CHERRY 6'S, WOODS LOZENGES 6'S, WOODS LOZ HONEY LEMON, WOODS LOZENGES ORANGE VITAMIN C, WOODS LOZENGES LEMON VITAMIN C, EXTRA JOSS ULTIMATE LIQ/24 CAN
125053299;Mei 21, 2025;ENTROSTOP 10'S, SAKATONIK ABC ANGGUR30TAB
125053304;Mei 21, 2025;BEJO JAHE MERAH HERBAL 12 SC, KOMIX HERBAL JAHE, KOMIX HERBAL JERUK NIPIS, KOMIX HERBAL ORI PACK, EXTRA JOSS ACTIVE 12SCH
125053305;Mei 21, 2025;CEREBROFORT M.G. AGGR SCH, CEREBROFORT MG MGA SCH, CEREBROFORT MG JRK SCH, CEREBROFORT MG STRAW SCH, SAKATONIK ABC STRAWBERRY, BEJO JAHE MERAH HERBAL 12 SC, KOMIX HERBAL ORI PACK
125053310;Mei 21, 2025;KOMIX HERBAL LEMON, KOMIX HERBAL 15 ML, KOMIX OBH PE, WOODS EXPECTORANT 60 ML, PROMAG TABLET
125053324;Mei 21, 2025;CEREBROFORT M.G. AGGR SCH, CEREBROFORT MG MGA SCH, CEREBROFORT MG JRK SCH, CEREBROFORT MG STRAW SCH
125053325;Mei 21, 2025;KOMIX HERBAL LEMON, KOMIX HERBAL JERUK NIPIS
125053335;Mei 21, 2025;BEJO JAHE MERAH HERBAL 12 SC, KOMIX HERBAL ORI PACK, CEREBROFORT M.G. AGGR SCH, CEREBROFORT MG MGA SCH, CEREBROFORT MG JRK SCH, CEREBROFORT MG STRAW SCH, SAKATONIK ABC STRAWBERRY
125053336;Mei 21, 2025;BEJO JAHE MERAH HERBAL 12 SC, EXTRA JOSS ULTIMATE LIQ/24 CAN, KOMIX HERBAL ORI PACK, CEREBROFORT MG MGA SCH, CEREBROFORT MG JRK SCH, CEREBROFORT MG STRAW SCH, FATIGON KAPLET 10X6S, SAKATONIK ABC STRAWBERRY
125053338;Mei 21, 2025;BEJO ANAK JAHE MERAH 5S, BEJO JAHE MERAH HERBAL 12 SC, KOMIX HERBAL 15 ML, KOMIX HERBAL ORI PACK, B7 SLASI JERUK NIPIS 12'S
125053348;Mei 21, 2025;BEJO ANAK JAHE MERAH 5S, BEJO JAHE MERAH HERBAL 12 SC, B7 SLASI JERUK NIPIS 12'S
125053350;Mei 21, 2025;BEJO JAHE MERAH HERBAL 12 SC, KOMIX HERBAL ORI PACK, ENTROSTOP HERBAL ANAK, MIXAGRIP HERBAL GREGES, CEREBROFORT M.G. AGGR SCH, CEREBROFORT MG MGA SCH, CEREBROFORT MG JRK SCH, CEREBROFORT MG STRAW SCH, FATIGON KAPLET 10X6S, SAKATONIK ABC STRAWBERRY
125053382;Mei 21, 2025;WOODS EXPECTORANT 60 ML, WOODS EXPECTORANT 100 ML
125053383;Mei 21, 2025;WOODS EXPECTORANT 100 ML, WOODS NATURALS SYR 60 ML
125053387;Mei 21, 2025;EJ SPORT GEL ORANGE 5 TB, EXTRA JOSS SPORT 5 TB
125053410;Mei 21, 2025;BEJO JAHE MERAH HERBAL 12 SC, KOMIX OBH PE, WOODS EXPECTORANT 60 ML
125053421;Mei 21, 2025;PROMAG SUSPENSI BTL 60 ML, WOODS EXPECTORANT 60 ML
125053427;Mei 21, 2025;ENTROSTOP 10'S, PROMAG TABLET
125053449;Mei 21, 2025;KOMIX HERBAL LEMON, KOMIX HERBAL 15 ML, KOMIX KID OBH PE, KOMIX OBH PE
125053452;Mei 21, 2025;WOODS EXPECTORANT 60 ML, WOODS EXPECTORANT 100 ML, WOODS NATURALS SYR 60 ML
125053453;Mei 21, 2025;ENTROSTOP HERBAL ANAK, PROMAG SUSPENSI 10ML/6, PROMAG HERBAL 15 ML, PROMAG TABLET
125053474;Mei 21, 2025;BEJO JAHE MERAH HERBAL 12 SC, KOMIX HERBAL ORI PACK, EXTRA JOSS ULTIMATE LIQ/24 CAN, MIXAGRIP HERBAL GREGES, CEREBROFORT MG MGA SCH, CEREBROFORT MG JRK SCH, CEREBROFORT MG STRAW SCH, FATIGON KAPLET 10X6S, SAKATONIK ABC STRAWBERRY
125053480;Mei 21, 2025;MIXAGRIP HERBAL GREGES, FATIGON KAPLET 10X6S, KOMIX HERBAL ORI PACK
125053483;Mei 21, 2025;KALPANAX K CREAM 5 GR, PROMAG TABLET
125053513;Mei 21, 2025;BEJO JAHE MERAH HERBAL 12 SC, MIXAGRIP HERBAL GREGES, SAKATONIK ABC STRAWBERRY, SAKATONIK ABC ANGGUR30TAB
125053521;Mei 21, 2025;BEJO JAHE MERAH HERBAL 12 SC, KALPANAX K CREAM 5 GR, PROMAG SUSPENSI 10ML/6, CEREBROFORT MG MGA SCH, CEREBROFORT MG JRK SCH, CEREBROFORT MG STRAW SCH, ENTROSTOP 10'S, PROMAG TABLET
125053524;Mei 21, 2025;KALPANAX K CREAM 5 GR, KALPANAX SALEP 6G/12, CEREBROFORT M.G. AGGR SCH, CEREBROFORT MG MGA SCH, CEREBROFORT MG JRK SCH, CEREBROFORT MG STRAW SCH, SAKATONIK ABC ANGGUR30TAB
125053593;Mei 21, 2025;KOMIX HERBAL JAHE, KOMIX HERBAL JERUK NIPIS, KOMIX HERBAL ORI PACK, KOMIX HERBAL PEPPERMINT, FATIGON SPIRIT BOX 10X6S
125053595;Mei 21, 2025;BEJO JAHE MERAH HERBAL 12 SC, KOMIX HERBAL ORI PACK, CEREBROFORT GOLD ORANGE 100 ML, CEREBROFORT MG MGA SCH, CEREBROFORT MG JRK SCH, CEREBROFORT MG STRAW SCH, FATIGON KAPLET 10X6S, SAKATONIK ABC STRAWBERRY
125053596;Mei 21, 2025;BEJO JAHE MERAH HERBAL 12 SC, KOMIX HERBAL ORI PACK, FATIGON KAPLET 10X6S, SAKATONIK ABC STRAWBERRY
125053598;Mei 21, 2025;BEJO JAHE MERAH HERBAL 12 SC, KOMIX HERBAL ORI PACK, ENTROSTOP HERBAL ANAK, FATIGON KAPLET 10X6S, SAKATONIK ABC STRAWBERRY
125053599;Mei 21, 2025;BEJO ANAK JAHE MERAH 5S, BEJO JAHE MERAH HERBAL 12 SC, KOMIX HERBAL 15 ML, KOMIX HERBAL ORI PACK, B7 SLASI JERUK NIPIS 12'S
125053601;Mei 21, 2025;KOMIX HERBAL JAHE, KOMIX HERBAL JERUK NIPIS, EXTRA JOSS ACTIVE 12SCH
125053605;Mei 21, 2025;BEJO JAHE MERAH HERBAL 12 SC, KOMIX HERBAL JERUK NIPIS
125053611;Mei 21, 2025;BEJO JAHE MERAH HERBAL 12 SC, KOMIX HERBAL JERUK NIPIS, KOMIX HERBAL 15 ML, KOMIX HERBAL ORI PACK, ENTROSTOP HERBAL ANAK, CEREBROFORT M.G. AGGR SCH, CEREBROFORT MG MGA SCH, CEREBROFORT MG STRAW SCH, SAKATONIK ABC STRAWBERRY
125053616;Mei 21, 2025;BEJO JAHE MERAH HERBAL 12 SC, KOMIX HERBAL JAHE, KOMIX HERBAL JERUK NIPIS, B7 SLASI JERUK NIPIS 12'S, EXTRA JOSS ACTIVE 12SCH
125053646;Mei 21, 2025;BEJO JAHE MERAH HERBAL 12 SC, KOMIX HERBAL ORI PACK, EXTRA JOSS ULTIMATE LIQ/24 CAN
125053650;Mei 21, 2025;EJ SPORT GEL ORANGE 5 TB, EXTRA JOSS SPORT 5 TB
125053659;Mei 21, 2025;PROMAG SUSPENSI 10ML/6, PROMAG HERBAL 15 ML
125053665;Mei 21, 2025;KALPANAX K CREAM 5 GR, KALPANAX KRIM 10 GR, PROMAG HERBAL 15 ML, PROMAG TABLET, MIXAGRIP HERBAL GREGES
125053681;Mei 21, 2025;CEREBROFORT GOLD ORANGE 100 ML, FATIGON KAPLET 10X6S
125053688;Mei 21, 2025;KOMIX HERBAL JAHE, KOMIX HERBAL JERUK NIPIS, KOMIX HERBAL ORI PACK, KOMIX HERBAL PEPPERMINT
125053706;Mei 21, 2025;EXTRA JOSS ULTIMATE LIQ/24 CAN, KOMIX HERBAL 15 ML, PROMAG HERBAL 15 ML
125053716;Mei 21, 2025;CEREBROFORT GOLD ORANGE 200 ML, SKT ACTIV SIRUP 300 ML, PROCOLD FLU PE, SAKATONIK ABC STRAWBERRY
125053746;Mei 21, 2025;KOMIX JAHE G-FORMULA BOX, KOMIX J.NIPIS G-FORMULA B, KOMIX PEPP.G-FORMULA BOX, KOMIX KID OBH PE
125053791;Mei 22, 2025;WOODS COUGH SYR ATT 100ML, WOODS COUGH SYR ATT  60ML
125053797;Mei 22, 2025;SKT ACTIV SIRUP 100 ML, WOODS EXPECTORANT 60 ML, SAKATONIK ABC ANGGUR30TAB, SKT ABC CURCUMA MADU
125053825;Mei 22, 2025;CEREBROFORT M.G. AGGR SCH, CEREBROFORT MG MGA SCH, CEREBROFORT MG JRK SCH, CEREBROFORT MG STRAW SCH
125053826;Mei 22, 2025;BEJO JAHE MERAH HERBAL 12 SC, KOMIX HERBAL ORI PACK, CEREBROFORT M.G. AGGR SCH, CEREBROFORT MG MGA SCH, CEREBROFORT MG JRK SCH, CEREBROFORT MG STRAW SCH, SAKATONIK ABC STRAWBERRY
125053829;Mei 22, 2025;BEJO JAHE MERAH HERBAL 12 SC, KOMIX HERBAL ORI PACK, CEREBROFORT M.G. AGGR SCH, CEREBROFORT MG MGA SCH, CEREBROFORT MG JRK SCH, CEREBROFORT MG STRAW SCH, SAKATONIK ABC STRAWBERRY
125053830;Mei 22, 2025;MIXAGRIP HERBAL GREGES, CEREBROFORT M.G. AGGR SCH, CEREBROFORT MG MGA SCH, CEREBROFORT MG JRK SCH, CEREBROFORT MG STRAW SCH, FATIGON KAPLET 10X6S, SAKATONIK ABC STRAWBERRY
125053832;Mei 22, 2025;PUYER OSK BT NO.16/BOX, KALPANAX K CREAM 5 GR, KALPANAX KRIM 10 GR, FATIGON SPIRIT BOX 10X6S
125053841;Mei 22, 2025;BEJO JAHE MERAH HERBAL 12 SC, KOMIX HERBAL ORI PACK, CEREBROFORT M.G. AGGR SCH, CEREBROFORT MG MGA SCH, CEREBROFORT MG JRK SCH, CEREBROFORT MG STRAW SCH, SAKATONIK ABC STRAWBERRY
125053843;Mei 22, 2025;EXTRA JOSS ULTIMATE LIQ/24 CAN, KALPANAX SALEP 6G/12, CEREBROFORT MG MGA SCH, CEREBROFORT MG JRK SCH
125053847;Mei 22, 2025;BEJO JAHE MERAH HERBAL 12 SC, EXTRA JOSS ULTIMATE LIQ/24 CAN, KOMIX HERBAL ORI PACK, EXTRA JOSS ACTIVE 6 SCH, SAKATONIK ABC STRAWBERRY, WOODS LOZENGES CHERRY 6'S, WOODS LOZENGES 6'S, WOODS LOZ HONEY LEMON, WOODS LOZENGES ORANGE VITAMIN C, WOODS LOZENGES LEMON VITAMIN C, XONCE TAB BOX 50'S
125053866;Mei 22, 2025;BEJO JAHE MERAH HERBAL 12 SC, B7 SLASI JERUK NIPIS 12'S
125053870;Mei 22, 2025;KOMIX HERBAL 15 ML, KALPANAX K CREAM 5 GR, KALPANAX SALEP 6G/12, CEREBROFORT GOLD ORANGE 100 ML, CEREBROFORT GOLD ORANGE 200 ML
125053877;Mei 22, 2025;MIXAGRIP HERBAL GREGES, CEREBROFORT M.G. AGGR SCH, CEREBROFORT MG MGA SCH, CEREBROFORT MG JRK SCH, CEREBROFORT MG STRAW SCH
125053909;Mei 22, 2025;BEJO ANAK JAHE MERAH 5S, BEJO JAHE MERAH HERBAL 12 SC, KOMIX HERBAL JAHE, KOMIX HERBAL 15 ML, KOMIX HERBAL ORI PACK, B7 SLASI JERUK NIPIS 12'S
125053910;Mei 22, 2025;BEJO ANAK JAHE MERAH 5S, BEJO JAHE MERAH HERBAL 12 SC, KOMIX HERBAL JAHE, KOMIX HERBAL 15 ML, KOMIX HERBAL ORI PACK, B7 SLASI JERUK NIPIS 12'S
125053927;Mei 22, 2025;KOMIX HERBAL 15 ML, KALPANAX K CREAM 5 GR
125053928;Mei 22, 2025;PROMAG SUSPENSI 10ML/6, PROMAG HERBAL 15 ML
125053930;Mei 22, 2025;PUYER OSK BT NO.16/BOX, WAISAN NEW FORMULA  /LUSIN, PROMAG TABLET
125053931;Mei 22, 2025;CEREBROFORT GOLD ORANGE 100 ML, CEREBROFORT M.G. AGGR SCH, CEREBROFORT MG MGA SCH, CEREBROFORT MG JRK SCH, CEREBROFORT MG STRAW SCH, SAKATONIK ABC ANGGUR30TAB
125053932;Mei 22, 2025;KALPANAX K CREAM 5 GR, PROMAG HERBAL 15 ML
125053938;Mei 22, 2025;KOMIX HERBAL JAHE, KOMIX KID OBH PE, KOMIX OBH PE
125053951;Mei 22, 2025;ENTROSTOP 10'S, PROMAG TABLET
125053959;Mei 22, 2025;CEREBROFORT GOLD ORANGE 100 ML, CEREBROFORT GOLD ORANGE 200 ML
125053963;Mei 22, 2025;KALPANAX K CREAM 5 GR, KALPANAX KRIM 10 GR, CEREBROFORT MG STRAW SCH
125053969;Mei 22, 2025;ENTROSTOP 10'S, PROMAG TABLET
125053973;Mei 22, 2025;KALPANAX K CREAM 5 GR, FATIGON KAPLET 10X6S, SAKATONIK ABC STRAWBERRY
125053975;Mei 22, 2025;EXTRA JOSS GO RASA ANGGUR, EXTRA JOSS MANGGA LAKI, WOODS LOZENGES CHERRY 6'S, WOODS LOZENGES 6'S, WOODS LOZ HONEY LEMON, WOODS LOZENGES ORANGE VITAMIN C
125053983;Mei 22, 2025;KOMIX OBH PE, KALPANAX K CREAM 5 GR, ENTROSTOP HERBAL ANAK
125053984;Mei 22, 2025;KOMIX HERBAL JAHE, KOMIX HERBAL ORI PACK, KOMIX HERBAL PEPPERMINT, CEREBROFORT GOLD ORANGE 200 ML
125053991;Mei 22, 2025;BEJO JAHE MERAH HERBAL 12 SC, SKT ACTIV SIRUP 100 ML
125054001;Mei 22, 2025;BEJO JAHE MERAH HERBAL 12 SC, KOMIX HERBAL ORI PACK, CEREBROFORT M.G. AGGR SCH, CEREBROFORT MG STRAW SCH, FATIGON KAPLET 10X6S, SAKATONIK ABC STRAWBERRY
125054002;Mei 22, 2025;BEJO JAHE MERAH HERBAL 12 SC, KOMIX HERBAL ORI PACK, CEREBROFORT M.G. AGGR SCH, CEREBROFORT MG STRAW SCH, FATIGON KAPLET 10X6S, SAKATONIK ABC STRAWBERRY
125054004;Mei 22, 2025;CEREBROFORT M.G. AGGR SCH, CEREBROFORT MG MGA SCH, CEREBROFORT MG JRK SCH, CEREBROFORT MG STRAW SCH
125054016;Mei 22, 2025;KOMIX JAHE G-FORMULA BOX, KOMIX KID STRAWBERRY PACK, KOMIX J.NIPIS G-FORMULA B, KOMIX PEPP.G-FORMULA BOX, MEXTRIL BATUK-TABLET BOX
125054018;Mei 22, 2025;BEJO JAHE MERAH HERBAL 12 SC, KOMIX HERBAL ORI PACK, ENTROSTOP HERBAL ANAK, MIXAGRIP HERBAL GREGES, CEREBROFORT M.G. AGGR SCH, CEREBROFORT MG MGA SCH, CEREBROFORT MG JRK SCH, CEREBROFORT MG STRAW SCH, FATIGON KAPLET 10X6S
125054037;Mei 22, 2025;CEREBROFORT GOLD ORANGE 200 ML, PROMAG HERBAL 15 ML, PROCOLD FLU PE
125054056;Mei 22, 2025;KOMIX HERBAL 15 ML, KOMIX OBH PE, WOODS NATURALS SYR 60 ML, CEREBROFORT MG STRAW SCH
125054081;Mei 22, 2025;KOMIX HERBAL LEMON, ENTROSTOP 10'S, WOODS NATURALS SYR 60 ML, WOODS LOZENGES CHERRY 6'S
125054084;Mei 22, 2025;WOODS EXPECTORANT 60 ML, WOODS EXPECTORANT 100 ML, WOODS LOZ HONEY LEMON, WOODS LOZENGES ORANGE VITAMIN C
125054086;Mei 22, 2025;KALPANAX K CREAM 5 GR, KALPANAX SALEP 6G/12, KALPANAX KRIM 10 GR
125054092;Mei 22, 2025;KALPANAX K CREAM 5 GR, KOMIX OBH PE
125054099;Mei 22, 2025;KOMIX HERBAL LEMON, KOMIX HERBAL 15 ML
125054103;Mei 22, 2025;CEREBROFORT M.G. AGGR SCH, CEREBROFORT MG MGA SCH, CEREBROFORT MG JRK SCH, CEREBROFORT MG STRAW SCH
125054112;Mei 22, 2025;KOMIX J.NIPIS G-FORMULA B, KOMIX PEPP.G-FORMULA BOX, KOMIX OBH PE
125054120;Mei 22, 2025;KOMIX HERBAL 15 ML, PROMAG SUSPENSI BTL 60 ML, PROMAG SUSPENSI 10ML/6
125054155;Mei 22, 2025;KOMIX J.NIPIS G-FORMULA B, KOMIX PEPP.G-FORMULA BOX
125054180;Mei 22, 2025;CEREBROFORT MG STRAW SCH, SAKATONIK ABC STRAWBERRY, SKT ABC CURCUMA MADU
125054192;Mei 22, 2025;CEREBROFORT GOLD ORANGE 100 ML, CEREBROFORT MG MGA SCH, SAKATONIK ABC ANTARIKSA 30 TAB, SAKATONIK ABC ANGGUR30TAB, WOODS LOZENGES CHERRY 6'S, WOODS LOZ HONEY LEMON, WOODS LOZENGES ORANGE VITAMIN C, WOODS LOZENGES LEMON VITAMIN C
125054203;Mei 22, 2025;BEJO ANAK JAHE MERAH 5S, BEJO JAHE MERAH HERBAL 6S MT
125054228;Mei 22, 2025;MIXAGRIP HERBAL GREGES, CEREBROFORT M.G. AGGR SCH, CEREBROFORT MG MGA SCH, CEREBROFORT MG JRK SCH, CEREBROFORT MG STRAW SCH, SAKATONIK ABC STRAWBERRY
125054238;Mei 22, 2025;KOMIX JAHE G-FORMULA BOX, KOMIX KID STRAWBERRY PACK, KOMIX J.NIPIS G-FORMULA B, KOMIX PEPP.G-FORMULA BOX
125054240;Mei 22, 2025;BEJO JAHE MERAH HERBAL 12 SC, KOMIX HERBAL ORI PACK
125054263;Mei 22, 2025;KOMIX HERBAL JERUK NIPIS, WOODS EXPECTORANT 60 ML
125054267;Mei 22, 2025;BEJO JAHE MERAH HERBAL 12 SC, KOMIX HERBAL ORI PACK, CEREBROFORT MG MGA SCH, CEREBROFORT MG JRK SCH, FATIGON KAPLET 10X6S, SAKATONIK ABC STRAWBERRY, EXTRA JOSS ULTIMATE LIQ/24 CAN
125054269;Mei 22, 2025;BEJO ANAK JAHE MERAH 5S, BEJO JAHE MERAH HERBAL 6S MT
125054273;Mei 22, 2025;BEJO ANAK JAHE MERAH 5S, BEJO JAHE MERAH HERBAL 6S MT
125054298;Mei 23, 2025;CEREBROFORT M.G. AGGR SCH, CEREBROFORT MG MGA SCH, CEREBROFORT MG JRK SCH, CEREBROFORT MG STRAW SCH, SAKATONIK ABC STRAWBERRY, BEJO JAHE MERAH HERBAL 12 SC, EXTRA JOSS ULTIMATE LIQ/24 CAN, KOMIX HERBAL ORI PACK
125054301;Mei 23, 2025;BEJO JAHE MERAH HERBAL 12 SC, KOMIX HERBAL 15 ML, KOMIX HERBAL ORI PACK, CEREBROFORT M.G. AGGR SCH, CEREBROFORT MG STRAW SCH, FATIGON KAPLET 10X6S, SAKATONIK ABC STRAWBERRY
125054302;Mei 23, 2025;KALPANAX SALEP 6G/12, KOMIX JAHE G-FORMULA BOX, KOMIX J.NIPIS G-FORMULA B, KOMIX PEPP.G-FORMULA BOX, KOMIX HERBAL JAHE, KOMIX HERBAL LEMON, KOMIX HERBAL JERUK NIPIS, KOMIX HERBAL ORI PACK, KOMIX HERBAL PEPPERMINT, KOMIX OBH PE, PROMAG SUSPENSI 10ML/6, PROMAG HERBAL 15 ML, WOODS COUGH SYR ATT  60ML, WOODS EXPECTORANT 60 ML, ENTROSTOP 10'S
125054310;Mei 23, 2025;BEJO JAHE MERAH HERBAL 12 SC, KOMIX HERBAL ORI PACK, MIXAGRIP HERBAL GREGES, SAKATONIK ABC STRAWBERRY, EXTRA JOSS ULTIMATE LIQ/24 CAN
125054318;Mei 23, 2025;PROMAG HERBAL 15 ML, PROMAG TABLET
125054319;Mei 23, 2025;KALPANAX KRIM 10 GR, WOODS NATURALS SYR 60 ML
125054325;Mei 23, 2025;BEJO JAHE MERAH HERBAL 12 SC, KOMIX HERBAL ORI PACK
125054341;Mei 23, 2025;ENTROSTOP 10'S, PROMAG TABLET
125054370;Mei 23, 2025;KOMIX J.NIPIS G-FORMULA B, KOMIX OBH PE, FATIGON KAPLET 10X6S, FATIGON SPIRIT BOX 10X6S
125054371;Mei 23, 2025;KALPANAX K CREAM 5 GR, KALPANAX SALEP 6G/12, CEREBROFORT M.G. AGGR SCH
125054381;Mei 23, 2025;FATIGON KAPLET 10X6S, PROMAG TABLET
125054383;Mei 23, 2025;CEREBROFORT MG MGA SCH, CEREBROFORT MG JRK SCH, CEREBROFORT MG STRAW SCH, SKT ABC CURCUMA MADU
125054412;Mei 23, 2025;BEJO JAHE MERAH HERBAL 12 SC, EXTRA JOSS ULTIMATE LIQ/24 CAN, KOMIX HERBAL ORI PACK, SAKATONIK ABC STRAWBERRY
125054415;Mei 23, 2025;MIXAGRIP HERBAL GREGES, BEJO JAHE MERAH HERBAL 12 SC, EXTRA JOSS ULTIMATE LIQ/24 CAN, EXTRA JOSS ACTIVE 6 SCH, EXTRA JOSS ACTIVE 12SCH
125054419;Mei 23, 2025;BEJO JAHE MERAH HERBAL 12 SC, CEREBROFORT M.G. AGGR SCH, CEREBROFORT MG STRAW SCH
125054428;Mei 23, 2025;BEJO JAHE MERAH HERBAL 12 SC, EXTRA JOSS ULTIMATE LIQ/24 CAN, KOMIX HERBAL ORI PACK, PROMAG HERBAL 15 ML, SAKATONIK ABC STRAWBERRY
125054433;Mei 23, 2025;XONCE TAB BOX 50'S, BEJO JAHE MERAH HERBAL 12 SC
125054457;Mei 23, 2025;BEJO JAHE MERAH HERBAL 12 SC, ENTROSTOP HERBAL ANAK, MIXAGRIP HERBAL GREGES, CEREBROFORT M.G. AGGR SCH, CEREBROFORT MG MGA SCH, CEREBROFORT MG JRK SCH, CEREBROFORT MG STRAW SCH, FATIGON KAPLET 10X6S, SAKATONIK ABC STRAWBERRY
125054458;Mei 23, 2025;BEJO JAHE MERAH HERBAL 12 SC, KOMIX HERBAL ORI PACK, MIXAGRIP HERBAL GREGES, CEREBROFORT MG MGA SCH, CEREBROFORT MG STRAW SCH, FATIGON KAPLET 10X6S, SAKATONIK ABC STRAWBERRY
125054459;Mei 23, 2025;CEREBROFORT M.G. AGGR SCH, CEREBROFORT MG MGA SCH, CEREBROFORT MG JRK SCH, CEREBROFORT MG STRAW SCH
125054512;Mei 23, 2025;BEJO JAHE MERAH HERBAL 12 SC, KOMIX HERBAL ORI PACK, MIXAGRIP HERBAL GREGES, CEREBROFORT MG STRAW SCH, FATIGON KAPLET 10X6S, SAKATONIK ABC STRAWBERRY
125054513;Mei 23, 2025;BEJO ANAK JAHE MERAH 5S, BEJO JAHE MERAH HERBAL 12 SC, KOMIX HERBAL LEMON, KOMIX HERBAL 15 ML, KOMIX HERBAL ORI PACK, B7 SLASI JERUK NIPIS 12'S
125054517;Mei 23, 2025;BEJO JAHE MERAH HERBAL 12 SC, ENTROSTOP HERBAL ANAK, KOMIX HERBAL ORI PACK, MIXAGRIP HERBAL GREGES, CEREBROFORT M.G. AGGR SCH, CEREBROFORT MG MGA SCH, CEREBROFORT MG JRK SCH, CEREBROFORT MG STRAW SCH, FATIGON KAPLET 10X6S, SAKATONIK ABC STRAWBERRY
125054518;Mei 23, 2025;BEJO JAHE MERAH HERBAL 12 SC, KOMIX HERBAL ORI PACK, EXTRA JOSS GO RASA ANGGUR, EXTRA JOSS MANGGA LAKI, MIXAGRIP HERBAL GREGES, EXTRA JOSS ULTIMATE LIQ/24 CAN
125054522;Mei 23, 2025;BEJO JAHE MERAH HERBAL 12 SC, ENTROSTOP HERBAL ANAK, KOMIX HERBAL ORI PACK, MIXAGRIP HERBAL GREGES, CEREBROFORT M.G. AGGR SCH, CEREBROFORT MG MGA SCH, CEREBROFORT MG JRK SCH, CEREBROFORT MG STRAW SCH, FATIGON KAPLET 10X6S, SAKATONIK ABC STRAWBERRY
125054529;Mei 23, 2025;BEJO JAHE MERAH HERBAL 12 SC, KOMIX HERBAL ORI PACK, MIXAGRIP HERBAL GREGES, CEREBROFORT MG MGA SCH, CEREBROFORT MG JRK SCH, CEREBROFORT MG STRAW SCH, FATIGON KAPLET 10X6S, SAKATONIK ABC STRAWBERRY
125054537;Mei 23, 2025;KALPANAX K CREAM 5 GR, KALPANAX SALEP 6G/12, KALPANAX KRIM 10 GR, SKT ACTIV SIRUP 100 ML, SKT ACTIV SIRUP 300 ML, CEREBROFORT M.G. AGGR SCH, CEREBROFORT MG MGA SCH, CEREBROFORT MG JRK SCH, CEREBROFORT MG STRAW SCH, WOODS LOZENGES CHERRY 6'S, WOODS LOZ HONEY LEMON, WOODS LOZENGES ORANGE VITAMIN C, WOODS LOZENGES LEMON VITAMIN C, XONCE TAB BOX 50'S
125054541;Mei 23, 2025;KOMIX JAHE G-FORMULA BOX, KOMIX KID STRAWBERRY PACK, KOMIX J.NIPIS G-FORMULA B, KOMIX KID OBH PE, KALPANAX SALEP 6G/12, MIXAGRIP FLU KAPLET 25X4, ENTROSTOP 10'S
125054547;Mei 23, 2025;CEREBROFORT GOLD ORANGE 200 ML, PROCOLD FLU BATUK PE, SAKATONIK ABC STRAWBERRY
125054550;Mei 23, 2025;WOODS EXPECTORANT 60 ML, WOODS EXPECTORANT 100 ML, SAKATONIK ABC ANTARIKSA 30 TAB
125054556;Mei 23, 2025;WAISAN NEW FORMULA  /LUSIN, WOODS EXPECTORANT 60 ML
125054559;Mei 23, 2025;WOODS LOZENGES CHERRY 6'S, WOODS LOZENGES 6'S, WOODS LOZ HONEY LEMON
125054564;Mei 23, 2025;ENTROSTOP HERBAL ANAK, FATIGON KAPLET 10X6S, FATIGON SPIRIT BOX 10X6S
125054565;Mei 23, 2025;KOMIX HERBAL JAHE, KOMIX HERBAL LEMON
125054571;Mei 23, 2025;BEJO JAHE MERAH HERBAL 12 SC, ENTROSTOP HERBAL ANAK, ENTROSTOP 10'S
125054575;Mei 23, 2025;ENTROSTOP HERBAL ANAK, WOODS EXPECTORANT 100 ML, ENTROSTOP 10'S
125054581;Mei 23, 2025;WOODS LOZENGES CHERRY 6'S, WOODS LOZ HONEY LEMON
125054590;Mei 23, 2025;BEJO JAHE MERAH HERBAL 12 SC, KOMIX HERBAL JAHE, KOMIX HERBAL JERUK NIPIS, KOMIX HERBAL ORI PACK, EXTRA JOSS ULTIMATE LIQ/24 CAN
125054591;Mei 23, 2025;BEJO JAHE MERAH HERBAL 12 SC, KOMIX HERBAL ORI PACK, CEREBROFORT M.G. AGGR SCH, CEREBROFORT MG JRK SCH, CEREBROFORT MG STRAW SCH, FATIGON KAPLET 10X6S, SAKATONIK ABC STRAWBERRY
125054593;Mei 23, 2025;BEJO JAHE MERAH HERBAL 12 SC, EXTRA JOSS ULTIMATE LIQ/24 CAN, KOMIX HERBAL JAHE, KOMIX HERBAL JERUK NIPIS, KOMIX HERBAL ORI PACK, MIXAGRIP HERBAL GREGES
125054603;Mei 23, 2025;KALPANAX K CREAM 5 GR, CEREBROFORT GOLD ORANGE 100 ML, CEREBROFORT GOLD ORANGE 200 ML, ENTROSTOP HERBAL ANAK, KOMIX OBH PE, WOODS COUGH SYR ATT 100ML, WOODS COUGH SYR ATT  60ML, WOODS EXPECTORANT 60 ML, WOODS EXPECTORANT 100 ML, WOODS NATURALS SYR 60 ML, PUYER OSK BT NO.16/BOX, FATIGON KAPLET 10X6S, FATIGON SPIRIT BOX 10X6S, MIXAGRIP FLU KAPLET 25X4, ENTROSTOP 10'S, PROCOLD FLU BATUK PE, PROCOLD FLU PE, PROMAG TABLET, SAKATONIK ABC ANTARIKSA 30 TAB, SAKATONIK ABC ANGGUR30TAB
125054604;Mei 23, 2025;KALPANAX K CREAM 5 GR, WOODS COUGH SYR ATT 100ML, WOODS COUGH SYR ATT  60ML, WOODS EXPECTORANT 60 ML, WOODS EXPECTORANT 100 ML, FATIGON SPIRIT BOX 10X6S, PROCOLD FLU PE
125054605;Mei 23, 2025;KALPANAX K CREAM 5 GR, MIXAGRIP FLU KAPLET 25X4, MEXTRIL BATUK-TABLET BOX, PROCOLD FLU BATUK PE, PROCOLD FLU PE
125054611;Mei 23, 2025;KALPANAX K CREAM 5 GR, KALPANAX KRIM 10 GR, KOMIX HERBAL LEMON, KOMIX HERBAL JERUK NIPIS, KOMIX HERBAL 15 ML, KOMIX HERBAL ORI PACK, PUYER OSK BT NO.16/BOX, SAKATONIK ABC ANGGUR30TAB
125054612;Mei 23, 2025;PROMAG HERBAL 15 ML, SAKATONIK ACTIV MULTIVIT ZAT BESI - KAPLET 6S
125054613;Mei 23, 2025;ENTROSTOP HERBAL ANAK, SAKATONIK ABC ANGGUR30TAB
125054621;Mei 23, 2025;SKT ACTIV SIRUP 100 ML, SKT ACTIV SIRUP 300 ML, MIXAGRIP FLU KAPLET 25X4
125054641;Mei 23, 2025;CEREBROFORT M.G. AGGR SCH, CEREBROFORT MG MGA SCH, CEREBROFORT MG JRK SCH, CEREBROFORT MG STRAW SCH, FATIGON KAPLET 10X6S, SAKATONIK ABC STRAWBERRY, BEJO JAHE MERAH HERBAL 12 SC, KOMIX HERBAL ORI PACK
125054646;Mei 23, 2025;CEREBROFORT GOLD ORANGE 100 ML, KOMIX JAHE G-FORMULA BOX, KOMIX J.NIPIS G-FORMULA B, KOMIX OBH PE, WOODS COUGH SYR ATT  60ML, PROCOLD FLU PE, SAKATONIK ABC ANTARIKSA 30 TAB, SAKATONIK ABC STRAWBERRY, SAKATONIK ABC ANGGUR30TAB
125054652;Mei 23, 2025;WOODS EXPECTORANT 60 ML, SAKATONIK ABC ANTARIKSA 30 TAB
125054653;Mei 23, 2025;KOMIX HERBAL JAHE, KOMIX HERBAL JERUK NIPIS
125054655;Mei 23, 2025;KALPANAX K CREAM 5 GR, KALPANAX SALEP 6G/12, PROMAG SUSPENSI 10ML/6, WOODS EXPECTORANT 60 ML, WOODS EXPECTORANT 100 ML, PROMAG TABLET, WOODS LOZENGES 6'S, WOODS LOZ HONEY LEMON, WOODS LOZENGES ORANGE VITAMIN C
125054657;Mei 23, 2025;KOMIX HERBAL LEMON, KOMIX HERBAL 15 ML, KALPANAX SALEP 6G/12, FATIGON SPIRIT BOX 10X6S
125054671;Mei 23, 2025;BEJO JAHE MERAH HERBAL 12 SC, KOMIX HERBAL ORI PACK, CEREBROFORT M.G. AGGR SCH, CEREBROFORT MG MGA SCH, CEREBROFORT MG JRK SCH, CEREBROFORT MG STRAW SCH, SAKATONIK ABC STRAWBERRY
125054675;Mei 23, 2025;BEJO JAHE MERAH HERBAL 12 SC, KOMIX HERBAL ORI PACK, FATIGON KAPLET 10X6S, SAKATONIK ABC STRAWBERRY
125054678;Mei 23, 2025;KOMIX HERBAL JAHE, KOMIX HERBAL JERUK NIPIS, KOMIX HERBAL ORI PACK, EXTRA JOSS ULTIMATE LIQ/24 CAN
125054694;Mei 23, 2025;WAISAN NEW FORMULA  /LUSIN, PROMAG SUSPENSI 10ML/6, ENTROSTOP 10'S
125054794;Mei 24, 2025;BEJO JAHE MERAH HERBAL 12 SC, CEREBROFORT MG MGA SCH, CEREBROFORT MG JRK SCH, CEREBROFORT MG STRAW SCH
125054795;Mei 24, 2025;BEJO JAHE MERAH HERBAL 12 SC, KOMIX HERBAL ORI PACK, CEREBROFORT MG MGA SCH, CEREBROFORT MG JRK SCH, FATIGON KAPLET 10X6S, SAKATONIK ABC STRAWBERRY
125054845;Mei 24, 2025;ENTROSTOP HERBAL ANAK, PROCOLD FLU PE
125054855;Mei 24, 2025;BEJO JAHE MERAH HERBAL 12 SC, KALPANAX K CREAM 5 GR, KALPANAX SALEP 6G/12, CEREBROFORT GOLD ORANGE 100 ML, CEREBROFORT GOLD ORANGE 200 ML, SKT ACTIV SIRUP 100 ML, SKT ACTIV SIRUP 300 ML, WOODS NATURALS SYR 60 ML, FATIGON SPIRIT BOX 10X6S, PROMAG TABLET, SAKATONIK ABC ANTARIKSA 30 TAB, SAKATONIK ABC ANGGUR30TAB, WOODS LOZENGES 6'S
125054864;Mei 24, 2025;KOMIX JAHE G-FORMULA BOX, KOMIX J.NIPIS G-FORMULA B, KOMIX PEPP.G-FORMULA BOX, WOODS COUGH SYR ATT 100ML, WOODS COUGH SYR ATT  60ML, MIXAGRIP FLU &BATUK PE
125054872;Mei 24, 2025;WOODS EXPECTORANT 60 ML, PROMAG TABLET
125054891;Mei 24, 2025;KALPANAX K CREAM 5 GR, CEREBROFORT GOLD ORANGE 100 ML, SAKATONIK ABC ANGGUR30TAB, SKT ABC CURCUMA MADU
125054918;Mei 24, 2025;MIXAGRIP FLU &BATUK PE, MIXAGRIP FLU KAPLET 25X4
125054927;Mei 24, 2025;WOODS EXPECTORANT 60 ML, WOODS NATURALS SYR 60 ML
125054988;Mei 24, 2025;WOODS EXPECTORANT 60 ML, WOODS EXPECTORANT 100 ML
125054989;Mei 24, 2025;KOMIX HERBAL LEMON, KOMIX HERBAL JERUK NIPIS, KOMIX HERBAL 15 ML, KOMIX HERBAL ORI PACK
125054990;Mei 24, 2025;KALPANAX K CREAM 5 GR, PROMAG TABLET
125055002;Mei 24, 2025;WOODS EXPECTORANT 60 ML, WOODS LOZENGES CHERRY 6'S, WOODS LOZENGES 6'S, WOODS LOZ HONEY LEMON
125055006;Mei 24, 2025;EXTRA JOSS ULTIMATE LIQ/24 CAN, KOMIX HERBAL JAHE, KOMIX HERBAL JERUK NIPIS, KOMIX HERBAL ORI PACK, PROMAG HERBAL 15 ML
125055016;Mei 24, 2025;CEREBROFORT GOLD ORANGE 200 ML, PROMAG SUSPENSI BTL 60 ML, PROMAG HERBAL 15 ML, ENTROSTOP 10'S, PROMAG TABLET, SKT ACTIV SIRUP 100 ML
125055034;Mei 24, 2025;KOMIX JAHE G-FORMULA BOX, KOMIX J.NIPIS G-FORMULA B
125055044;Mei 24, 2025;KOMIX JAHE G-FORMULA BOX, KOMIX J.NIPIS G-FORMULA B, KOMIX PEPP.G-FORMULA BOX
125055057;Mei 24, 2025;ENTROSTOP HERBAL ANAK, ENTROSTOP 10'S
125055091;Mei 24, 2025;MIXAGRIP HERBAL GREGES, PROMAG HERBAL 15 ML, CEREBROFORT M.G. AGGR SCH, CEREBROFORT MG MGA SCH, CEREBROFORT MG JRK SCH, CEREBROFORT MG STRAW SCH, SAKATONIK ABC ANTARIKSA 30 TAB, SAKATONIK ABC STRAWBERRY
125055098;Mei 24, 2025;ENTROSTOP HERBAL ANAK, FATIGON KAPLET 10X6S, FATIGON SPIRIT BOX 10X6S
125055104;Mei 24, 2025;WAISAN NEW FORMULA  /LUSIN, KALPANAX K CREAM 5 GR, KALPANAX SALEP 6G/12, SKT ACTIV SIRUP 100 ML, SKT ACTIV SIRUP 300 ML, FATIGON SPIRIT BOX 10X6S, PROMAG TABLET
125055105;Mei 24, 2025;KOMIX JAHE G-FORMULA BOX, KOMIX J.NIPIS G-FORMULA B, KOMIX PEPP.G-FORMULA BOX
125055108;Mei 24, 2025;KOMIX HERBAL JAHE, KOMIX HERBAL LEMON, KOMIX HERBAL JERUK NIPIS, KOMIX HERBAL ORI PACK, KOMIX HERBAL PEPPERMINT, PUYER OSK BT NO.16/BOX
125055121;Mei 24, 2025;BEJO JAHE MERAH HERBAL 6S MT, KALPANAX KRIM 10 GR, WOODS LOZENGES 6'S
125055124;Mei 24, 2025;WOODS COUGH SYR ATT  60ML, WOODS EXPECTORANT 60 ML
125055196;Mei 26, 2025;KALPANAX K CREAM 5 GR, KALPANAX KRIM 10 GR
125055197;Mei 26, 2025;ENTROSTOP 10'S, PROMAG TABLET
125055218;Mei 26, 2025;PROMAG HERBAL 15 ML, PROMAG TABLET
125055220;Mei 26, 2025;BEJO JAHE MERAH HERBAL 12 SC, FATIGON SPIRIT BOX 10X6S
125055221;Mei 26, 2025;FATIGON KAPLET 10X6S, FATIGON SPIRIT BOX 10X6S
125055228;Mei 26, 2025;WOODS COUGH SYR ATT 100ML, WOODS COUGH SYR ATT  60ML
125055235;Mei 26, 2025;ENTROSTOP 10'S, PROMAG TABLET
125055243;Mei 26, 2025;WOODS COUGH SYR ATT 100ML, WOODS COUGH SYR ATT  60ML, MIXAGRIP FLU &BATUK PE
125055249;Mei 26, 2025;BEJO ANAK JAHE MERAH 5S, BEJO JAHE MERAH HERBAL 12 SC, PROMAG SUSPENSI 10ML/6, PROMAG HERBAL 15 ML, FATIGON KAPLET 10X6S, FATIGON SPIRIT BOX 10X6S, ENTROSTOP 10'S, PROCOLD FLU PE
125055257;Mei 26, 2025;KOMIX HERBAL JERUK NIPIS, CEREBROFORT GOLD ORANGE 100 ML, PROMAG HERBAL 15 ML, WOODS EXPECTORANT 60 ML, PROCOLD FLU PE
125055259;Mei 26, 2025;KOMIX HERBAL 15 ML, FATIGON KAPLET 10X6S, SAKATONIK ABC ANGGUR30TAB
125055260;Mei 26, 2025;KALPANAX K CREAM 5 GR, KALPANAX KRIM 10 GR, CEREBROFORT GOLD ORANGE 100 ML, CEREBROFORT GOLD ORANGE 200 ML, PROMAG SUSPENSI BTL 60 ML, SKT ACTIV SIRUP 100 ML, SKT ACTIV SIRUP 300 ML
125055263;Mei 26, 2025;FATIGON SPIRIT BOX 10X6S, ENTROSTOP 10'S, SAKATONIK ABC ANTARIKSA 30 TAB, SKT ABC CURCUMA MADU
125055267;Mei 26, 2025;SAKATONIK ABC ANTARIKSA 30 TAB, SAKATONIK ABC ANGGUR30TAB
125055302;Mei 26, 2025;CEREBROFORT GOLD ORANGE 100 ML, CEREBROFORT MG STRAW SCH
125055310;Mei 26, 2025;KALPANAX KRIM 10 GR, FATIGON SPIRIT BOX 10X6S
125055314;Mei 26, 2025;WOODS EXPECTORANT 60 ML, PROMAG TABLET
125055321;Mei 26, 2025;KOMIX KID STRAWBERRY PACK, KOMIX J.NIPIS G-FORMULA B
125055343;Mei 26, 2025;BEJO ANAK JAHE MERAH 5S, BEJO JAHE MERAH HERBAL 12 SC, KOMIX HERBAL ORI PACK
125055344;Mei 26, 2025;CEREBROFORT M.G. AGGR SCH, CEREBROFORT MG MGA SCH, CEREBROFORT MG JRK SCH, CEREBROFORT MG STRAW SCH
125055345;Mei 26, 2025;BEJO JAHE MERAH HERBAL 12 SC, KOMIX HERBAL ORI PACK, FATIGON KAPLET 10X6S, SAKATONIK ABC STRAWBERRY
125055346;Mei 26, 2025;BEJO JAHE MERAH HERBAL 12 SC, KOMIX HERBAL ORI PACK, CEREBROFORT M.G. AGGR SCH, CEREBROFORT MG STRAW SCH, FATIGON KAPLET 10X6S, SAKATONIK ABC STRAWBERRY
125055351;Mei 26, 2025;BEJO JAHE MERAH HERBAL 12 SC, KOMIX HERBAL ORI PACK, CEREBROFORT M.G. AGGR SCH, CEREBROFORT MG STRAW SCH, FATIGON KAPLET 10X6S, SAKATONIK ABC STRAWBERRY
125055361;Mei 26, 2025;KOMIX HERBAL JERUK NIPIS, KOMIX HERBAL ORI PACK, FATIGON SPIRIT BOX 10X6S
125055367;Mei 26, 2025;KALPANAX K CREAM 5 GR, WOODS COUGH SYR ATT  60ML, WOODS EXPECTORANT 60 ML
125055373;Mei 26, 2025;KOMIX JAHE G-FORMULA BOX, KOMIX J.NIPIS G-FORMULA B
125055378;Mei 26, 2025;BEJO JAHE MERAH HERBAL 12 SC, KOMIX HERBAL LEMON, KOMIX HERBAL 15 ML, KOMIX KID OBH PE, KOMIX OBH PE, PUYER OSK BT NO.16/BOX, KALPANAX K CREAM 5 GR
125055379;Mei 26, 2025;CEREBROFORT MG MGA SCH, CEREBROFORT MG STRAW SCH
125055380;Mei 26, 2025;CEREBROFORT GOLD ORANGE 100 ML, CEREBROFORT GOLD ORANGE 200 ML, PROMAG TABLET
125055381;Mei 26, 2025;WOODS LOZENGES 6'S, WOODS LOZ HONEY LEMON
125055382;Mei 26, 2025;BEJO JAHE MERAH HERBAL 12 SC, KOMIX HERBAL LEMON, KOMIX HERBAL 15 ML, WOODS EXPECTORANT 100 ML, PROMAG TABLET
125055384;Mei 26, 2025;KOMIX HERBAL LEMON, KOMIX HERBAL 15 ML
125055385;Mei 26, 2025;PROMAG SUSPENSI BTL 60 ML, PROMAG TABLET
125055386;Mei 26, 2025;BEJO JAHE MERAH HERBAL 12 SC, KOMIX HERBAL LEMON, KOMIX HERBAL 15 ML, KOMIX KID OBH PE, KOMIX OBH PE, PUYER OSK BT NO.16/BOX, KALPANAX K CREAM 5 GR
125055399;Mei 26, 2025;KOMIX JAHE G-FORMULA BOX, KOMIX J.NIPIS G-FORMULA B
125055406;Mei 26, 2025;KOMIX KID OBH PE, SKT ACTIV SIRUP 300 ML
125055418;Mei 26, 2025;CEREBROFORT GOLD ORANGE 200 ML, PROMAG HERBAL 15 ML
125055424;Mei 26, 2025;KALPANAX K CREAM 5 GR, PROMAG TABLET, PROCOLD FLU PE
125055446;Mei 26, 2025;CEREBROFORT M.G. AGGR SCH, CEREBROFORT MG MGA SCH, CEREBROFORT MG JRK SCH, CEREBROFORT MG STRAW SCH, FATIGON KAPLET 10X6S, SAKATONIK ABC STRAWBERRY
125055477;Mei 26, 2025;KOMIX JAHE G-FORMULA BOX, MEXTRIL BATUK-TABLET BOX, PROCOLD FLU PE
125055480;Mei 26, 2025;KOMIX PEPP.G-FORMULA BOX, KOMIX HERBAL LEMON, KOMIX OBH PE, WOODS COUGH SYR ATT 100ML, WOODS COUGH SYR ATT  60ML, WOODS EXPECTORANT 60 ML
125055503;Mei 26, 2025;KALPANAX K CREAM 5 GR, KALPANAX SALEP 6G/12, KALPANAX KRIM 10 GR, ENTROSTOP HERBAL ANAK, PROMAG HERBAL 15 ML, CEREBROFORT M.G. AGGR SCH, CEREBROFORT MG JRK SCH, CEREBROFORT MG STRAW SCH, ENTROSTOP 10'S, PROCOLD FLU PE, PROMAG TABLET
125055504;Mei 26, 2025;PUYER OSK BT NO.16/BOX, PROMAG HERBAL 15 ML
125055505;Mei 26, 2025;WOODS EXPECTORANT 60 ML, WOODS EXPECTORANT 100 ML, PROMAG TABLET
125055506;Mei 26, 2025;WOODS NATURALS SYR 60 ML, CEREBROFORT MG JRK SCH, CEREBROFORT MG STRAW SCH, FATIGON KAPLET 10X6S, SAKATONIK ABC STRAWBERRY
125055507;Mei 26, 2025;PROMAG SUSPENSI 10ML/6, PROMAG HERBAL 15 ML
125055516;Mei 26, 2025;KALPANAX K CREAM 5 GR, KALPANAX KRIM 10 GR
125055522;Mei 26, 2025;KOMIX J.NIPIS G-FORMULA B, WOODS COUGH SYR ATT 100ML, WOODS COUGH SYR ATT  60ML
125055523;Mei 26, 2025;KOMIX HERBAL 15 ML, KOMIX HERBAL ORI PACK, FATIGON KAPLET 10X6S, FATIGON SPIRIT BOX 10X6S
125055558;Mei 26, 2025;WOODS NATURALS SYR 60 ML, CEREBROFORT MG STRAW SCH, SAKATONIK ABC STRAWBERRY
125055590;Mei 26, 2025;BEJO JAHE MERAH HERBAL 12 SC, PROMAG HERBAL 15 ML, CEREBROFORT MG MGA SCH, CEREBROFORT MG JRK SCH, CEREBROFORT MG STRAW SCH, FATIGON KAPLET 10X6S, SAKATONIK ABC STRAWBERRY
125055596;Mei 26, 2025;KOMIX JAHE G-FORMULA BOX, KOMIX J.NIPIS G-FORMULA B, KOMIX OBH PE
125055608;Mei 26, 2025;KALPANAX KRIM 10 GR, KOMIX HERBAL 15 ML, KOMIX KID OBH PE, KOMIX OBH PE, CEREBROFORT MG STRAW SCH
125055609;Mei 26, 2025;ENTROSTOP 10'S, PROMAG TABLET
125055611;Mei 26, 2025;WOODS EXPECTORANT 60 ML, SKT ABC CURCUMA MADU
125055613;Mei 26, 2025;CEREBROFORT GOLD ORANGE 100 ML, PROMAG SUSPENSI 10ML/6
125055614;Mei 26, 2025;ENTROSTOP HERBAL ANAK, WOODS EXPECTORANT 60 ML, ENTROSTOP 10'S
125055620;Mei 26, 2025;KOMIX HERBAL JERUK NIPIS, WOODS EXPECTORANT 100 ML
125055632;Mei 26, 2025;PUYER OSK BT NO.16/BOX, FATIGON KAPLET 10X6S, FATIGON SPIRIT BOX 10X6S, ENTROSTOP 10'S
125055666;Mei 27, 2025;PUYER OSK BT NO.16/BOX, ENTROSTOP HERBAL ANAK, PROMAG SUSPENSI BTL 60 ML, WOODS LOZENGES LEMON VITAMIN C
125055669;Mei 27, 2025;WOODS EXPECTORANT 60 ML, PROMAG TABLET
125055672;Mei 27, 2025;CEREBROFORT M.G. AGGR SCH, CEREBROFORT MG MGA SCH, CEREBROFORT MG JRK SCH, CEREBROFORT MG STRAW SCH, SAKATONIK ABC STRAWBERRY
125055702;Mei 27, 2025;SKT ACTIV SIRUP 100 ML, SKT ACTIV SIRUP 300 ML, CEREBROFORT M.G. AGGR SCH, CEREBROFORT MG JRK SCH, CEREBROFORT MG STRAW SCH, SAKATONIK ABC ANGGUR30TAB, SAKATONIK ABC ORANGE 30TAB
125055704;Mei 27, 2025;KOMIX HERBAL 15 ML, ENTROSTOP HERBAL ANAK, PROMAG HERBAL 15 ML
125055705;Mei 27, 2025;KOMIX HERBAL 15 ML, KOMIX OBH PE
125055726;Mei 27, 2025;B7 SLASI JERUK NIPIS 12'S, EXTRA JOSS ACTIVE 12SCH
125055738;Mei 27, 2025;CEREBROFORT GOLD ORANGE 200 ML, PROMAG HERBAL 15 ML, SKT ACTIV SIRUP 300 ML, PROCOLD FLU PE, PROMAG TABLET, SAKATONIK ABC ORANGE 30TAB
125055744;Mei 27, 2025;ENTROSTOP HERBAL ANAK, SAKATONIK ABC ANTARIKSA 30 TAB, SAKATONIK ABC ORANGE 30TAB
125055749;Mei 27, 2025;WOODS EXPECTORANT 60 ML, WOODS EXPECTORANT 100 ML
125055753;Mei 27, 2025;CEREBROFORT M.G. AGGR SCH, CEREBROFORT MG MGA SCH, CEREBROFORT MG JRK SCH, CEREBROFORT MG STRAW SCH, SAKATONIK ABC STRAWBERRY, SAKATONIK ABC ANGGUR30TAB
125055755;Mei 27, 2025;CEREBROFORT M.G. AGGR SCH, CEREBROFORT MG MGA SCH, CEREBROFORT MG JRK SCH, CEREBROFORT MG STRAW SCH, SAKATONIK ABC STRAWBERRY
125055756;Mei 27, 2025;MIXAGRIP HERBAL GREGES, SKT ACTIV SIRUP 100 ML, CEREBROFORT M.G. AGGR SCH, CEREBROFORT MG MGA SCH, CEREBROFORT MG JRK SCH, CEREBROFORT MG STRAW SCH, SAKATONIK ABC ANTARIKSA 30 TAB, SAKATONIK ABC STRAWBERRY, SAKATONIK ABC ANGGUR30TAB, SKT ABC CURCUMA MADU
125055767;Mei 27, 2025;WOODS COUGH SYR ATT  60ML, WOODS EXPECTORANT 60 ML
125055773;Mei 27, 2025;SKT ACTIV SIRUP 300 ML, SAKATONIK ABC ANTARIKSA 30 TAB, SAKATONIK ABC STRAWBERRY, SAKATONIK ABC ANGGUR30TAB
125055777;Mei 27, 2025;KOMIX HERBAL JERUK NIPIS, KOMIX HERBAL ORI PACK, KOMIX HERBAL PEPPERMINT, PUYER OSK BT NO.16/BOX
125055783;Mei 27, 2025;KALPANAX K CREAM 5 GR, CEREBROFORT GOLD ORANGE 100 ML
125055795;Mei 27, 2025;PUYER OSK BT NO.16/BOX, WOODS COUGH SYR ATT 100ML, WOODS COUGH SYR ATT  60ML, FATIGON SPIRIT BOX 10X6S, MIXAGRIP FLU &BATUK PE, MIXAGRIP FLU KAPLET 25X4, PROCOLD FLU BATUK PE, PROCOLD FLU PE
125055800;Mei 27, 2025;KOMIX HERBAL KIDS 10 ML, KOMIX HERBAL 15 ML, WOODS NATURALS SYR 60 ML
125055801;Mei 27, 2025;KALPANAX K CREAM 5 GR, PROMAG HERBAL 15 ML, ENTROSTOP 10'S
125055825;Mei 27, 2025;BEJO JAHE MERAH HERBAL 12 SC, CEREBROFORT GOLD ORANGE 100 ML, ENTROSTOP HERBAL ANAK, KOMIX HERBAL ORI PACK, CEREBROFORT M.G. AGGR SCH, CEREBROFORT MG MGA SCH, CEREBROFORT MG JRK SCH, CEREBROFORT MG STRAW SCH, FATIGON KAPLET 10X6S, SAKATONIK ABC STRAWBERRY
125055826;Mei 27, 2025;ENTROSTOP HERBAL ANAK, KOMIX HERBAL ORI PACK, MIXAGRIP HERBAL GREGES, CEREBROFORT M.G. AGGR SCH, CEREBROFORT MG MGA SCH, CEREBROFORT MG JRK SCH, CEREBROFORT MG STRAW SCH, FATIGON KAPLET 10X6S
125055839;Mei 27, 2025;KOMIX JAHE G-FORMULA BOX, KOMIX J.NIPIS G-FORMULA B, KOMIX OBH PE
125055840;Mei 27, 2025;WOODS COUGH SYR ATT 100ML, WOODS COUGH SYR ATT  60ML, WOODS EXPECTORANT 60 ML, WOODS EXPECTORANT 100 ML
125055857;Mei 27, 2025;CEREBROFORT M.G. AGGR SCH, CEREBROFORT MG MGA SCH, CEREBROFORT MG JRK SCH, CEREBROFORT MG STRAW SCH
125055862;Mei 27, 2025;SAKATONIK ABC STRAWBERRY, SAKATONIK ABC ANGGUR30TAB
125055876;Mei 27, 2025;CEREBROFORT M.G. AGGR SCH, CEREBROFORT MG JRK SCH, CEREBROFORT MG STRAW SCH, FATIGON KAPLET 10X6S, SAKATONIK ABC STRAWBERRY
125055881;Mei 27, 2025;BEJO JAHE MERAH HERBAL 12 SC, PROMAG HERBAL 15 ML, PROMAG TABLET
125055885;Mei 27, 2025;WOODS LOZENGES 6'S, WOODS LOZENGES ORANGE VITAMIN C
125055892;Mei 27, 2025;KOMIX HERBAL LEMON, KOMIX HERBAL JERUK NIPIS, KOMIX HERBAL 15 ML, KOMIX OBH PE, ENTROSTOP HERBAL ANAK
125055900;Mei 27, 2025;KOMIX PEPP.G-FORMULA BOX, WOODS COUGH SYR ATT 100ML
125055902;Mei 27, 2025;MIXAGRIP FLU &BATUK PE, PROCOLD FLU BATUK PE
125055926;Mei 27, 2025;KOMIX HERBAL ORI PACK, CEREBROFORT GOLD ORANGE 100 ML, PROMAG HERBAL 15 ML, WOODS NATURALS SYR 60 ML, CEREBROFORT MG MGA SCH, SAKATONIK ABC STRAWBERRY
125055946;Mei 27, 2025;EXTRA JOSS ULTIMATE LIQ/24 CAN, EXTRA JOSS ACTIVE 12SCH
125055950;Mei 27, 2025;PROMAG HERBAL 15 ML, EXTRA JOSS ACTIVE 12SCH, WOODS LOZENGES 6'S
125055954;Mei 27, 2025;BEJO JAHE MERAH HERBAL 12 SC, CEREBROFORT M.G. AGGR SCH, CEREBROFORT MG MGA SCH, CEREBROFORT MG JRK SCH, CEREBROFORT MG STRAW SCH, FATIGON KAPLET 10X6S, SAKATONIK ABC STRAWBERRY
125055958;Mei 27, 2025;KALPANAX SALEP 6G/12, ENTROSTOP 10'S, PROMAG TABLET, WOODS COUGH SYR ATT  60ML, WOODS EXPECTORANT 60 ML, WOODS NATURALS SYR 60 ML, CEREBROFORT MG MGA SCH, CEREBROFORT MG JRK SCH, CEREBROFORT MG STRAW SCH, SAKATONIK ABC STRAWBERRY, SAKATONIK ABC ANGGUR30TAB, SKT ABC CURCUMA MADU
125055964;Mei 27, 2025;CEREBROFORT GOLD ORANGE 200 ML, CEREBROFORT M.G. AGGR SCH, CEREBROFORT MG STRAW SCH, FATIGON KAPLET 10X6S, MIXAGRIP FLU KAPLET 25X4, PROCOLD FLU PE
125055972;Mei 27, 2025;KOMIX HERBAL KIDS 10 ML, CEREBROFORT GOLD ORANGE 200 ML, CEREBROFORT GOLD STRAWBERY, CEREBROFORT M.G. AGGR SCH, CEREBROFORT MG JRK SCH, CEREBROFORT MG STRAW SCH, CEREBROFORT M.G. TROPICAL FRUIT, PROCOLD FLU PE
125055974;Mei 27, 2025;KALPANAX K CREAM 5 GR, KALPANAX SALEP 6G/12, KALPANAX KRIM 10 GR, WOODS EXPECTORANT 60 ML, ENTROSTOP 10'S, PROMAG TABLET
125055988;Mei 27, 2025;WOODS COUGH SYR ATT 100ML, WOODS COUGH SYR ATT  60ML, PROCOLD FLU BATUK PE
125055989;Mei 27, 2025;MIXAGRIP FLU &BATUK PE, PROCOLD FLU BATUK PE
125055993;Mei 27, 2025;BEJO JAHE MERAH HERBAL 6S MT, KALPANAX K CREAM 5 GR, KALPANAX KRIM 10 GR, PROMAG HERBAL 15 ML, CEREBROFORT MG STRAW SCH
125056031;Mei 27, 2025;CEREBROFORT M.G. AGGR SCH, SKT ABC CURCUMA MADU, XONCE TAB BOX 50'S
125056056;Mei 27, 2025;CEREBROFORT M.G. AGGR SCH, CEREBROFORT MG MGA SCH, CEREBROFORT MG JRK SCH, CEREBROFORT MG STRAW SCH, FATIGON KAPLET 10X6S, SAKATONIK ABC STRAWBERRY
125056075;Mei 27, 2025;PROMAG HERBAL 15 ML, PROMAG TABLET
125056138;Mei 27, 2025;KOMIX JAHE G-FORMULA BOX, KOMIX J.NIPIS G-FORMULA B
125056140;Mei 27, 2025;KOMIX JAHE G-FORMULA BOX, KOMIX J.NIPIS G-FORMULA B
125056146;Mei 27, 2025;BEJO JAHE MERAH HERBAL 12 SC, KOMIX HERBAL ORI PACK, CEREBROFORT GOLD ORANGE 100 ML, ENTROSTOP HERBAL ANAK, CEREBROFORT M.G. AGGR SCH, CEREBROFORT MG MGA SCH, CEREBROFORT MG JRK SCH, CEREBROFORT MG STRAW SCH, FATIGON KAPLET 10X6S, SAKATONIK ABC STRAWBERRY
125056149;Mei 27, 2025;CEREBROFORT M.G. AGGR SCH, CEREBROFORT MG MGA SCH, CEREBROFORT MG JRK SCH, CEREBROFORT MG STRAW SCH, FATIGON KAPLET 10X6S, SAKATONIK ABC STRAWBERRY
125056173;Mei 27, 2025;ENTROSTOP HERBAL ANAK, KOMIX J.NIPIS G-FORMULA B, KOMIX OBH PE, PUYER OSK BT NO.16/BOX, ENTROSTOP 10'S, PROCOLD FLU BATUK PE
125056174;Mei 27, 2025;KOMIX JAHE G-FORMULA BOX, KOMIX J.NIPIS G-FORMULA B
125056175;Mei 27, 2025;KOMIX JAHE G-FORMULA BOX, KOMIX J.NIPIS G-FORMULA B, KOMIX OBH PE
125056197;Mei 27, 2025;BEJO JAHE MERAH HERBAL 12 SC, EXTRA JOSS ULTIMATE LIQ/24 CAN
125056208;Mei 27, 2025;CEREBROFORT GOLD ORANGE 100 ML, FATIGON KAPLET 10X6S, ENTROSTOP 10'S
125056211;Mei 27, 2025;KOMIX HERBAL LEMON, KOMIX HERBAL 15 ML, SAKATONIK ABC ANTARIKSA 30 TAB, SAKATONIK ABC STRAW 30TAB
125056214;Mei 27, 2025;PROMAG TABLET, WOODS LOZENGES 6'S
125056232;Mei 27, 2025;BEJO JAHE MERAH HERBAL 12 SC, KOMIX HERBAL ORI PACK, EXTRA JOSS ACTIVE 12SCH, EXTRA JOSS GO RASA ANGGUR, EXTRA JOSS MANGGA LAKI, MIXAGRIP HERBAL GREGES, EXTRA JOSS ULTIMATE LIQ/24 CAN
125056237;Mei 27, 2025;KALPANAX SALEP 6G/12, BEJO JAHE MERAH HERBAL 12 SC, SKT ACTIV SIRUP 300 ML
125056238;Mei 27, 2025;EJ SPORT GEL ORANGE 5 TB, EXTRA JOSS SPORT 5 TB
125056241;Mei 27, 2025;CEREBROFORT M.G. AGGR SCH, CEREBROFORT MG MGA SCH, CEREBROFORT MG JRK SCH, CEREBROFORT MG STRAW SCH, FATIGON KAPLET 10X6S, SAKATONIK ABC STRAWBERRY
125056242;Mei 27, 2025;BEJO JAHE MERAH HERBAL 12 SC, KOMIX HERBAL ORI PACK, CEREBROFORT M.G. AGGR SCH, CEREBROFORT MG MGA SCH, CEREBROFORT MG JRK SCH, CEREBROFORT MG STRAW SCH, FATIGON KAPLET 10X6S, SAKATONIK ABC STRAWBERRY
125056244;Mei 27, 2025;BEJO JAHE MERAH HERBAL 12 SC, KOMIX HERBAL ORI PACK, EXTRA JOSS ACTIVE 12SCH, EXTRA JOSS ULTIMATE LIQ/24 CAN
125056245;Mei 27, 2025;KALPANAX SALEP 6G/12, CEREBROFORT GOLD ORANGE 100 ML, CEREBROFORT GOLD STRAWBERY, ENTROSTOP HERBAL ANAK, PROMAG HERBAL 15 ML, FATIGON SPIRIT BOX 10X6S, SAKATONIK ABC ANTARIKSA 30 TAB, SAKATONIK ABC STRAWBERRY, SAKATONIK ABC ANGGUR30TAB, SAKATONIK ABC ORANGE 30TAB
125056248;Mei 27, 2025;CEREBROFORT M.G. AGGR SCH, CEREBROFORT MG MGA SCH, CEREBROFORT MG JRK SCH, CEREBROFORT MG STRAW SCH, FATIGON KAPLET 10X6S, SAKATONIK ABC STRAWBERRY
125056249;Mei 27, 2025;EJ SPORT GEL ORANGE 5 TB, EXTRA JOSS SPORT 5 TB
125056262;Mei 28, 2025;BEJO JAHE MERAH HERBAL 12 SC, CEREBROFORT GOLD ORANGE 100 ML, ENTROSTOP HERBAL ANAK, KOMIX HERBAL ORI PACK, CEREBROFORT M.G. AGGR SCH, CEREBROFORT MG MGA SCH, CEREBROFORT MG JRK SCH, CEREBROFORT MG STRAW SCH, FATIGON KAPLET 10X6S
125056268;Mei 28, 2025;KOMIX HERBAL 15 ML, B7 SLASI JERUK NIPIS 12'S
125056283;Mei 28, 2025;KOMIX JAHE G-FORMULA BOX, KOMIX KID STRAWBERRY PACK, KOMIX J.NIPIS G-FORMULA B, KOMIX OBH PE
125056284;Mei 28, 2025;BEJO JAHE MERAH HERBAL 12 SC, KOMIX HERBAL JAHE, KOMIX HERBAL JERUK NIPIS, KOMIX HERBAL ORI PACK, KOMIX HERBAL PEPPERMINT, EXTRA JOSS ULTIMATE LIQ/24 CAN
125056286;Mei 28, 2025;ENTROSTOP HERBAL DEWASA 15 ML, PROMAG TABLET, WOODS EXPECTORANT 60 ML, SAKATONIK ABC ANTARIKSA 30 TAB
125056293;Mei 28, 2025;PROMAG SUSPENSI 10ML/6, SAKATONIK ABC ORANGE 30TAB
125056310;Mei 28, 2025;SAKATONIK ABC ANGGUR30TAB, SAKATONIK ABC ORANGE 30TAB
125056331;Mei 28, 2025;BEJO JAHE MERAH HERBAL 12 SC, ENTROSTOP HERBAL ANAK, MIXAGRIP HERBAL GREGES, CEREBROFORT M.G. AGGR SCH, CEREBROFORT MG MGA SCH, CEREBROFORT MG JRK SCH, CEREBROFORT MG STRAW SCH, FATIGON KAPLET 10X6S
125056334;Mei 28, 2025;BEJO JAHE MERAH HERBAL 12 SC, KOMIX HERBAL ORI PACK, CEREBROFORT GOLD ORANGE 100 ML, ENTROSTOP HERBAL ANAK, CEREBROFORT M.G. AGGR SCH, CEREBROFORT MG MGA SCH, CEREBROFORT MG JRK SCH, CEREBROFORT MG STRAW SCH, FATIGON KAPLET 10X6S, SAKATONIK ABC STRAWBERRY
125056335;Mei 28, 2025;KOMIX HERBAL JAHE, KOMIX HERBAL JERUK NIPIS, KOMIX HERBAL ORI PACK, KOMIX HERBAL PEPPERMINT
125056350;Mei 28, 2025;DORIS ANTI FLEAS, PROMAG HERBAL 15 ML, WOODS EXPECTORANT 60 ML, PROCOLD FLU PE, SAKATONIK ABC ANTARIKSA 30 TAB, SAKATONIK ABC ORANGE 30TAB
125056359;Mei 28, 2025;BEJO JAHE MERAH HERBAL 6S MT, BEJO JAHE MERAH HERBAL 12 SC, CEREBROFORT GOLD ORANGE 100 ML, CEREBROFORT GOLD ORANGE 200 ML
125056377;Mei 28, 2025;PROMAG SUSPENSI 10ML/6, PROMAG TABLET
125056382;Mei 28, 2025;KOMIX KID OBH PE, KALPANAX K CREAM 5 GR, FATIGON KAPLET 10X6S, FATIGON SPIRIT BOX 10X6S, ENTROSTOP 10'S, SKT ABC CURCUMA MADU
125056398;Mei 28, 2025;KOMIX HERBAL 15 ML, KALPANAX K CREAM 5 GR, KALPANAX KRIM 10 GR, PROMAG HERBAL 15 ML
125056400;Mei 28, 2025;ENTROSTOP HERBAL ANAK, KOMIX HERBAL 15 ML, SAKATONIK ABC ORANGE 30TAB
125056410;Mei 28, 2025;KALPANAX K CREAM 5 GR, KALPANAX SALEP 6G/12
125056425;Mei 28, 2025;CEREBROFORT GOLD ORANGE 200 ML, KOMIX HERBAL KIDS 10 ML, KOMIX HERBAL 15 ML, WOODS EXPECTORANT 100 ML, PUYER OSK BT NO.16/BOX, FATIGON SPIRIT BOX 10X6S, ENTROSTOP 10'S, PROMAG TABLET, SAKATONIK ABC ANGGUR30TAB, SAKATONIK ABC ORANGE 30TAB, WOODS LOZENGES 6'S
125056432;Mei 28, 2025;KOMIX JAHE G-FORMULA BOX, KOMIX J.NIPIS G-FORMULA B
125056433;Mei 28, 2025;KOMIX JAHE G-FORMULA BOX, KOMIX J.NIPIS G-FORMULA B, WOODS COUGH SYR ATT  60ML
125056465;Mei 28, 2025;EJ SPORT GEL ORANGE 5 TB, EXTRA JOSS SPORT 5 TB
125056479;Mei 28, 2025;WOODS COUGH SYR ATT  60ML, SAKATONIK ABC ANGGUR30TAB
125056480;Mei 28, 2025;CEREBROFORT GOLD ORANGE 100 ML, CEREBROFORT GOLD ORANGE 200 ML
125056485;Mei 28, 2025;WOODS EXPECTORANT 60 ML, PROMAG TABLET
125056486;Mei 28, 2025;KALPANAX K CREAM 5 GR, KOMIX KID OBH PE, SAKATONIK ABC ANGGUR30TAB
125056497;Mei 28, 2025;KOMIX HERBAL LEMON, KOMIX HERBAL 15 ML, MIXAGRIP HERBAL GREGES, FATIGON KAPLET 10X6S
125056510;Mei 28, 2025;KALPANAX K CREAM 5 GR, PROMAG SUSPENSI 10ML/6
125056512;Mei 28, 2025;BEJO JAHE MERAH HERBAL 6S MT, EXTRA JOSS ACTIVE 6 SCH
125056514;Mei 28, 2025;CEREBROFORT MG STRAW SCH, SAKATONIK ABC ANTARIKSA 30 TAB
125056516;Mei 28, 2025;EXTRA JOSS SPORT GEL 2 TB, KOMIX HERBAL ORI PACK, EXTRA JOSS ACTIVE 6 SCH
125056521;Mei 28, 2025;PROMAG HERBAL 15 ML, WOODS NATURALS SYR 60 ML, CEREBROFORT M.G. AGGR SCH, FATIGON SPIRIT BOX 10X6S, SKT ABC CURCUMA MADU
125056534;Mei 28, 2025;KALPANAX SALEP 6G/12, CEREBROFORT M.G. AGGR SCH, CEREBROFORT MG STRAW SCH, SAKATONIK ABC STRAWBERRY, SKT ABC CURCUMA MADU
125056535;Mei 28, 2025;WOODS NATURALS SYR 60 ML, SAKATONIK ABC ORANGE 30TAB
125056555;Mei 28, 2025;PROMAG SUSPENSI BTL 60 ML, WOODS LOZENGES 6'S, WOODS LOZ HONEY LEMON
125056558;Mei 28, 2025;KOMIX HERBAL LEMON, KOMIX HERBAL 15 ML, PROMAG SUSPENSI BTL 60 ML
125056631;Mei 28, 2025;CEREBROFORT M.G. AGGR SCH, CEREBROFORT MG MGA SCH, CEREBROFORT MG JRK SCH, CEREBROFORT MG STRAW SCH
125056635;Mei 28, 2025;KOMIX HERBAL ORI PACK, CEREBROFORT GOLD ORANGE 100 ML, CEREBROFORT M.G. AGGR SCH, CEREBROFORT MG MGA SCH, CEREBROFORT MG JRK SCH, CEREBROFORT MG STRAW SCH, FATIGON KAPLET 10X6S
125056636;Mei 28, 2025;CEREBROFORT GOLD ORANGE 100 ML, CEREBROFORT M.G. AGGR SCH, CEREBROFORT MG MGA SCH, CEREBROFORT MG JRK SCH, CEREBROFORT MG STRAW SCH, FATIGON KAPLET 10X6S, SAKATONIK ABC STRAWBERRY
125056640;Mei 28, 2025;CEREBROFORT GOLD ORANGE 100 ML, CEREBROFORT M.G. AGGR SCH, CEREBROFORT MG MGA SCH, CEREBROFORT MG JRK SCH, CEREBROFORT MG STRAW SCH, FATIGON KAPLET 10X6S, SAKATONIK ABC STRAWBERRY
125056647;Mei 28, 2025;MIXAGRIP HERBAL GREGES, FATIGON KAPLET 10X6S, BEJO JAHE MERAH HERBAL 12 SC
125056660;Mei 28, 2025;KOMIX HERBAL JAHE, KOMIX HERBAL 15 ML, EXTRA JOSS ACTIVE 12SCH
125056661;Mei 28, 2025;BEJO JAHE MERAH HERBAL 12 SC, KOMIX HERBAL ORI PACK, CEREBROFORT GOLD ORANGE 100 ML, CEREBROFORT MG MGA SCH, CEREBROFORT MG JRK SCH, CEREBROFORT MG STRAW SCH, FATIGON KAPLET 10X6S, SAKATONIK ABC STRAWBERRY
125056664;Mei 28, 2025;BEJO JAHE MERAH HERBAL 12 SC, KOMIX HERBAL ORI PACK, CEREBROFORT GOLD ORANGE 100 ML, MIXAGRIP HERBAL GREGES, CEREBROFORT MG MGA SCH, CEREBROFORT MG JRK SCH, CEREBROFORT MG STRAW SCH, FATIGON KAPLET 10X6S, SAKATONIK ABC STRAWBERRY
125056666;Mei 28, 2025;CEREBROFORT M.G. AGGR SCH, CEREBROFORT MG MGA SCH, CEREBROFORT MG JRK SCH, CEREBROFORT MG STRAW SCH
125056670;Mei 28, 2025;MIXAGRIP HERBAL GREGES, FATIGON KAPLET 10X6S, FATIGON SPIRIT BOX 10X6S
125056689;Mei 28, 2025;PROMAG SUSPENSI 10ML/6, SAKATONIK ABC ANTARIKSA 30 TAB, SAKATONIK ABC STRAWBERRY, SAKATONIK ABC ORANGE 30TAB, SKT ABC CURCUMA MADU, WOODS LOZENGES CHERRY 6'S, WOODS LOZENGES 6'S, WOODS LOZ HONEY LEMON, WOODS LOZENGES ORANGE VITAMIN C, WOODS LOZENGES LEMON VITAMIN C
125056710;Mei 28, 2025;CEREBROFORT GOLD ORANGE 100 ML, CEREBROFORT M.G. AGGR SCH, CEREBROFORT MG MGA SCH, CEREBROFORT MG JRK SCH, CEREBROFORT MG STRAW SCH, FATIGON KAPLET 10X6S, SAKATONIK ABC STRAWBERRY
125056711;Mei 28, 2025;BEJO JAHE MERAH HERBAL 12 SC, KOMIX HERBAL ORI PACK, EXTRA JOSS ACTIVE 12SCH, EXTRA JOSS ULTIMATE LIQ/24 CAN
125056747;Mei 28, 2025;KALPANAX K CREAM 5 GR, KALPANAX SALEP 6G/12, ENTROSTOP 10'S
125056753;Mei 28, 2025;BEJO JAHE MERAH HERBAL 12 SC, KOMIX HERBAL KIDS 10 ML, B7 SLASI JERUK NIPIS 12'S, FATIGON SPIRIT BOX 10X6S
125056763;Mei 28, 2025;WOODS COUGH SYR ATT 100ML, PROMAG TABLET
125056768;Mei 28, 2025;PROMAG HERBAL 15 ML, WOODS COUGH SYR ATT  60ML
125056772;Mei 28, 2025;ENTROSTOP HERBAL ANAK, PROMAG TABLET
125056782;Mei 28, 2025;WOODS COUGH SYR ATT 100ML, WOODS EXPECTORANT 60 ML
125056785;Mei 28, 2025;CEREBROFORT GOLD ORANGE 100 ML, WOODS COUGH SYR ATT  60ML
125056793;Mei 28, 2025;WOODS EXPECTORANT 60 ML, PROMAG TABLET
125056796;Mei 28, 2025;KOMIX HERBAL 15 ML, WOODS COUGH SYR ATT 100ML, WOODS EXPECTORANT 60 ML
125056800;Mei 28, 2025;KOMIX PEPP.G-FORMULA BOX, WOODS COUGH SYR ATT 100ML
125056801;Mei 28, 2025;KALPANAX K CREAM 5 GR, WOODS COUGH SYR ATT  60ML
125056802;Mei 28, 2025;PROMAG HERBAL 15 ML, WOODS NATURALS SYR 60 ML
125056804;Mei 28, 2025;FATIGON SPIRIT BOX 10X6S, PROMAG TABLET
125056814;Mei 28, 2025;CEREBROFORT GOLD ORANGE 100 ML, CEREBROFORT M.G. AGGR SCH, CEREBROFORT MG MGA SCH, CEREBROFORT MG JRK SCH, CEREBROFORT MG STRAW SCH, FATIGON KAPLET 10X6S, SAKATONIK ABC STRAWBERRY
125056845;Mei 28, 2025;WOODS COUGH SYR ATT 100ML, WOODS COUGH SYR ATT  60ML
125056859;Mei 28, 2025;SKT ACTIV SIRUP 100 ML, SAKATONIK ABC ANTARIKSA 30 TAB, SKT ABC CURCUMA MADU
125056872;Mei 28, 2025;KOMIX PEPP.G-FORMULA BOX, ENTROSTOP 10'S
125056877;Mei 28, 2025;KALPANAX K CREAM 5 GR, MIXAGRIP FLU KAPLET 25X4
125056888;Mei 30, 2025;BEJO JAHE MERAH HERBAL 12 SC, KOMIX HERBAL ORI PACK, CEREBROFORT GOLD ORANGE 100 ML, EXTRA JOSS ULTIMATE LIQ/24 CAN, CEREBROFORT MG MGA SCH, CEREBROFORT MG JRK SCH, CEREBROFORT MG STRAW SCH, SAKATONIK ABC STRAWBERRY
125056890;Mei 30, 2025;KALPANAX K CREAM 5 GR, KALPANAX SALEP 6G/12, PROMAG TABLET
125056907;Mei 30, 2025;KOMIX HERBAL ORI PACK, EXTRA JOSS ULTIMATE LIQ/24 CAN
125056908;Mei 30, 2025;BEJO JAHE MERAH HERBAL 12 SC, KOMIX HERBAL ORI PACK, MIXAGRIP HERBAL GREGES, CEREBROFORT M.G. AGGR SCH, CEREBROFORT MG MGA SCH, CEREBROFORT MG JRK SCH, CEREBROFORT MG STRAW SCH, FATIGON KAPLET 10X6S, SAKATONIK ABC STRAWBERRY
125056918;Mei 30, 2025;CEREBROFORT GOLD ORANGE 100 ML, SAKATONIK ABC ANTARIKSA 30 TAB, SAKATONIK ABC ANGGUR30TAB, SAKATONIK ABC ORANGE 30TAB, SKT ABC CURCUMA MADU
125056924;Mei 30, 2025;PROMAG HERBAL 15 ML, SKT ACTIV SIRUP 100 ML
125056933;Mei 30, 2025;BEJO JAHE MERAH HERBAL 12 SC, KOMIX HERBAL ORI PACK, WOODS LOZENGES CHERRY 6'S, WOODS LOZENGES 6'S, WOODS LOZ HONEY LEMON
125056940;Mei 30, 2025;KOMIX OBH PE, KALPANAX K CREAM 5 GR, WOODS EXPECTORANT 60 ML
125056955;Mei 30, 2025;BEJO JAHE MERAH HERBAL 12 SC, CEREBROFORT M.G. AGGR SCH, CEREBROFORT MG MGA SCH, CEREBROFORT MG JRK SCH, CEREBROFORT MG STRAW SCH, FATIGON KAPLET 10X6S, SAKATONIK ABC STRAWBERRY
125056956;Mei 30, 2025;BEJO JAHE MERAH HERBAL 12 SC, KOMIX HERBAL ORI PACK, CEREBROFORT GOLD ORANGE 100 ML, CEREBROFORT M.G. AGGR SCH, CEREBROFORT MG MGA SCH, CEREBROFORT MG JRK SCH, CEREBROFORT MG STRAW SCH, FATIGON KAPLET 10X6S, SAKATONIK ABC STRAWBERRY
225000003;Januari 04, 2025;CEREBROFORT GOLD ORANGE 100 ML, CEREBROFORT GOLD ORANGE 200 ML, CEREBROFORT GOLD STRAWBERY, MIXAGRIP HERBAL GREGES
225000017;Januari 31, 2025;SKT ACTIV SIRUP 100 ML, SKT ACTIV SIRUP 300 ML, WOODS NATURALS SYR 60 ML, FATIGON KAPLET 10X6S, FATIGON SPIRIT BOX 10X6S, WOODS LOZENGES 6'S, XONCE TAB BOX 50'S
225000018;Januari 31, 2025;CEREBROFORT GOLD ORANGE 100 ML, CEREBROFORT GOLD ORANGE 200 ML, CEREBROFORT GOLD STRAWBERY, CEREBROFORT M.G. AGGR SCH, CEREBROFORT MG JRK SCH, CEREBROFORT MG STRAW SCH, SAKATONIK ABC STRAW 30TAB, SAKATONIK ABC ANGGUR30TAB, SAKATONIK ABC ORANGE 30TAB, SKT ABC CURCUMA MADU
225000020;Januari 31, 2025;KALPANAX SALEP 6G/12, ENTROSTOP HERBAL DEWASA 15 ML, ENTROSTOP HERBAL ANAK, PROMAG HERBAL 15 ML
225000022;Januari 31, 2025;CEREBROVIT XCEL 10 CAPS, CEREBROFORT GOLD ORANGE 100 ML, CEREBROFORT GOLD ORANGE 200 ML, CEREBROFORT GOLD STRAWBERY, WOODS NATURALS SYR 60 ML, CEREBROFORT M.G. AGGR SCH, CEREBROFORT MG JRK SCH, CEREBROFORT MG STRAW SCH, FATIGON KAPLET 10X6S, FATIGON SPIRIT BOX 10X6S, SAKATONIK ACTIV MULTIVIT ZAT BESI - KAPLET 6S, SAKATONIK ABC STRAW 30TAB, SAKATONIK ABC ANGGUR30TAB, SAKATONIK ABC ORANGE 30TAB, SKT ABC CURCUMA MADU, WOODS LOZENGES 6'S, XONCE TAB BOX 50'S
225000023;Januari 31, 2025;KALPANAX SALEP 6G/12, ENTROSTOP HERBAL DEWASA 15 ML, ENTROSTOP HERBAL ANAK, PROMAG HERBAL 15 ML
225000027;Februari 17, 2025;EJ SPORT GEL ORANGE 5 TB, EXTRA JOSS SPORT 5 TB
225000028;Februari 17, 2025;EJ SPORT GEL ORANGE 5 TB, EXTRA JOSS SPORT 5 TB
225000035;Februari 28, 2025;SKT ACTIV SIRUP 100 ML, SKT ACTIV SIRUP 300 ML, SAKATONIK ACTIV MULTIVIT ZAT BESI - KAPLET 6S, SKT ABC CURCUMA MADU, WOODS LOZENGES 6'S, XONCE TAB BOX 50'S
225000036;Februari 28, 2025;CEREBROVIT XCEL 10 CAPS, CEREBROFORT GOLD ORANGE 100 ML, CEREBROFORT GOLD ORANGE 200 ML, CEREBROFORT GOLD STRAWBERY, FATIGON KAPLET 10X6S, FATIGON SPIRIT BOX 10X6S, SAKATONIK ABC ANTARIKSA 30 TAB, SAKATONIK ABC STRAW 30TAB, SAKATONIK ABC ANGGUR30TAB, SAKATONIK ABC ORANGE 30TAB
225000037;Februari 28, 2025;KALPANAX SALEP 6G/12, ENTROSTOP HERBAL DEWASA 15 ML, ENTROSTOP HERBAL ANAK, PROMAG HERBAL 15 ML
225000038;Februari 28, 2025;CEREBROVIT XCEL 10 CAPS, CEREBROFORT GOLD ORANGE 100 ML, CEREBROFORT GOLD ORANGE 200 ML, CEREBROFORT GOLD STRAWBERY, MIXAGRIP HERBAL GREGES, WOODS NATURALS SYR 60 ML, CEREBROFORT MG STRAW SCH, FATIGON SPIRIT BOX 10X6S, SAKATONIK ABC STRAW 30TAB, SAKATONIK ABC ANGGUR30TAB, WOODS LOZENGES 6'S, XONCE TAB BOX 50'S
225000039;Februari 28, 2025;KALPANAX SALEP 6G/12, ENTROSTOP HERBAL ANAK, PROMAG HERBAL 15 ML
225000040;Februari 28, 2025;FATIGON KAPLET 10X6S, SAKATONIK ABC STRAW 30TAB, SAKATONIK ABC ORANGE 30TAB
225000041;Februari 28, 2025;SAKATONIK ABC ORANGE 30TAB, SKT ABC CURCUMA MADU, WOODS LOZENGES 6'S, WOODS LOZENGES LEMON VITAMIN C, XONCE TAB BOX 50'S
225000042;Maret 04, 2025;CEREBROFORT MG STRAW SCH, WOODS LOZ HONEY LEMON, WOODS LOZENGES LEMON VITAMIN C
225000052;Maret 27, 2025;CEREBROFORT GOLD ORANGE 100 ML, CEREBROFORT GOLD ORANGE 200 ML, CEREBROFORT GOLD STRAWBERY, SKT ACTIV SIRUP 100 ML, SKT ACTIV SIRUP 300 ML, WOODS NATURALS SYR 60 ML, CEREBROFORT M.G. AGGR SCH, FATIGON KAPLET 10X6S, FATIGON SPIRIT BOX 10X6S, SAKATONIK ACTIV MULTIVIT ZAT BESI - KAPLET 6S, SAKATONIK ABC STRAW 30TAB, SAKATONIK ABC ANGGUR30TAB, SAKATONIK ABC ORANGE 30TAB, SKT ABC CURCUMA MADU
225000054;Maret 27, 2025;KALPANAX SALEP 6G/12, ENTROSTOP HERBAL DEWASA 15 ML, ENTROSTOP HERBAL ANAK
225000055;Maret 27, 2025;CEREBROVIT XCEL 10 CAPS, CEREBROFORT GOLD ORANGE 100 ML, CEREBROFORT GOLD ORANGE 200 ML, CEREBROFORT GOLD STRAWBERY, MIXAGRIP HERBAL GREGES, WOODS NATURALS SYR 60 ML, CEREBROFORT MG JRK SCH, CEREBROFORT MG STRAW SCH, FATIGON KAPLET 10X6S, FATIGON SPIRIT BOX 10X6S, SAKATONIK ACTIV MULTIVIT ZAT BESI - KAPLET 6S, SAKATONIK ABC STRAW 30TAB, SAKATONIK ABC ANGGUR30TAB, SAKATONIK ABC ORANGE 30TAB, SKT ABC CURCUMA MADU, WOODS LOZENGES 6'S, WOODS LOZENGES LEMON VITAMIN C, XONCE TAB BOX 50'S
225000056;Maret 27, 2025;KALPANAX SALEP 6G/12, ENTROSTOP HERBAL DEWASA 15 ML, PROMAG HERBAL 15 ML
225000057;Maret 27, 2025;CEREBROFORT GOLD ORANGE 100 ML, MIXAGRIP HERBAL GREGES, WOODS NATURALS SYR 60 ML, FATIGON KAPLET 10X6S, FATIGON SPIRIT BOX 10X6S, SAKATONIK ACTIV MULTIVIT ZAT BESI - KAPLET 6S, SAKATONIK ABC STRAW 30TAB, SAKATONIK ABC ORANGE 30TAB, SKT ABC CURCUMA MADU, XONCE TAB BOX 50'S
225000065;April 30, 2025;CEREBROFORT GOLD ORANGE 100 ML, CEREBROFORT GOLD ORANGE 200 ML, CEREBROFORT GOLD STRAWBERY, SKT ACTIV SIRUP 100 ML, SKT ACTIV SIRUP 300 ML, SAKATONIK ACTIV MULTIVIT ZAT BESI - KAPLET 6S, SAKATONIK ABC STRAW 30TAB, SAKATONIK ABC ANGGUR30TAB, SAKATONIK ABC ORANGE 30TAB, SKT ABC CURCUMA MADU
225000066;April 30, 2025;MIXAGRIP HERBAL GREGES, WOODS NATURALS SYR 60 ML, FATIGON SPIRIT BOX 10X6S, XONCE TAB BOX 50'S
225000067;April 30, 2025;WOODS LOZENGES 6'S, XONCE TAB BOX 50'S
225000068;April 30, 2025;KALPANAX SALEP 6G/12, ENTROSTOP HERBAL DEWASA 15 ML, ENTROSTOP HERBAL ANAK, PROMAG HERBAL 15 ML
225000072;April 30, 2025;KALPANAX SALEP 6G/12, ENTROSTOP HERBAL ANAK
225000073;April 30, 2025;KALPANAX SALEP 6G/12, ENTROSTOP HERBAL DEWASA 15 ML, PROMAG HERBAL 15 ML
225000074;April 30, 2025;CEREBROFORT GOLD ORANGE 100 ML, CEREBROFORT GOLD ORANGE 200 ML, CEREBROFORT GOLD STRAWBERY, MIXAGRIP HERBAL GREGES, FATIGON KAPLET 10X6S, FATIGON SPIRIT BOX 10X6S, SKT ABC CURCUMA MADU, WOODS LOZENGES 6'S, WOODS LOZ HONEY LEMON, WOODS LOZENGES LEMON VITAMIN C, XONCE TAB BOX 50'S
225000075;April 30, 2025;CEREBROFORT MG JRK SCH, CEREBROFORT MG STRAW SCH, SAKATONIK ABC STRAW 30TAB, SAKATONIK ABC ANGGUR30TAB, SAKATONIK ABC ORANGE 30TAB
225000077;Mei 02, 2025;CEREBROFORT GOLD ORANGE 100 ML, CEREBROFORT GOLD ORANGE 200 ML, FATIGON KAPLET 10X6S, SAKATONIK ABC STRAW 30TAB, SAKATONIK ABC ANGGUR30TAB, SKT ABC CURCUMA MADU
225000082;Mei 13, 2025;EJ SPORT GEL ORANGE 5 TB, EXTRA JOSS SPORT 5 TB
325003377;Mei 19, 2025;EJ SPORT GEL ORANGE 5 TB, EXTRA JOSS SPORT 5 TB
425000012;Januari 02, 2025;KALPANAX K CREAM 5 GR, KALPANAX SALEP 6G
425000013;Januari 02, 2025;BEJO JAHE MERAH PACK 6S MT, WOODS EXPECTORANT 60 ML, CEREBROFORT MG STRAW SCH
425000014;Januari 02, 2025;PROMAG HERBAL, PROMAG HERBAL 15 ML, WOODS EXPECTORANT 60 ML, EXTRA JOSS ACTIVE 6 SCH
425000015;Januari 02, 2025;KALPANAX SALEP 6G, WOODS EXPECTORANT 60 ML, EXTRA JOSS ACTIVE 6 SCH, CEREBROFORT MG STRAW SCH, FATIGON SPIRIT STRIP 1X6S
425000016;Januari 02, 2025;KALPANAX SALEP 6G, KOMIX HERBAL 15 ML, WOODS EXPECTORANT 60 ML, CEREBROFORT MG STRAW SCH, MIXAGRIP FLU & BATUK PE
425000017;Januari 02, 2025;KOMIX HERBAL 15 ML, KOMIX OBH, PROMAG HERBAL 15 ML, CEREBROFORT MG STRAW SCH, FATIGON SPIRIT STRIP 1X6S, SAKATONIK ABC STRAW 30TAB
425000039;Januari 02, 2025;KOMIX JAHE G-FORMULA BOX, KOMIX KID STRAWBERRY PACK, KOMIX PEPP.G-FORMULA BOX
425000047;Januari 02, 2025;BEJO ANAK JAHE MRH 1S MT, BEJO ANAK JAHE MERAH 5S
425000163;Januari 03, 2025;BT-MASUK ANGIN 1'S, KOMIX HERBAL 15 ML
425000164;Januari 03, 2025;BEJO JAHE MERAH PACK 6S MT, BEJO JAHE MERAH HERBAL 6S MT
425000166;Januari 03, 2025;PROMAG HERBAL 15 ML, SAKATONIK ACTIV MULTIVIT ZAT BESI - KAPLET 1S, SAKATONIK ABC STRAW 30
425000169;Januari 03, 2025;PROMAG HERBAL 15 ML, CEREBROFORT M.G. AGGR SCH, SAKATONIK ABC ANTARIKSA
425000218;Januari 03, 2025;PROMAG HERBAL 1S, PROMAG HERBAL 15 ML, FATIGON SPIRIT STRIP 1X6S
425000224;Januari 03, 2025;KOMIX HERBAL ORIGINAL 1S, BEJO JAHE MERAH HERBAL 6S MT, KOMIX HERBAL 15 ML, EXTRA JOSS ACTIVE 6 SCH
425000247;Januari 03, 2025;PROMAG HERBAL 1S, PROMAG HERBAL 15 ML, CEREBROFORT M.G. AGGR SCH, FATIGON SPIRIT STRIP 1X6S
425000250;Januari 06, 2025;BEJO JAHE MERAH HERBAL 12 SC, KOMIX HERBAL PEPPERMINT
425000251;Januari 06, 2025;SAKATONIK ACTIV MULTIVIT ZAT BESI - KAPLET 6S, SKT ABC CURCUMA MADU
425000252;Januari 06, 2025;BEJO JAHE MERAH HERBAL 12 SC, KOMIX HERBAL 15 ML, FATIGON KAPLET 10X6S, FATIGON SPIRIT BOX 10X6S
425000255;Januari 06, 2025;PROCOLD FLU BATUK PE, PROCOLD FLU PE, PROCOLD FLU BATUK PE
425000256;Januari 06, 2025;BEJO JAHE MERAH PACK 12SC, SAKATONIK ACTIV MULTIVIT ZAT BESI - KAPLET 6S
425000257;Januari 06, 2025;KOMIX HERBAL JAHE 1S, KOMIX HERBAL JR NIPIS 1S, KOMIX HERBAL ORIGINAL 1S, KOMIX HERBAL PEPP 1S, KOMIX HERBAL JAHE, KOMIX HERBAL KIDS 10 ML, KOMIX HERBAL JERUK NIPIS, KOMIX HERBAL ORI PACK
425000258;Januari 06, 2025;BEJO ANAK JAHE MRH 1S GT, BEJO ANAK JAHE MERAH 12S, EXTRA JOSS ANGGUR LAKI, EXTRA JOSS GO RASA ANGGUR
425000259;Januari 06, 2025;BEJO JAHE MERAH HERBAL 12 SC, FATIGON KAPLET 10X6S, FATIGON SPIRIT BOX 10X6S
425000261;Januari 06, 2025;BEJO JAHE MERAH PACK 12SC, SAKATONIK ACTIV MULTIVIT ZAT BESI - KAPLET 6S
425000265;Januari 06, 2025;KOMIX OBH PE 1'S, KOMIX OBH PE, WAISAN NEW FORMULA  /LUSIN
425000266;Januari 06, 2025;KOMIX J.NIPIS G-FORMULA 1'S, BEJO JAHE MERAH PACK 12SC, KOMIX J.NIPIS G-FORMULA B
425000330;Januari 07, 2025;KOMIX JAHE G-FORMULA 1'S, KOMIX J.NIPIS G-FORMULA 1'S, KOMIX KID STRAWBERRY PACK, SAKATONIK ABC ORANGE 30TAB
425000338;Januari 07, 2025;CEREBROFORT GOLD ORANGE 100 ML, CEREBROFORT GOLD STRAWBERY, KOMIX HERBAL 15 ML, KOMIX KID OBH PE, WOODS COUGH SYR ATT  60ML, WOODS EXPECTORANT 60 ML
425000556;Januari 13, 2025;KALPANAX K CREAM 5 GR, WOODS EXPECTORANT 60 ML
425000560;Januari 13, 2025;PROMAG HERBAL 15 ML, SAKATONIK ABC STRAW 30TAB
425000568;Januari 13, 2025;BEJO JAHE MERAH PACK 6S MT, BEJO JAHE MERAH HERBAL 6S MT
425000570;Januari 13, 2025;PROMAG HERBAL 15 ML, SAKATONIK ABC ANTARIKSA
425000574;Januari 13, 2025;CEREBROFORT M.G. AGGR SCH, CEREBROFORT MG JRK SCH
425000575;Januari 13, 2025;KALPANAX SALEP 6G, PROMAG HERBAL 15 ML, SAKATONIK ABC ANTARIKSA
425000667;Januari 13, 2025;PROMAG HERBAL 15 ML, WOODS NATURALS SYR 60 ML
425000699;Januari 13, 2025;KOMIX HERBAL 15 ML, PROCOLD FLU PE
425000701;Januari 13, 2025;KOMIX HERBAL 15 ML, KOMIX OBH, PROMAG HERBAL 15 ML, WOODS EXPECTORANT 60 ML, EXTRA JOSS ACTIVE 6 SCH, CEREBROFORT MG STRAW SCH, MIXAGRIP FLU & BATUK PE, XON-CE TABLET 2'S
425000705;Januari 13, 2025;BEJO JAHE MERAH HERBAL 6S MT, WOODS NATURALS SYR 60 ML, ENTROSTOP 1'S
425000714;Januari 13, 2025;KOMIX HERBAL 15 ML, KOMIX OBH, PROMAG HERBAL, PROMAG HERBAL 15 ML, WOODS EXPECTORANT 60 ML, WOODS NATURALS SYR 60 ML, EXTRA JOSS ACTIVE 6 SCH, CEREBROFORT MG STRAW SCH, FATIGON SPIRIT STRIP 1X6S, MIXAGRIP 4 TABLET, MIXAGRIP FLU & BATUK PE, PROCOLD FLU PE, WOODS LOZENGES 6'S
425000736;Januari 13, 2025;B7 SLASI JERUK NIPIS 1'S, B7 SLASI JERUK NIPIS 12'S
425000747;Januari 13, 2025;BEJO ANAK JAHE MERAH 5S, KOMIX HERBAL 15 ML, PUYER OSK BT NO.16/BOX, WAISAN NEW FORMULA  /LUSIN, SAKATONIK ABC ANTARIKSA 30 TAB, SAKATONIK ABC ORANGE 30TAB
425000748;Januari 13, 2025;BEJO WEDANG SUSU JAHE MERAH PACK, BEJO WEDANG SUSU JAHE MERAH 10'S
425000753;Januari 13, 2025;EXTRA JOSS GO RASA ANGGUR, EXTRA JOSS MANGGA LAKI
425000756;Januari 13, 2025;BT-MASUK ANGIN 1'S, BEJO JAHE MERAH HERBAL 12 SC, ENTROSTOP HERBAL DEWASA 15 ML  1S, PROMAG HERBAL 15 ML, SAKATONIK ABC ORANGE 30TAB
425000759;Januari 13, 2025;BEJO JAHE MERAH PACK 12SC, SAKATONIK ACTIV MULTIVIT ZAT BESI - KAPLET 6S
425000772;Januari 13, 2025;BEJO JAHE MERAH PACK 12SC, SAKATONIK ACTIV MULTIVIT ZAT BESI - KAPLET 6S
425000773;Januari 13, 2025;MIXAGRIP HERBAL GREGES, SKT ABC CURCUMA MADU
425000775;Januari 13, 2025;BEJO JAHE MERAH PACK 12SC, CEREBROFORT GOLD ORANGE 200 ML, SAKATONIK ACTIV MULTIVIT ZAT BESI - KAPLET 6S, SKT ABC CURCUMA MADU
425000793;Januari 13, 2025;ENTROSTOP HERBAL DEWASA 15 ML, ENTROSTOP HERBAL ANAK
425000795;Januari 13, 2025;KOMIX JAHE G-FORMULA BOX, KOMIX KID STRAWBERRY PACK, KOMIX J.NIPIS G-FORMULA B
425000798;Januari 13, 2025;KALPANAX SALEP 6G/12, KALPANAX KRIM 10 GR, BEJO JAHE MERAH HERBAL 12 SC, CEREBROFORT GOLD ORANGE 200 ML, KOMIX HERBAL 15 ML, KOMIX HERBAL ORI PACK, KOMIX KID OBH PE, WOODS NATURALS SYR 60 ML
425000803;Januari 13, 2025;KOMIX KID STRAWBERRY 1'S, KOMIX KID STRAWBERRY PACK
425000805;Januari 13, 2025;KALPANAX K CREAM 5 GR, KOMIX HERBAL 15 ML, CEREBROFORT M.G. AGGR SCH, CEREBROFORT MG MGA SCH, CEREBROFORT MG STRAW SCH, CEREBROFORT M.G. TROPICAL FRUIT
425000812;Januari 13, 2025;KALPANAX SALEP 6G/12, KALPANAX KRIM 10 GR, BEJO JAHE MERAH HERBAL 12 SC, CEREBROFORT GOLD ORANGE 200 ML, KOMIX HERBAL 15 ML, KOMIX HERBAL ORI PACK, KOMIX KID OBH PE, WOODS NATURALS SYR 60 ML
425000937;Januari 16, 2025;BT-MASUK ANGIN 1'S, EXTRA JOSS ACTIVE 6 SCH
425000948;Januari 16, 2025;PROMAG HERBAL 15 ML, SAKATONIK ABC ANTARIKSA 30 TAB
425000949;Januari 16, 2025;PROMAG HERBAL 1S, PROMAG HERBAL 15 ML
425000953;Januari 16, 2025;KALPANAX K CREAM 5 GR, WOODS EXPECTORANT 60 ML, PROMAG TABLET 1 BLISTER
425000964;Januari 16, 2025;KOMIX KID STRAWBERRY PACK, KOMIX PEPP.G-FORMULA BOX, SAKATONIK ABC ORANGE 30TAB, WOODS LOZENGES 6'S, WOODS LOZ HONEY LEMON
425000965;Januari 16, 2025;KOMIX JAHE G-FORMULA BOX, KOMIX KID STRAWBERRY PACK, SAKATONIK ABC ANGGUR30TAB, SAKATONIK ABC ORANGE 30TAB
425000967;Januari 16, 2025;KALPANAX SALEP 6G/12, KALPANAX KRIM 10 GR, CEREBROFORT GOLD ORANGE 200 ML, KOMIX HERBAL 15 ML, KOMIX HERBAL ORI PACK, WOODS NATURALS SYR 60 ML
425000972;Januari 16, 2025;CEREBROFORT GOLD ORANGE 100 ML, CEREBROFORT GOLD STRAWBERY, KOMIX HERBAL 15 ML, KOMIX HERBAL ORI PACK, KOMIX KID OBH PE, WOODS COUGH SYR ATT  60ML, WOODS EXPECTORANT 60 ML
425000979;Januari 16, 2025;SAKATONIK ABC ANGGUR30TAB, SAKATONIK ABC ORANGE 30TAB, WOODS LOZENGES 6'S, WOODS LOZ HONEY LEMON
425000980;Januari 16, 2025;CEREBROFORT GOLD ORANGE 100 ML, KOMIX HERBAL 15 ML
425000986;Januari 16, 2025;BEJO JAHE MERAH PACK 12SC, CEREBROFORT MG MGA SCH, SAKATONIK ABC ANGGUR30TAB
425000987;Januari 16, 2025;KOMIX HERBAL KIDS 10ML 1TB, KOMIX HERBAL 15 ML 1TB, KOMIX HERBAL KIDS 10 ML
425000988;Januari 16, 2025;ENTROSTOP HERBAL DEWASA 15 ML  1S, ENTROSTOP HERBAL ANAK, PROMAG HERBAL 1S, PROMAG HERBAL
425001094;Januari 17, 2025;BEJO JAHE MERAH PACK 6S MT, KOMIX HERBAL 15 ML, PROMAG HERBAL, WOODS EXPECTORANT 60 ML, EXTRA JOSS ACTIVE 6 SCH, CEREBROFORT MG STRAW SCH
425001095;Januari 17, 2025;MIXAGRIP HERBAL GREGES, SKT ABC CURCUMA MADU
425001098;Januari 17, 2025;MIXAGRIP HERBAL GREGES, SKT ABC CURCUMA MADU
425001099;Januari 17, 2025;BEJO JAHE MERAH HERBAL 12 SC, KOMIX HERBAL LEMON, MIXAGRIP HERBAL GREGES
425001101;Januari 17, 2025;BEJO JAHE MERAH HERBAL 12 SC, KOMIX HERBAL LEMON, MIXAGRIP HERBAL GREGES, CEREBROFORT MG JRK SCH, CEREBROFORT MG STRAW SCH
425001102;Januari 17, 2025;BEJO JAHE MERAH HERBAL 12 SC, KOMIX HERBAL LEMON, MIXAGRIP HERBAL GREGES, CEREBROFORT MG JRK SCH, CEREBROFORT MG STRAW SCH
425001103;Januari 17, 2025;BEJO JAHE MERAH HERBAL 12 SC, KOMIX HERBAL LEMON, MIXAGRIP HERBAL GREGES, CEREBROFORT MG JRK SCH, CEREBROFORT MG STRAW SCH
425001104;Januari 17, 2025;KOMIX HERBAL LEMON, CEREBROFORT MG JRK SCH, CEREBROFORT MG STRAW SCH
425001105;Januari 17, 2025;BEJO JAHE MERAH HERBAL 12 SC, KOMIX HERBAL 15 ML, MIXAGRIP HERBAL GREGES, FATIGON KAPLET 10X6S, FATIGON SPIRIT BOX 10X6S
425001106;Januari 17, 2025;BEJO JAHE MERAH HERBAL 12 SC, KOMIX HERBAL PEPPERMINT, CEREBROFORT M.G. TROPICAL FRUIT
425001107;Januari 17, 2025;CEREBROFORT MG MGA SCH, CEREBROFORT MG JRK SCH, CEREBROFORT M.G. TROPICAL FRUIT
425001109;Januari 17, 2025;BEJO JAHE MERAH HERBAL 12 SC, KOMIX HERBAL 15 ML, MIXAGRIP HERBAL GREGES, FATIGON KAPLET 10X6S, FATIGON SPIRIT BOX 10X6S
425001110;Januari 17, 2025;KOMIX HERBAL LEMON, CEREBROFORT MG JRK SCH, CEREBROFORT MG STRAW SCH
425001113;Januari 17, 2025;BEJO JAHE MERAH HERBAL 1'S, BEJO JAHE MERAH HERBAL 12 SC
425001114;Januari 17, 2025;KALPANAX SALEP 6G/12, CEREBROFORT M.G. TROPICAL FRUIT, SAKATONIK ACTIV MULTIVIT ZAT BESI - KAPLET 1S
425001116;Januari 17, 2025;BEJO JAHE MERAH HERBAL 12 SC, CEREBROFORT M.G. TROPICAL FRUIT
425001207;Januari 18, 2025;MIXAGRIP FLU &BATUK PE, MIXAGRIP FLU KAPLET 25X4
425001208;Januari 18, 2025;KOMIX JAHE G-FORMULA BOX, KOMIX KID STRAWBERRY PACK, KOMIX J.NIPIS G-FORMULA B, KOMIX PEPP.G-FORMULA BOX, SAKATONIK ABC ANGGUR30TAB, SAKATONIK ABC ORANGE 30TAB, WOODS LOZENGES 6'S, WOODS LOZ HONEY LEMON
425001235;Januari 18, 2025;KOMIX HERBAL LEMON, KOMIX HERBAL JERUK NIPIS, KOMIX HERBAL PEPPERMINT, SKT ACTIV SIRUP 300 ML, CEREBROFORT MG JRK SCH, CEREBROFORT MG STRAW SCH
425001374;Januari 21, 2025;PROMAG HERBAL 15 ML, CEREBROFORT MG JRK SCH, SAKATONIK ABC ANTARIKSA
425001377;Januari 21, 2025;PROMAG HERBAL 15 ML, CEREBROFORT MG STRAW SCH
425001387;Januari 21, 2025;PROMAG HERBAL 15 ML, CEREBROFORT MG JRK SCH
425001437;Januari 21, 2025;FATIGON SPIRIT BOX 10X6S, SAKATONIK ABC STRAW 30TAB, SAKATONIK ABC ANGGUR30TAB, WOODS LOZENGES CHERRY 6'S, WOODS LOZENGES 6'S, WOODS LOZ HONEY LEMON
425001442;Januari 21, 2025;CEREBROFORT M.G. TROPICAL FRUIT, SAKATONIK ACTIV MULTIVIT ZAT BESI - KAPLET 6S, SKT ABC CURCUMA MADU
425001467;Januari 21, 2025;CEREBROFORT GOLD STRAWBERY, KOMIX HERBAL ORI PACK, KOMIX KID OBH PE
425001566;Januari 21, 2025;KALPANAX SALEP 6G/12, CEREBROFORT M.G. TROPICAL FRUIT, SAKATONIK ACTIV MULTIVIT ZAT BESI - KAPLET 6S
425001567;Januari 21, 2025;KALPANAX SALEP 6G/12, CEREBROFORT M.G. TROPICAL FRUIT, SAKATONIK ACTIV MULTIVIT ZAT BESI - KAPLET 6S
425001585;Januari 22, 2025;BEJO JAHE MERAH PACK 12SC, KOMIX HERBAL 15 ML, KALPANAX SALEP 6G, CEREBROFORT MG STRAW SCH, SAKATONIK ACTIV MULTIVIT ZAT BESI - KAPLET 6S
425001615;Januari 22, 2025;BEJO JAHE MERAH PACK 12SC, KOMIX HERBAL PEPPERMINT
425001617;Januari 22, 2025;ENTROSTOP HERBAL DEWASA 15 ML, SAKATONIK ACTIV MULTIVIT ZAT BESI - KAPLET 6S, WOODS'LOZ BLACKCURRANT, WOODS LOZENGES ORANGE VITAMIN C
425001621;Januari 22, 2025;KOMIX HERBAL PEPPERMINT, CEREBROFORT M.G. TROPICAL FRUIT, SKT ABC CURCUMA MADU
425001622;Januari 22, 2025;KOMIX HERBAL PEPPERMINT, CEREBROFORT M.G. TROPICAL FRUIT, BEJO JAHE MERAH HERBAL 12 SC
425001623;Januari 22, 2025;NEO ENTROSTOP 12S, FATIGON KAPLET 1X6S, FATIGON SPIRIT STRIP 1X6S
425001632;Januari 22, 2025;BEJO JAHE MERAH HERBAL 12 SC, KOMIX HERBAL ORI PACK, MIXAGRIP HERBAL GREGES
425001633;Januari 22, 2025;KOMIX HERBAL LEMON, MIXAGRIP HERBAL GREGES, CEREBROFORT MG JRK SCH, CEREBROFORT MG STRAW SCH
425001634;Januari 22, 2025;KOMIX HERBAL JERUK NIPIS, KOMIX HERBAL ORI PACK, SAKATONIK ABC ANTARIKSA 30 TAB, SAKATONIK ABC STRAW 30TAB, SAKATONIK ABC ANGGUR30TAB
425001635;Januari 22, 2025;CEREBROFORT GOLD ORANGE 100 ML, CEREBROFORT GOLD STRAWBERY, SAKATONIK ABC STRAW 30TAB
425001636;Januari 22, 2025;MIXAGRIP HERBAL GREGES, CEREBROFORT MG JRK SCH, CEREBROFORT MG STRAW SCH
425001637;Januari 22, 2025;PROMAG HERBAL 15 ML, WOODS NATURALS SYR 60 ML
425001638;Januari 22, 2025;MIXAGRIP HERBAL GREGES, FATIGON KAPLET 10X6S
425001639;Januari 22, 2025;BEJO JAHE MERAH HERBAL 12 SC, KOMIX HERBAL ORI PACK, MIXAGRIP HERBAL GREGES
425001641;Januari 22, 2025;BEJO JAHE MERAH PACK 12SC, KOMIX HERBAL 15 ML, KALPANAX SALEP 6G/12, CEREBROFORT M.G. TROPICAL FRUIT, SAKATONIK ACTIV MULTIVIT ZAT BESI - KAPLET 6S
425001642;Januari 22, 2025;KOMIX HERBAL 15 ML, MIXAGRIP HERBAL GREGES, FATIGON KAPLET 10X6S, FATIGON SPIRIT BOX 10X6S, WOODS LOZENGES ORANGE VITAMIN C
425001645;Januari 22, 2025;BEJO JAHE MERAH HERBAL 12 SC, PROMAG HERBAL 15 ML, CEREBROFORT MG JRK SCH, CEREBROFORT MG STRAW SCH, SKT ABC CURCUMA MADU
425001646;Januari 22, 2025;BEJO JAHE MERAH HERBAL 12 SC, KOMIX HERBAL PEPPERMINT, CEREBROFORT M.G. TROPICAL FRUIT, SAKATONIK ABC ORANGE 30TAB, WOODS LOZENGES 6'S
425001647;Januari 22, 2025;BEJO JAHE MERAH HERBAL 12 SC, MIXAGRIP HERBAL GREGES, CEREBROFORT MG JRK SCH, CEREBROFORT MG STRAW SCH
425001648;Januari 22, 2025;MIXAGRIP HERBAL GREGES, FATIGON KAPLET 10X6S, FATIGON SPIRIT BOX 10X6S
425001721;Januari 23, 2025;BEJO JAHE MERAH PACK 6S MT, PROMAG HERBAL, FATIGON SPIRIT STRIP 1X6S
425001839;Januari 24, 2025;BEJO JAHE MERAH HERBAL 12 SC, SAKATONIK ACTIV MULTIVIT ZAT BESI - KAPLET 6S
425001840;Januari 24, 2025;BEJO ANAK JAHE MRH 1S MT, KOMIX PEPP.G-FORMULA BOX
425001862;Januari 24, 2025;BEJO JAHE MERAH HERBAL 12 SC, KOMIX HERBAL PEPPERMINT, CEREBROFORT M.G. TROPICAL FRUIT
425001863;Januari 24, 2025;BEJO JAHE MERAH HERBAL 12 SC, CEREBROFORT MG JRK SCH, CEREBROFORT MG STRAW SCH
425001864;Januari 24, 2025;BEJO JAHE MERAH HERBAL 12 SC, KOMIX HERBAL PEPPERMINT, CEREBROFORT M.G. TROPICAL FRUIT
425001939;Januari 25, 2025;KOMIX HERBAL 15 ML, KOMIX HERBAL ORI PACK
425001946;Januari 25, 2025;BEJO JAHE MERAH HERBAL 12 SC, WOODS NATURALS SYR 60 ML
425001947;Januari 25, 2025;KALPANAX SALEP 6G/12, KALPANAX KRIM 10 GR, KOMIX HERBAL ORIGINAL 1S, BEJO JAHE MERAH HERBAL 12 SC, CEREBROFORT GOLD ORANGE 200 ML, KOMIX KID OBH PE
425001948;Januari 25, 2025;BEJO JAHE MERAH HERBAL 12 SC, KOMIX HERBAL 15 ML, KOMIX HERBAL ORI PACK, WOODS NATURALS SYR 60 ML
425001951;Januari 25, 2025;BEJO JAHE MERAH HERBAL 12 SC, KOMIX HERBAL LEMON, KOMIX HERBAL JERUK NIPIS, KOMIX HERBAL PEPPERMINT, SKT ACTIV SIRUP 300 ML, CEREBROFORT MG JRK SCH, CEREBROFORT MG STRAW SCH
425001952;Januari 25, 2025;BEJO JAHE MERAH HERBAL 12 SC, KOMIX HERBAL LEMON, KOMIX HERBAL PEPPERMINT, SKT ACTIV SIRUP 300 ML, CEREBROFORT MG JRK SCH, CEREBROFORT MG STRAW SCH
425001953;Januari 25, 2025;KOMIX JAHE G-FORMULA BOX, KOMIX KID STRAWBERRY PACK, KOMIX J.NIPIS G-FORMULA B, KOMIX PEPP.G-FORMULA BOX, SAKATONIK ABC ANGGUR30TAB, SAKATONIK ABC ORANGE 30TAB, WOODS LOZENGES 6'S, WOODS LOZ HONEY LEMON
425001959;Januari 25, 2025;KOMIX HERBAL LEMON, KOMIX HERBAL PEPPERMINT, SKT ACTIV SIRUP 300 ML, CEREBROFORT MG JRK SCH, CEREBROFORT MG STRAW SCH
425001960;Januari 25, 2025;BEJO JAHE MERAH HERBAL 12 SC, KOMIX HERBAL LEMON, KOMIX HERBAL PEPPERMINT, SKT ACTIV SIRUP 300 ML, CEREBROFORT MG JRK SCH, CEREBROFORT MG STRAW SCH
425001976;Januari 25, 2025;KALPANAX SALEP 6G/12, CEREBROFORT GOLD ORANGE 200 ML, WOODS NATURALS SYR 60 ML
425001999;Januari 25, 2025;KALPANAX SALEP 6G/12, CEREBROFORT GOLD ORANGE 200 ML, WOODS NATURALS SYR 60 ML
425002316;Februari 01, 2025;CEREBROFORT MG STRAW SCH, FATIGON SPIRIT STRIP 1X6S
425002319;Februari 01, 2025;CEREBROFORT M.G. AGGR SCH, SAKATONIK ABC STRAW 30TAB
425002320;Februari 01, 2025;BEJO JAHE MERAH PACK 6S MT, KOMIX HERBAL 15 ML
425002324;Februari 01, 2025;BEJO JAHE MERAH PACK 6S MT, BEJO JAHE MERAH HERBAL 6S MT, KOMIX HERBAL 15 ML
425002370;Februari 03, 2025;CEREBROFORT MG STRAW SCH, SAKATONIK ABC STRAW 30
425002381;Februari 03, 2025;KOMIX HERBAL ORIGINAL 1S, BEJO JAHE MERAH PACK 6S MT
425002383;Februari 03, 2025;CEREBROFORT M.G. AGGR SCH, CEREBROFORT MG JRK SCH, SAKATONIK ABC STRAW 30
425002390;Februari 03, 2025;CEREBROFORT M.G. AGGR SCH, CEREBROFORT MG JRK SCH
425002399;Februari 03, 2025;PROMAG HERBAL 15 ML, CEREBROFORT MG STRAW SCH
425002400;Februari 03, 2025;KALPANAX SALEP 6G/12, SAKATONIK ABC STRAW 30
425002407;Februari 03, 2025;CEREBROFORT MG JRK SCH, FATIGON SPIRIT STRIP 1X6S
425002409;Februari 03, 2025;CEREBROFORT M.G. AGGR SCH, CEREBROFORT MG STRAW SCH
425002414;Februari 03, 2025;KALPANAX SALEP 6G, SAKATONIK ACTIV MULTIVIT ZAT BESI - KAPLET 1S, SAKATONIK ABC STRAW 30TAB
425002420;Februari 03, 2025;CEREBROFORT M.G. AGGR SCH, CEREBROFORT MG JRK SCH
425002423;Februari 03, 2025;CEREBROFORT MG STRAW SCH, SAKATONIK ABC ANTARIKSA
425002437;Februari 03, 2025;BEJO JAHE MERAH PACK 6S MT, EXTRA JOSS SPORT GEL 2 TB
425002438;Februari 03, 2025;KALPANAX SALEP 6G, CEREBROFORT MG STRAW SCH
425002456;Februari 03, 2025;KOMIX HERBAL LEMON, KOMIX HERBAL JERUK NIPIS, KOMIX HERBAL PEPPERMINT, SKT ACTIV SIRUP 300 ML
425002458;Februari 03, 2025;WOODS LOZENGES 6'S, WOODS LOZ HONEY LEMON
425002563;Februari 03, 2025;KOMIX JAHE G-FORMULA BOX, KOMIX J.NIPIS G-FORMULA B, KOMIX PEPP.G-FORMULA BOX
425002564;Februari 03, 2025;CEREBROFORT GOLD ORANGE 100 ML, CEREBROFORT GOLD STRAWBERY, KOMIX HERBAL ORI PACK, KOMIX OBH PE, WOODS EXPECTORANT 60 ML
425002565;Februari 03, 2025;BEJO ANAK JAHE MERAH 5S, PROMAG SUSPENSI BTL 60 ML
425002567;Februari 03, 2025;KOMIX JAHE G-FORMULA BOX, KOMIX KID STRAWBERRY PACK, KOMIX J.NIPIS G-FORMULA B, KOMIX PEPP.G-FORMULA BOX, SAKATONIK ABC ANGGUR30TAB, SAKATONIK ABC ORANGE 30TAB
425002573;Februari 03, 2025;BEJO JAHE MERAH HERBAL 12 SC, KOMIX HERBAL PEPPERMINT
425002575;Februari 03, 2025;KOMIX OBH PE, PROMAG SUSPENSI BTL 60 ML, PROMAG HERBAL 15 ML, MIXAGRIP FLU KAPLET 25X4, PROMAG TABLET
425002579;Februari 03, 2025;SKT ACTIV SIRUP 300 ML, SAKATONIK ABC STRAW 30TAB, SAKATONIK ABC ANGGUR30TAB
425002587;Februari 03, 2025;KOMIX HERBAL LEMON, CEREBROFORT MG JRK SCH, CEREBROFORT MG STRAW SCH
425002591;Februari 03, 2025;BEJO JAHE MERAH HERBAL 12 SC, KOMIX HERBAL LEMON, MIXAGRIP HERBAL GREGES, CEREBROFORT MG JRK SCH, CEREBROFORT MG STRAW SCH
425002593;Februari 03, 2025;KOMIX HERBAL JERUK NIPIS, PROCOLD FLU BATUK PE, CEREBROFORT M.G. TROPICAL FRUIT, PROCOLD FLU PE
425002602;Februari 03, 2025;BT-MASUK ANGIN 1'S, BEJO JAHE MERAH PACK 6S MT
425002603;Februari 03, 2025;BEJO JAHE MERAH EXTRA 1'S, BEJO JAHE MERAH EXTRA 6'S, EXTRA JOSS MANGGA LAKI
425002604;Februari 03, 2025;BEJO ANAK JAHE MRH 1S GT, BEJO ANAK JAHE MERAH 5S, BEJO ANAK JAHE MERAH 12S
425002605;Februari 03, 2025;KOMIX HERBAL KIDS 10 ML, KOMIX HERBAL LEMON, KOMIX HERBAL 15 ML
425002606;Februari 03, 2025;BEJO JAHE MERAH HERBAL 12 SC, B7 SLASI JERUK NIPIS 12'S, WOODS LOZENGES 6'S
425002607;Februari 03, 2025;MIXAGRIP HERBAL GREGES, FATIGON KAPLET 10X6S
425002627;Februari 03, 2025;SAKATONIK ACTIV MULTIVIT ZAT BESI - KAPLET 6S, SKT ABC CURCUMA MADU
425002639;Februari 03, 2025;BEJO JAHE MERAH HERBAL 12 SC, KOMIX HERBAL ORI PACK, KOMIX HERBAL PEPPERMINT, CEREBROFORT M.G. TROPICAL FRUIT
425002645;Februari 03, 2025;MIXAGRIP HERBAL GREGES, FATIGON KAPLET 10X6S, FATIGON SPIRIT BOX 10X6S
425002649;Februari 03, 2025;MIXAGRIP HERBAL GREGES, FATIGON KAPLET 10X6S, FATIGON KAPLET 1X6S
425002650;Februari 03, 2025;BEJO JAHE MERAH HERBAL 12 SC, KOMIX HERBAL LEMON, MIXAGRIP HERBAL GREGES, PROMAG HERBAL 15 ML, CEREBROFORT MG JRK SCH, CEREBROFORT MG STRAW SCH
425002651;Februari 03, 2025;CEREBROFORT M.G. TROPICAL FRUIT, SAKATONIK ACTIV MULTIVIT ZAT BESI - KAPLET 6S, SKT ABC CURCUMA MADU
425002655;Februari 03, 2025;MIXAGRIP HERBAL GREGES, CEREBROFORT MG JRK SCH, CEREBROFORT MG STRAW SCH, WOODS LOZENGES 6'S, BEJO JAHE MERAH HERBAL 12 SC, KOMIX HERBAL LEMON
425002666;Februari 03, 2025;KALPANAX SALEP 6G/12, ENTROSTOP HERBAL ANAK, SAKATONIK ACTIV 100 ML, SAKATONIK ACTIV 310 ML, FATIGON KAPLET 10X6S, FATIGON SPIRIT BOX 10X6S, PROCOLD FLU PE
425002669;Februari 03, 2025;WAISAN 1 GR / LUSIN, PROCOLD FLU PE, PROCOLD FLU PE
425002749;Februari 04, 2025;KALPANAX K CREAM 5 GR, KALPANAX SALEP 6G, BEJO JAHE MERAH PACK 6S MT, KOMIX HERBAL 15 ML, KOMIX OBH, PROMAG HERBAL, PROMAG HERBAL 15 ML, WOODS EXPECTORANT 60 ML, EXTRA JOSS ACTIVE 6 SCH, CEREBROFORT MG STRAW SCH, SAKATONIK ABC STRAW 30TAB
425002759;Februari 04, 2025;WOODS EXPECTORANT 60 ML, CEREBROFORT MG STRAW SCH, FATIGON SPIRIT STRIP 1X6S
425002763;Februari 04, 2025;KOMIX HERBAL 15 ML, PROMAG HERBAL 15 ML, WOODS EXPECTORANT 60 ML, CEREBROFORT MG STRAW SCH
425002764;Februari 04, 2025;KALPANAX K CREAM 5 GR, KOMIX HERBAL 15 ML, KOMIX OBH, PROMAG HERBAL, PROMAG HERBAL 15 ML, FATIGON SPIRIT STRIP 1X6S
425002765;Februari 04, 2025;PROMAG HERBAL 15 ML, WOODS EXPECTORANT 60 ML, EXTRA JOSS ACTIVE 6 SCH, CEREBROFORT MG STRAW SCH, XON-CE TABLET 2'S
425002771;Februari 04, 2025;KOMIX HERBAL 15 ML, PROMAG HERBAL 15 ML, EXTRA JOSS ACTIVE 6 SCH, CEREBROFORT MG STRAW SCH
425002920;Februari 05, 2025;MIXAGRIP HERBAL GREGES, PROMAG SUSPENSI BTL 60 ML, FATIGON KAPLET 10X6S, FATIGON SPIRIT BOX 10X6S
425002921;Februari 05, 2025;KALPANAX SALEP 6G, WAISAN NEW FORMULA  /LUSIN, SAKATONIK ACTIV MULTIVIT ZAT BESI - KAPLET 6S
425002926;Februari 05, 2025;CEREBROFORT GOLD ORANGE 100 ML, CEREBROFORT GOLD STRAWBERY, ENTROSTOP HERBAL DEWASA 15 ML
425002954;Februari 05, 2025;CEREBROFORT M.G. TROPICAL FRUIT, FATIGON SPIRIT STRIP 1X6S
425002993;Februari 05, 2025;KALPANAX K CREAM 5 GR, KALPANAX SALEP 6G, BEJO JAHE MERAH PACK 6S MT, WOODS EXPECTORANT 60 ML, CEREBROFORT MG STRAW SCH
425003011;Februari 06, 2025;BEJO JAHE MERAH HERBAL 12 SC, SKT ACTIV SIRUP 100 ML, SKT ACTIV SIRUP 300 ML, CEREBROFORT MG JRK SCH, CEREBROFORT MG STRAW SCH
425003014;Februari 06, 2025;KALPANAX SALEP 6G/12, BEJO JAHE MERAH HERBAL 12 SC, KOMIX HERBAL 15 ML
425003016;Februari 06, 2025;KALPANAX SALEP 6G/12, KALPANAX KRIM 10 GR, BEJO JAHE MERAH HERBAL 12 SC, CEREBROFORT GOLD ORANGE 200 ML, KOMIX HERBAL 15 ML, KOMIX HERBAL ORI PACK, KOMIX KID OBH PE
425003019;Februari 06, 2025;BEJO JAHE MERAH HERBAL 12 SC, KOMIX HERBAL LEMON, KOMIX HERBAL JERUK NIPIS, KOMIX HERBAL PEPPERMINT, SKT ACTIV SIRUP 300 ML, CEREBROFORT MG JRK SCH, CEREBROFORT MG STRAW SCH
425003020;Februari 06, 2025;BEJO JAHE MERAH HERBAL 12 SC, KOMIX HERBAL LEMON, KOMIX HERBAL JERUK NIPIS, KOMIX HERBAL PEPPERMINT, SKT ACTIV SIRUP 300 ML, CEREBROFORT MG JRK SCH, CEREBROFORT MG STRAW SCH
425003026;Februari 06, 2025;KOMIX JAHE G-FORMULA BOX, KOMIX KID STRAWBERRY PACK, KOMIX J.NIPIS G-FORMULA B, KOMIX PEPP.G-FORMULA BOX, SAKATONIK ABC ANGGUR30TAB, WOODS LOZENGES 6'S, WOODS LOZ HONEY LEMON
425003155;Februari 07, 2025;CEREBROFORT M.G. AGGR SCH, CEREBROFORT MG JRK SCH
425003164;Februari 07, 2025;SAKATONIK ABC ANTARIKSA, SAKATONIK ABC ANTARIKSA 30 TAB
425003165;Februari 07, 2025;KALPANAX SALEP 6G, CEREBROFORT MG JRK SCH, SAKATONIK ABC STRAW 30TAB
425003178;Februari 07, 2025;SAKATONIK ABC ANTARIKSA, SAKATONIK ABC STRAW 30TAB
425003180;Februari 07, 2025;CEREBROFORT M.G. AGGR SCH, CEREBROFORT MG STRAW SCH
425003188;Februari 07, 2025;PROMAG HERBAL 15 ML, CEREBROFORT MG STRAW SCH
425003193;Februari 07, 2025;CEREBROFORT M.G. AGGR SCH, CEREBROFORT MG JRK SCH
425003194;Februari 07, 2025;CEREBROFORT MG STRAW SCH, FATIGON SPIRIT STRIP 1X6S, SAKATONIK ABC STRAW 30
425003196;Februari 07, 2025;KALPANAX SALEP 6G, CEREBROFORT MG JRK SCH, SAKATONIK ABC ANTARIKSA
425003210;Februari 07, 2025;KALPANAX SALEP 6G, EXTRA JOSS ACTIVE 6 SCH
425003244;Februari 07, 2025;KALPANAX SALEP 6G, BEJO JAHE MERAH PACK 6S MT, PROMAG HERBAL 15 ML, EXTRA JOSS ACTIVE 6 SCH, CEREBROFORT MG STRAW SCH
425003245;Februari 07, 2025;KOMIX HERBAL 15 ML, PROMAG HERBAL, PROMAG HERBAL 15 ML, WOODS EXPECTORANT 60 ML, CEREBROFORT MG STRAW SCH, MIXAGRIP 4 TABLET, PROMAG TABLET 1 BLISTER
425003246;Februari 07, 2025;KALPANAX K CREAM 5 GR, KALPANAX SALEP 6G, KOMIX HERBAL 15 ML, KOMIX OBH, PROMAG HERBAL, PROMAG HERBAL 15 ML, WOODS EXPECTORANT 60 ML, EXTRA JOSS ACTIVE 6 SCH, CEREBROFORT MG STRAW SCH, FATIGON SPIRIT STRIP 1X6S, MIXAGRIP FLU & BATUK PE, PROCOLD FLU PE
425003312;Februari 08, 2025;BEJO JAHE MERAH HERBAL 12 SC, EXTRA JOSS ACTIVE 12SCH, MIXAGRIP HERBAL GREGES, WOODS LOZENGES CHERRY 6'S, WOODS LOZENGES 6'S, WOODS LOZ HONEY LEMON
425003351;Februari 08, 2025;BEJO JAHE MERAH HERBAL 12 SC, MIXAGRIP HERBAL GREGES, FATIGON KAPLET 1X6S, PROMAG SUSPENSI BTL 60 ML
425003362;Februari 08, 2025;KOMIX HERBAL LEMON 1TB, KOMIX HERBAL LEMON, CEREBROFORT MG MIX FRUITS, XON-CE TABLET 2'S, CEREBROFORT MG MGA SCH, SAKATONIK ABC GUMMY F&V 10GUM
425003393;Februari 10, 2025;CEREBROFORT GOLD ORANGE 100 ML, CEREBROFORT GOLD STRAWBERY, KOMIX HERBAL 15 ML, KOMIX HERBAL ORI PACK, KOMIX KID OBH PE, KOMIX OBH PE, WOODS COUGH SYR ATT  60ML, WOODS EXPECTORANT 60 ML
425003395;Februari 10, 2025;ENTROSTOP HERBAL DEWASA 15 ML, ENTROSTOP HERBAL DEWASA 15 ML  1S
425003397;Februari 10, 2025;MIXAGRIP HERBAL GREGES, FATIGON KAPLET 10X6S
425003398;Februari 10, 2025;MIXAGRIP HERBAL GREGES, FATIGON KAPLET 10X6S
425003399;Februari 10, 2025;CEREBROFORT MG JRK SCH, CEREBROFORT MG STRAW SCH
425003400;Februari 10, 2025;KOMIX HERBAL 15 ML, MIXAGRIP HERBAL GREGES, FATIGON KAPLET 10X6S, FATIGON SPIRIT BOX 10X6S
425003402;Februari 10, 2025;BEJO JAHE MERAH HERBAL 12 SC, MIXAGRIP HERBAL GREGES
425003403;Februari 10, 2025;CEREBROFORT M.G. AGGR SCH, CEREBROFORT MG MGA SCH, CEREBROFORT MG JRK SCH, CEREBROFORT MG STRAW SCH, SKT ABC CURCUMA MADU
425003404;Februari 10, 2025;BEJO JAHE MERAH HERBAL 12 SC, MIXAGRIP HERBAL GREGES, CEREBROFORT MG JRK SCH, CEREBROFORT MG STRAW SCH
425003405;Februari 10, 2025;BEJO JAHE MERAH HERBAL 12 SC, MIXAGRIP HERBAL GREGES, CEREBROFORT MG JRK SCH, CEREBROFORT MG STRAW SCH, CEREBROFORT M.G. TROPICAL FRUIT
425003518;Februari 11, 2025;KOMIX HERBAL 15 ML, EXTRA JOSS ACTIVE 6 SCH, CEREBROFORT MG STRAW SCH, FATIGON SPIRIT STRIP 1X6S
425003519;Februari 11, 2025;BEJO JAHE MERAH PACK 6S MT, BEJO JAHE MERAH HERBAL 6S MT, KOMIX HERBAL 15 ML, KOMIX OBH, PROMAG HERBAL 15 ML, EXTRA JOSS ACTIVE 6 SCH, CEREBROFORT MG STRAW SCH, MIXAGRIP 4 TABLET, WOODS LOZENGES 6'S
425003521;Februari 11, 2025;PROMAG HERBAL 15 ML, EXTRA JOSS ACTIVE 6 SCH
425003523;Februari 11, 2025;CEREBROFORT MG STRAW SCH, FATIGON SPIRIT STRIP 1X6S
425003525;Februari 11, 2025;KALPANAX SALEP 6G, KOMIX OBH
425003526;Februari 11, 2025;KALPANAX K CREAM 5 GR, PROMAG HERBAL 15 ML
425003549;Februari 11, 2025;BEJO JAHE MERAH HERBAL 12 SC, SKT ABC CURCUMA MADU
425003571;Februari 12, 2025;KALPANAX SALEP 6G/12, KALPANAX KRIM 10 GR, BEJO JAHE MERAH HERBAL 12 SC, CEREBROFORT GOLD ORANGE 200 ML, KOMIX HERBAL 15 ML, KOMIX HERBAL ORI PACK, KOMIX KID OBH PE, WOODS NATURALS SYR 60 ML
425003579;Februari 12, 2025;BEJO JAHE MERAH PACK 12SC, SAKATONIK ACTIV MULTIVIT ZAT BESI - KAPLET 6S
425003584;Februari 12, 2025;KOMIX HERBAL 15 ML, MIXAGRIP HERBAL GREGES, FATIGON KAPLET 10X6S, FATIGON SPIRIT BOX 10X6S
425003604;Februari 12, 2025;KOMIX HERBAL KIDS 10 ML, KOMIX HERBAL LEMON, ENTROSTOP HERBAL DEWASA 15 ML, ENTROSTOP HERBAL DEWASA 15 ML  1S, CEREBROFORT MG MGA SCH
425003763;Februari 13, 2025;MIXAGRIP HERBAL GREGES, FATIGON KAPLET 10X6S
425003859;Februari 14, 2025;KOMIX PEPP.G-FORMULA BOX, PROMAG SUSPENSI 10ML/6
425003860;Februari 14, 2025;KOMIX JAHE G-FORMULA BOX, KOMIX J.NIPIS G-FORMULA B
425003862;Februari 14, 2025;KOMIX OBH PE, WOODS LOZENGES ORANGE VITAMIN C
425003864;Februari 14, 2025;KOMIX KID OBH PE, KOMIX OBH PE
425003867;Februari 14, 2025;KOMIX JAHE G-FORMULA BOX, KOMIX J.NIPIS G-FORMULA B, KOMIX PEPP.G-FORMULA BOX
425003869;Februari 14, 2025;KOMIX JAHE G-FORMULA BOX, KOMIX KID STRAWBERRY PACK, KOMIX J.NIPIS G-FORMULA B, KOMIX PEPP.G-FORMULA BOX, SAKATONIK ABC ANGGUR30TAB, SAKATONIK ABC ORANGE 30TAB, WOODS LOZENGES 6'S, WOODS LOZ HONEY LEMON
425003870;Februari 14, 2025;KALPANAX SALEP 6G/12, KALPANAX KRIM 10 GR, BEJO JAHE MERAH HERBAL 12 SC, CEREBROFORT GOLD ORANGE 200 ML, KOMIX HERBAL 15 ML, KOMIX HERBAL ORI PACK, KOMIX KID OBH PE, WOODS NATURALS SYR 60 ML
425003883;Februari 14, 2025;BEJO JAHE MERAH HERBAL 12 SC, KOMIX HERBAL LEMON, KOMIX HERBAL PEPPERMINT, SKT ACTIV SIRUP 300 ML, CEREBROFORT MG JRK SCH, CEREBROFORT MG STRAW SCH
425003890;Februari 15, 2025;KALPANAX SALEP 6G/12, KALPANAX KRIM 10 GR, BEJO JAHE MERAH HERBAL 12 SC, CEREBROFORT GOLD ORANGE 200 ML, KOMIX HERBAL 15 ML, KOMIX HERBAL ORI PACK, KOMIX KID OBH PE, WOODS NATURALS SYR 60 ML
425003891;Februari 15, 2025;BEJO JAHE MERAH HERBAL 12 SC, KOMIX HERBAL PEPPERMINT, SKT ACTIV SIRUP 100 ML, SKT ACTIV SIRUP 300 ML, CEREBROFORT MG JRK SCH, CEREBROFORT MG STRAW SCH
425003919;Februari 15, 2025;PROMAG HERBAL 15 ML, CEREBROFORT MG STRAW SCH
425003927;Februari 15, 2025;KALPANAX SALEP 6G, CEREBROFORT M.G. AGGR SCH, CEREBROFORT MG JRK SCH
425004096;Februari 18, 2025;KOMIX HERBAL 15 ML, WOODS NATURALS SYR 60 ML
425004103;Februari 19, 2025;BEJO JAHE MERAH HERBAL 12 SC, MIXAGRIP HERBAL GREGES, FATIGON KAPLET 10X6S, FATIGON SPIRIT BOX 10X6S
425004104;Februari 19, 2025;BEJO JAHE MERAH HERBAL 1'S, MIXAGRIP HERBAL GREGES, FATIGON KAPLET 10X6S
425004106;Februari 19, 2025;BEJO JAHE MERAH HERBAL 12 SC, MIXAGRIP HERBAL GREGES, CEREBROFORT MG JRK SCH, CEREBROFORT MG STRAW SCH
425004107;Februari 19, 2025;MIXAGRIP HERBAL GREGES, FATIGON KAPLET 1X6S
425004109;Februari 19, 2025;WOODS COUGH SYR ATT 100ML, WOODS EXPECTORANT 100 ML
425004112;Februari 19, 2025;KOMIX PEPP.G-FORMULA BOX, KOMIX HERBAL ORI PACK, KOMIX HERBAL PEPPERMINT
425004114;Februari 19, 2025;MIXAGRIP HERBAL GREGES, FATIGON KAPLET 1X6S, FATIGON SPIRIT STRIP 1X6S
425004115;Februari 19, 2025;MIXAGRIP HERBAL GREGES, WOODS NATURALS SYR 60 ML
425004116;Februari 19, 2025;BEJO JAHE MERAH HERBAL 12 SC, MIXAGRIP HERBAL GREGES, WOODS NATURALS SYR 60 ML
425004117;Februari 19, 2025;BEJO JAHE MERAH HERBAL 12 SC, KOMIX HERBAL 15 ML, MIXAGRIP HERBAL GREGES, FATIGON KAPLET 10X6S, FATIGON SPIRIT BOX 10X6S
425004179;Februari 19, 2025;BEJO JAHE MERAH HERBAL 12 SC, KOMIX HERBAL 15 ML, MIXAGRIP HERBAL GREGES
425004180;Februari 19, 2025;BEJO JAHE MERAH HERBAL 12 SC, KOMIX HERBAL 15 ML, MIXAGRIP HERBAL GREGES, FATIGON KAPLET 10X6S, FATIGON SPIRIT BOX 10X6S
425004181;Februari 19, 2025;BEJO JAHE MERAH HERBAL 12 SC, KOMIX HERBAL 15 ML, MIXAGRIP HERBAL GREGES, FATIGON KAPLET 10X6S, FATIGON SPIRIT BOX 10X6S, WOODS LOZENGES ORANGE VITAMIN C
425004182;Februari 19, 2025;BEJO JAHE MERAH HERBAL 12 SC, KOMIX HERBAL 15 ML, MIXAGRIP HERBAL GREGES, FATIGON KAPLET 10X6S, FATIGON SPIRIT BOX 10X6S, WOODS LOZENGES ORANGE VITAMIN C
425004185;Februari 19, 2025;MIXAGRIP HERBAL GREGES, FATIGON KAPLET 10X6S, FATIGON SPIRIT BOX 10X6S
425004186;Februari 19, 2025;BEJO JAHE MERAH HERBAL 12 SC, KOMIX HERBAL 15 ML, MIXAGRIP HERBAL GREGES, FATIGON KAPLET 10X6S, FATIGON SPIRIT BOX 10X6S, WOODS LOZENGES ORANGE VITAMIN C
425004189;Februari 19, 2025;SAKATONIK ABC ANTARIKSA, SAKATONIK ABC STRAW 30, SAKATONIK ABC ORANGE 30
425004190;Februari 19, 2025;KALPANAX SALEP 6G, FATIGON KAPLET 1X6S
425004267;Februari 19, 2025;KOMIX HERBAL 15 ML, EXTRA JOSS MANGGA LAKI, MIXAGRIP HERBAL GREGES, FATIGON KAPLET 10X6S
425004271;Februari 20, 2025;CEREBROFORT MG JRK SCH, CEREBROFORT MG STRAW SCH
425004274;Februari 20, 2025;BEJO JAHE MERAH HERBAL 12 SC, KOMIX HERBAL LEMON, KOMIX HERBAL PEPPERMINT, SKT ACTIV SIRUP 100 ML, SKT ACTIV SIRUP 300 ML, CEREBROFORT MG JRK SCH, CEREBROFORT MG STRAW SCH
425004277;Februari 20, 2025;KOMIX JAHE G-FORMULA BOX, KOMIX KID STRAWBERRY PACK, KOMIX J.NIPIS G-FORMULA B, KOMIX PEPP.G-FORMULA BOX, WOODS LOZENGES 6'S, WOODS LOZ HONEY LEMON
425004288;Februari 20, 2025;KOMIX HERBAL LEMON, SKT ACTIV SIRUP 100 ML, SKT ACTIV SIRUP 300 ML, CEREBROFORT MG JRK SCH, CEREBROFORT MG STRAW SCH
425004295;Februari 20, 2025;ENTROSTOP HERBAL DEWASA 15 ML, KOMIX PEPP.G-FORMULA BOX, KOMIX HERBAL PEPPERMINT, PROMAG SUSPENSI 10ML/6
425004296;Februari 20, 2025;ENTROSTOP HERBAL DEWASA 15 ML, ENTROSTOP HERBAL ANAK, KOMIX JAHE G-FORMULA BOX, KOMIX J.NIPIS G-FORMULA B, KOMIX PEPP.G-FORMULA BOX, KOMIX HERBAL PEPPERMINT, PROMAG SUSPENSI 10ML/6, PROMAG HERBAL 15 ML
425004297;Februari 20, 2025;KALPANAX SALEP 6G/12, KALPANAX KRIM 10 GR, BEJO JAHE MERAH HERBAL 12 SC, CEREBROFORT GOLD ORANGE 200 ML, KOMIX HERBAL 15 ML, KOMIX HERBAL ORI PACK, KOMIX KID OBH PE, WOODS NATURALS SYR 60 ML
425004298;Februari 20, 2025;KALPANAX SALEP 6G/12, KALPANAX KRIM 10 GR, BEJO JAHE MERAH HERBAL 12 SC, CEREBROFORT GOLD ORANGE 200 ML, KOMIX HERBAL 15 ML, KOMIX HERBAL ORI PACK, KOMIX KID OBH PE, WOODS NATURALS SYR 60 ML
425004299;Februari 20, 2025;BEJO JAHE MERAH HERBAL 12 SC, KOMIX HERBAL PEPPERMINT, SKT ACTIV SIRUP 100 ML, SKT ACTIV SIRUP 300 ML, CEREBROFORT MG JRK SCH, CEREBROFORT MG STRAW SCH
425004307;Februari 20, 2025;BEJO ANAK JAHE MERAH 5S, WAISAN NEW FORMULA  /LUSIN, WOODS LOZENGES LEMON VITAMIN C
425004308;Februari 20, 2025;KOMIX HERBAL LEMON, KOMIX HERBAL JERUK NIPIS, KOMIX HERBAL PEPPERMINT, SKT ACTIV SIRUP 300 ML, CEREBROFORT MG JRK SCH, CEREBROFORT MG STRAW SCH
425004311;Februari 20, 2025;ENTROSTOP HERBAL DEWASA 15 ML, ENTROSTOP HERBAL ANAK, KOMIX JAHE G-FORMULA BOX, KOMIX PEPP.G-FORMULA BOX, PROMAG HERBAL 15 ML
425004325;Februari 20, 2025;CEREBROVIT XCEL 10 CAPS, WOODS EXPECTORANT 100 ML, ENTROSTOP 10'S
425004340;Februari 20, 2025;KALPANAX K CREAM 5 GR, WOODS EXPECTORANT 60 ML
425004348;Februari 21, 2025;EXTRA JOSS SPORT GEL 2 TB, KOMIX HERBAL 15 ML
425004353;Februari 21, 2025;PROMAG HERBAL 15 ML, CEREBROFORT MG STRAW SCH
425004357;Februari 21, 2025;KALPANAX SALEP 6G, CEREBROFORT M.G. AGGR SCH, FATIGON SPIRIT STRIP 1X6S
425004364;Februari 21, 2025;BEJO JAHE MERAH PACK 6S MT, EXTRA JOSS SPORT GEL 2 TB, EXTRA JOSS ACTIVE 6 SCH
425004367;Februari 21, 2025;CEREBROFORT M.G. AGGR SCH, SAKATONIK ABC ANTARIKSA, SAKATONIK ABC STRAW 30TAB
425004372;Februari 21, 2025;KALPANAX K CREAM 5 GR, WOODS EXPECTORANT 60 ML
425004375;Februari 21, 2025;CEREBROFORT M.G. AGGR SCH, CEREBROFORT MG STRAW SCH, SAKATONIK ABC STRAW 30TAB
425004376;Februari 21, 2025;EXTRA JOSS SPORT GEL 2 TB, KOMIX HERBAL 15 ML
425004377;Februari 21, 2025;CEREBROFORT MG STRAW SCH, SAKATONIK ACTIV MULTIVIT ZAT BESI - KAPLET 1S
425004431;Februari 21, 2025;MIXAGRIP HERBAL GREGES, FATIGON KAPLET 10X6S
425004432;Februari 21, 2025;MIXAGRIP HERBAL GREGES, FATIGON KAPLET 10X6S
425004437;Februari 21, 2025;PUYER OSK BT NO.16 1'S, ENTROSTOP HERBAL ANAK
425004452;Februari 21, 2025;MIXAGRIP HERBAL GREGES, FATIGON KAPLET 10X6S
425004454;Februari 21, 2025;BEJO JAHE MERAH HERBAL 12 SC, KOMIX HERBAL PEPPERMINT, MIXAGRIP HERBAL GREGES, FATIGON SPIRIT BOX 10X6S
425004456;Februari 21, 2025;EJ SPORT GEL ORANGE 5 TB, EXTRA JOSS SPORT 5 TB
425004549;Februari 24, 2025;BEJO JAHE MERAH HERBAL 1'S, KOMIX HERBAL LEMON, KOMIX HERBAL PEPPERMINT, SKT ACTIV SIRUP 100 ML, SKT ACTIV SIRUP 300 ML, CEREBROFORT MG JRK SCH, CEREBROFORT MG STRAW SCH
425004552;Februari 24, 2025;BEJO JAHE MERAH HERBAL 12 SC, KOMIX HERBAL LEMON, SKT ACTIV SIRUP 100 ML, SKT ACTIV SIRUP 300 ML, CEREBROFORT MG JRK SCH
425004554;Februari 24, 2025;MIXAGRIP HERBAL GREGES, FATIGON KAPLET 10X6S
425004555;Februari 24, 2025;KOMIX HERBAL KIDS 10 ML, BEJO BERKAH JAHE MERAH
425004556;Februari 24, 2025;BEJO JAHE MERAH EXTRA 6'S, KOMIX HERBAL PEPPERMINT, EXTRA JOSS MANGGA LAKI
425004557;Februari 24, 2025;KOMIX HERBAL JAHE 1S, KOMIX HERBAL LEMON
425004558;Februari 24, 2025;BEJO JAHE MERAH EXTRA 1'S, BEJO JAHE MERAH EXTRA 6'S
425004560;Februari 24, 2025;BEJO ANAK JAHE MRH 1S GT, KOMIX HERBAL JR NIPIS 1S
425004567;Februari 24, 2025;KOMIX HERBAL PEPPERMINT, FATIGON SPIRIT BOX 10X6S
425004582;Februari 24, 2025;KOMIX HERBAL JAHE, KOMIX HERBAL KIDS 10 ML, KOMIX HERBAL JERUK NIPIS, KOMIX HERBAL 15 ML, KOMIX HERBAL ORI PACK
425004609;Februari 24, 2025;KOMIX OBH, PROMAG HERBAL, PROMAG HERBAL 15 ML, EXTRA JOSS ACTIVE 6 SCH, FATIGON SPIRIT STRIP 1X6S
425004610;Februari 24, 2025;EXTRA JOSS ACTIVE 6 SCH, CEREBROFORT MG STRAW SCH
425004720;Februari 25, 2025;PROMAG SUSPENSI 10ML/6, PROMAG HERBAL 15 ML
425004722;Februari 25, 2025;BEJO JAHE MERAH HERBAL 12 SC, KOMIX HERBAL ORI PACK, WOODS NATURALS SYR 60 ML
425004737;Februari 25, 2025;MIXAGRIP HERBAL GREGES, FATIGON KAPLET 1X6S
425004738;Februari 25, 2025;KOMIX HERBAL KIDS 10 ML, KOMIX HERBAL LEMON
425004739;Februari 25, 2025;MIXAGRIP HERBAL GREGES, FATIGON KAPLET 10X6S, FATIGON SPIRIT BOX 10X6S
425004741;Februari 25, 2025;MIXAGRIP HERBAL GREGES, FATIGON KAPLET 1X6S, FATIGON SPIRIT STRIP 1X6S
425004742;Februari 25, 2025;CEREBROFORT M.G. AGGR SCH, CEREBROFORT MG JRK SCH, SKT ABC CURCUMA MADU
425004743;Februari 25, 2025;BEJO JAHE MERAH HERBAL 12 SC, KOMIX HERBAL PEPPERMINT, CEREBROFORT M.G. TROPICAL FRUIT
425004746;Februari 25, 2025;BEJO JAHE MERAH HERBAL 12 SC, MIXAGRIP HERBAL GREGES, FATIGON KAPLET 10X6S, FATIGON SPIRIT BOX 10X6S
425004750;Februari 25, 2025;MIXAGRIP HERBAL GREGES, FATIGON KAPLET 10X6S, FATIGON SPIRIT STRIP 1X6S
425004751;Februari 25, 2025;BEJO JAHE MERAH HERBAL 12 SC, FATIGON KAPLET 10X6S, FATIGON SPIRIT BOX 10X6S
425004756;Februari 26, 2025;BEJO JAHE MERAH HERBAL 1'S, MIXAGRIP HERBAL GREGES - 1 SC, FATIGON KAPLET 10X6S, FATIGON SPIRIT BOX 10X6S
425004794;Maret 01, 2025;BEJO JAHE MERAH HERBAL 12 SC, KOMIX HERBAL PEPPERMINT, SKT ACTIV SIRUP 100 ML, SKT ACTIV SIRUP 300 ML, CEREBROFORT MG JRK SCH, CEREBROFORT MG STRAW SCH
425004795;Maret 01, 2025;SKT ACTIV SIRUP 100 ML, SKT ACTIV SIRUP 300 ML, CEREBROFORT MG JRK SCH, CEREBROFORT MG STRAW SCH
425004823;Maret 01, 2025;MIXAGRIP HERBAL GREGES, FATIGON KAPLET 10X6S
425004824;Maret 01, 2025;MIXAGRIP HERBAL GREGES, CEREBROFORT M.G. TROPICAL FRUIT, SKT ABC CURCUMA MADU, BEJO JAHE MERAH HERBAL 12 SC
425004826;Maret 01, 2025;MIXAGRIP HERBAL GREGES, FATIGON KAPLET 10X6S, FATIGON SPIRIT BOX 10X6S
425004836;Maret 01, 2025;MIXAGRIP HERBAL GREGES, FATIGON KAPLET 10X6S, FATIGON SPIRIT BOX 10X6S
425004847;Maret 01, 2025;MIXAGRIP HERBAL GREGES, FATIGON KAPLET 10X6S
425004911;Maret 01, 2025;KALPANAX SALEP 6G, CEREBROFORT MG STRAW SCH
425004913;Maret 01, 2025;PROMAG HERBAL 15 ML, PROMAG HERBAL 15 ML
425004916;Maret 01, 2025;SAKATONIK ABC ANTARIKSA, SAKATONIK ABC STRAW 30TAB
425005084;Maret 03, 2025;MIXAGRIP HERBAL GREGES, FATIGON KAPLET 10X6S
425005150;Maret 03, 2025;CEREBROFORT M.G. AGGR SCH, SAKATONIK ABC STRAW 30TAB
425005152;Maret 03, 2025;PROMAG HERBAL 15 ML, CEREBROFORT MG STRAW SCH
425005153;Maret 03, 2025;PROMAG HERBAL 15 ML, CEREBROFORT MG STRAW SCH
425005164;Maret 03, 2025;KOMIX JAHE G-FORMULA BOX, KOMIX KID STRAWBERRY PACK, KOMIX J.NIPIS G-FORMULA B, KOMIX PEPP.G-FORMULA BOX, SAKATONIK ABC ANGGUR30TAB, SAKATONIK ABC ORANGE 30TAB, WOODS LOZENGES 6'S, WOODS LOZ HONEY LEMON
425005169;Maret 03, 2025;BEJO JAHE MERAH HERBAL 1'S, KOMIX HERBAL PEPPERMINT, SKT ACTIV SIRUP 300 ML, CEREBROFORT MG JRK SCH, CEREBROFORT MG STRAW SCH
425005173;Maret 03, 2025;KOMIX HERBAL LEMON, KOMIX HERBAL JERUK NIPIS
425005174;Maret 03, 2025;BEJO ANAK JAHE MRH 1S GT, BEJO ANAK JAHE MERAH 12S
425005187;Maret 03, 2025;KOMIX HERBAL JAHE, KOMIX HERBAL PEPPERMINT, KOMIX OBH PE, PUYER OSK BT NO.16/BOX
425005188;Maret 03, 2025;KOMIX HERBAL JAHE, KOMIX HERBAL JERUK NIPIS, KOMIX OBH PE, PUYER OSK BT NO.16/BOX
425005190;Maret 03, 2025;BEJO JAHE MERAH HERBAL 12 SC, KOMIX HERBAL LEMON, KOMIX HERBAL PEPPERMINT, SKT ACTIV SIRUP 100 ML, SKT ACTIV SIRUP 300 ML, CEREBROFORT MG JRK SCH, CEREBROFORT MG STRAW SCH
425005191;Maret 03, 2025;BEJO JAHE MERAH HERBAL 12 SC, KOMIX HERBAL PEPPERMINT, SKT ACTIV SIRUP 100 ML, SKT ACTIV SIRUP 300 ML, CEREBROFORT MG JRK SCH, CEREBROFORT MG STRAW SCH
425005193;Maret 03, 2025;KOMIX HERBAL PEPPERMINT, SKT ACTIV SIRUP 100 ML, CEREBROFORT MG JRK SCH, CEREBROFORT MG STRAW SCH
425005199;Maret 05, 2025;KOMIX HERBAL LEMON, KOMIX HERBAL 15 ML, MIXAGRIP HERBAL GREGES, MIXAGRIP HERBAL GREGES - 1 SC, FATIGON KAPLET 1X6S
425005208;Maret 05, 2025;MIXAGRIP HERBAL GREGES, MIXAGRIP HERBAL GREGES - 1 SC, FATIGON KAPLET 1X6S
425005212;Maret 05, 2025;BEJO JAHE MERAH PACK 12SC, PUYER OSK BT NO.16/BOX
425005216;Maret 05, 2025;MIXAGRIP HERBAL GREGES, FATIGON KAPLET 10X6S
425005217;Maret 05, 2025;BEJO JAHE MERAH HERBAL 12 SC, MIXAGRIP HERBAL GREGES, FATIGON KAPLET 10X6S
425005219;Maret 05, 2025;BEJO JAHE MERAH HERBAL 12 SC, FATIGON KAPLET 10X6S, FATIGON SPIRIT BOX 10X6S
425005220;Maret 05, 2025;FATIGON KAPLET 10X6S, FATIGON SPIRIT BOX 10X6S
425005251;Maret 05, 2025;CEREBROFORT M.G. AGGR SCH, SAKATONIK ABC ANTARIKSA
425005254;Maret 05, 2025;SAKATONIK ABC ANTARIKSA, SAKATONIK ABC STRAW 30TAB
425005261;Maret 05, 2025;KALPANAX SALEP 6G, CEREBROFORT M.G. AGGR SCH
425005263;Maret 05, 2025;EXTRA JOSS SPORT GEL 2 TB, EXTRA JOSS ACTIVE 6 SCH
425005271;Maret 05, 2025;KALPANAX SALEP 6G, CEREBROFORT M.G. AGGR SCH, CEREBROFORT MG STRAW SCH
425005368;Maret 06, 2025;CEREBROFORT GOLD ORANGE 100 ML, CEREBROFORT GOLD STRAWBERY, KOMIX HERBAL 15 ML, WOODS COUGH SYR ATT  60ML, WOODS EXPECTORANT 60 ML, PUYER OSK BT NO.16/BOX, WAISAN NEW FORMULA  /LUSIN
425005370;Maret 06, 2025;BEJO JAHE MERAH HERBAL 12 SC, KOMIX HERBAL LEMON, KOMIX HERBAL JERUK NIPIS, KOMIX HERBAL PEPPERMINT, SKT ACTIV SIRUP 300 ML, CEREBROFORT MG JRK SCH, CEREBROFORT MG STRAW SCH
425005379;Maret 06, 2025;BEJO JAHE MERAH HERBAL 12 SC, PROMAG HERBAL 15 ML
425005582;Maret 08, 2025;EXTRA JOSS MANGGA LAKI 1'S, EXTRA JOSS MANGGA LAKI
425005584;Maret 08, 2025;JOSS C 1000 CURAH, JOSS C 1000 12S GT
425005585;Maret 08, 2025;PUYER OSK BT NO.16 1'S, PUYER OSK BT NO.16/BOX
425005586;Maret 08, 2025;KOMIX HERBAL LEMON, B7 SLASI JERUK NIPIS 12'S
425005591;Maret 08, 2025;KOMIX HERBAL KIDS 10ML 1TB, KOMIX HERBAL LEMON 1TB, KOMIX HERBAL 15 ML 1TB, KOMIX HERBAL 15 ML
425005592;Maret 08, 2025;KOMIX HERBAL JAHE 1S, KOMIX HERBAL JAHE
425005594;Maret 08, 2025;KOMIX HERBAL LEMON 1TB, KOMIX HERBAL LEMON
425005595;Maret 08, 2025;KOMIX HERBAL 15 ML 1TB, KOMIX HERBAL 15 ML
425005600;Maret 10, 2025;KOMIX HERBAL 15 ML, SKT ACTIV SIRUP 300 ML
425005601;Maret 10, 2025;BEJO JAHE MERAH HERBAL 12 SC, PROMAG TABLET
425005603;Maret 10, 2025;BEJO JAHE MERAH HERBAL 12 SC, PUYER OSK BT NO.16/BOX, ENTROSTOP HERBAL ANAK
425005610;Maret 10, 2025;KALPANAX K CREAM 5 GR, PROMAG TABLET
425005611;Maret 10, 2025;KALPANAX K CREAM 5 GR, PROMAG HERBAL 15 ML
425005615;Maret 10, 2025;KOMIX HERBAL 15 ML, PROMAG HERBAL 15 ML
425005617;Maret 10, 2025;KALPANAX SALEP 6G/12, KALPANAX KRIM 10 GR, KOMIX HERBAL ORI PACK, KOMIX KID OBH PE, WOODS NATURALS SYR 60 ML
425005635;Maret 10, 2025;BEJO JAHE MERAH HERBAL 12 SC, KOMIX HERBAL PEPPERMINT, SKT ACTIV SIRUP 100 ML, SKT ACTIV SIRUP 300 ML, CEREBROFORT MG JRK SCH, CEREBROFORT MG STRAW SCH
425005637;Maret 10, 2025;BEJO JAHE MERAH HERBAL 12 SC, KOMIX HERBAL LEMON, CEREBROFORT MG JRK SCH, CEREBROFORT MG STRAW SCH
425005638;Maret 10, 2025;BEJO JAHE MERAH HERBAL 12 SC, SKT ACTIV SIRUP 100 ML, SKT ACTIV SIRUP 300 ML
425005639;Maret 10, 2025;BEJO JAHE MERAH HERBAL 12 SC, KOMIX HERBAL PEPPERMINT, SKT ACTIV SIRUP 100 ML, SKT ACTIV SIRUP 300 ML, CEREBROFORT MG JRK SCH, CEREBROFORT MG STRAW SCH
425005640;Maret 10, 2025;CEREBROFORT GOLD ORANGE 100 ML, CEREBROFORT GOLD STRAWBERY, KOMIX HERBAL 15 ML
425005641;Maret 10, 2025;SKT ACTIV SIRUP 300 ML, CEREBROFORT MG JRK SCH, CEREBROFORT MG STRAW SCH
425005642;Maret 10, 2025;CEREBROFORT GOLD ORANGE 100 ML, CEREBROFORT GOLD STRAWBERY, KOMIX HERBAL 15 ML, WOODS COUGH SYR ATT  60ML, WOODS EXPECTORANT 60 ML, PUYER OSK BT NO.16/BOX, WAISAN NEW FORMULA  /LUSIN
425005644;Maret 10, 2025;KOMIX JAHE G-FORMULA BOX, KOMIX KID STRAWBERRY PACK, KOMIX J.NIPIS G-FORMULA B, KOMIX PEPP.G-FORMULA BOX, SAKATONIK ABC ANGGUR30TAB, SAKATONIK ABC ORANGE 30TAB, WOODS LOZENGES 6'S, WOODS LOZ HONEY LEMON
425005648;Maret 10, 2025;ENTROSTOP HERBAL ANAK, KOMIX JAHE G-FORMULA BOX, KOMIX J.NIPIS G-FORMULA B, KOMIX PEPP.G-FORMULA BOX, KOMIX HERBAL PEPPERMINT, PROMAG SUSPENSI 10ML/6, PROMAG HERBAL 15 ML
425005653;Maret 10, 2025;KOMIX HERBAL LEMON, KOMIX HERBAL PEPPERMINT, SKT ACTIV SIRUP 100 ML, CEREBROFORT MG JRK SCH, CEREBROFORT MG STRAW SCH
425005699;Maret 11, 2025;PROMAG HERBAL 15 ML, CEREBROFORT M.G. AGGR SCH
425005726;Maret 11, 2025;BEJO JAHE MERAH HERBAL 12 SC, KOMIX HERBAL 15 ML, PROMAG HERBAL 15 ML, MIXAGRIP HERBAL GREGES
425005735;Maret 11, 2025;WOODS COUGH SYR ATT  60ML, PROCOLD FLU BATUK PE
425005783;Maret 11, 2025;BEJO JAHE MERAH HERBAL 12 SC, KOMIX HERBAL PEPPERMINT, MIXAGRIP HERBAL GREGES
425005784;Maret 11, 2025;BEJO JAHE MERAH HERBAL 12 SC, KOMIX HERBAL PEPPERMINT
425005785;Maret 11, 2025;BEJO JAHE MERAH HERBAL 12 SC, KOMIX HERBAL 15 ML, MIXAGRIP HERBAL GREGES
425005786;Maret 11, 2025;BEJO JAHE MERAH HERBAL 12 SC, KOMIX HERBAL 15 ML, MIXAGRIP HERBAL GREGES
425005787;Maret 11, 2025;BEJO JAHE MERAH HERBAL 12 SC, MIXAGRIP HERBAL GREGES
425005806;Maret 11, 2025;BEJO JAHE MERAH HERBAL 12 SC, KOMIX HERBAL PEPPERMINT, MIXAGRIP HERBAL GREGES
425005809;Maret 12, 2025;FATIGON KAPLET 10X6S, FATIGON SPIRIT BOX 10X6S
425005816;Maret 12, 2025;MIXAGRIP HERBAL GREGES, FATIGON KAPLET 10X6S, FATIGON SPIRIT BOX 10X6S
425005825;Maret 12, 2025;CEREBROFORT GOLD ORANGE 100 ML, CEREBROFORT GOLD STRAWBERY, KOMIX HERBAL 15 ML, WOODS COUGH SYR ATT  60ML, WOODS EXPECTORANT 60 ML, PUYER OSK BT NO.16/BOX, WAISAN NEW FORMULA  /LUSIN
425005829;Maret 12, 2025;CEREBROFORT GOLD ORANGE 100 ML, PUYER OSK BT NO.16/BOX
425005830;Maret 12, 2025;BEJO JAHE MERAH HERBAL 12 SC, KOMIX HERBAL PEPPERMINT, SKT ACTIV SIRUP 100 ML, SKT ACTIV SIRUP 300 ML, CEREBROFORT MG JRK SCH, CEREBROFORT MG STRAW SCH
425005831;Maret 12, 2025;BEJO JAHE MERAH HERBAL 12 SC, KOMIX HERBAL LEMON, KOMIX HERBAL JERUK NIPIS, KOMIX HERBAL PEPPERMINT, SKT ACTIV SIRUP 300 ML, CEREBROFORT MG JRK SCH, CEREBROFORT MG STRAW SCH
425005856;Maret 13, 2025;CEREBROFORT M.G. AGGR SCH, CEREBROFORT MG STRAW SCH, SAKATONIK ACTIV MULTIVIT ZAT BESI - KAPLET 1S
425005920;Maret 13, 2025;WOODS EXPECTORANT 60 ML, FATIGON SPIRIT STRIP 1X6S
425005922;Maret 13, 2025;KOMIX HERBAL 15 ML, EXTRA JOSS ACTIVE 6 SCH, CEREBROFORT MG STRAW SCH, SAKATONIK ABC STRAW 30TAB
425005923;Maret 13, 2025;PROMAG HERBAL, PROMAG HERBAL 15 ML, FATIGON SPIRIT STRIP 1X6S, SAKATONIK ABC STRAW 30TAB
425005930;Maret 13, 2025;BT-MASUK ANGIN 1'S, BEJO JAHE MERAH PACK 6S MT, EXTRA JOSS ACTIVE 6 SCH, MIXAGRIP FLU & BATUK PE
425005931;Maret 13, 2025;KALPANAX SALEP 6G, BEJO JAHE MERAH PACK 6S MT, KOMIX HERBAL 15 ML, WOODS EXPECTORANT 60 ML, EXTRA JOSS ACTIVE 6 SCH, CEREBROFORT MG STRAW SCH, SAKATONIK ABC STRAW 30TAB
425005932;Maret 13, 2025;KALPANAX SALEP 6G, BEJO JAHE MERAH PACK 6S MT, PROMAG HERBAL 15 ML, WOODS EXPECTORANT 60 ML, CEREBROFORT MG STRAW SCH, FATIGON SPIRIT STRIP 1X6S, SAKATONIK ABC STRAW 30TAB
425005960;Maret 13, 2025;BEJO JAHE MERAH HERBAL 12 SC, KOMIX HERBAL 15 ML, ENTROSTOP HERBAL ANAK, MIXAGRIP HERBAL GREGES, PROMAG HERBAL 15 ML, WOODS LOZENGES 6'S
425005961;Maret 13, 2025;BEJO ANAK JAHE MERAH 5S, PROMAG HERBAL 15 ML
425005963;Maret 13, 2025;BEJO JAHE MERAH HERBAL 12 SC, KOMIX HERBAL 15 ML, KOMIX HERBAL ORI PACK, EXTRA JOSS MANGGA LAKI, ENTROSTOP HERBAL ANAK, MIXAGRIP HERBAL GREGES, WOODS LOZENGES 6'S
425006015;Maret 13, 2025;BEJO JAHE MERAH HERBAL 12 SC, MIXAGRIP HERBAL GREGES, FATIGON KAPLET 10X6S, FATIGON SPIRIT BOX 10X6S
425006017;Maret 13, 2025;BEJO JAHE MERAH HERBAL 12 SC, MIXAGRIP HERBAL GREGES, PROMAG HERBAL 15 ML
425006021;Maret 13, 2025;KOMIX HERBAL 15 ML, MIXAGRIP HERBAL GREGES, SKT ACTIV SIRUP 100 ML, SKT ACTIV SIRUP 300 ML, CEREBROFORT MG MGA SCH, WOODS LOZENGES 6'S
425006022;Maret 13, 2025;BEJO JAHE MERAH HERBAL 12 SC, MIXAGRIP HERBAL GREGES, FATIGON KAPLET 10X6S, FATIGON SPIRIT BOX 10X6S
425006023;Maret 13, 2025;KOMIX HERBAL 15 ML, KOMIX HERBAL ORI PACK, KOMIX HERBAL PEPPERMINT, ENTROSTOP HERBAL ANAK, MIXAGRIP HERBAL GREGES, PROMAG HERBAL 15 ML, WOODS NATURALS SYR 60 ML
425006024;Maret 13, 2025;BEJO JAHE MERAH HERBAL 12 SC, KOMIX HERBAL PEPPERMINT, FATIGON SPIRIT BOX 10X6S, SAKATONIK ACTIV MULTIVIT ZAT BESI - KAPLET 6S
425006026;Maret 13, 2025;MIXAGRIP HERBAL GREGES, FATIGON KAPLET 10X6S, FATIGON SPIRIT BOX 10X6S
425006027;Maret 13, 2025;MIXAGRIP HERBAL GREGES, FATIGON KAPLET 10X6S, FATIGON SPIRIT STRIP 1X6S
425006028;Maret 13, 2025;MIXAGRIP HERBAL GREGES, FATIGON KAPLET 10X6S
425006036;Maret 13, 2025;KOMIX HERBAL 15 ML, KOMIX HERBAL ORI PACK, ENTROSTOP HERBAL ANAK, MIXAGRIP HERBAL GREGES, PROMAG HERBAL 15 ML, CEREBROFORT MG MGA SCH, CEREBROFORT MG STRAW SCH, WOODS LOZENGES 6'S
425006039;Maret 13, 2025;KALPANAX KRIM 10 GR, KALPANAX SALEP 6G, BEJO JAHE MERAH HERBAL 12 SC, KOMIX HERBAL PEPPERMINT, KOMIX KID OBH PE
425006149;Maret 14, 2025;KOMIX HERBAL 15 ML, KOMIX OBH, WOODS EXPECTORANT 60 ML, EXTRA JOSS ACTIVE 6 SCH, CEREBROFORT MG STRAW SCH, MIXAGRIP FLU & BATUK PE
425006151;Maret 14, 2025;KALPANAX SALEP 6G, KOMIX HERBAL 15 ML, PROMAG HERBAL 15 ML, WOODS EXPECTORANT 60 ML, WOODS NATURALS SYR 60 ML, EXTRA JOSS ACTIVE 6 SCH, CEREBROFORT MG STRAW SCH, FATIGON SPIRIT STRIP 1X6S, PROCOLD FLU PE
425006165;Maret 14, 2025;EJUSS GINSENG ANGGUR EFF, EJUSS GINSENG JERUK
425006166;Maret 14, 2025;BT-MASUK ANGIN 1'S, BEJO JAHE MERAH EXTRA 1'S
425006167;Maret 14, 2025;EXTRA JOSS ACTIVE 1' S, JOSS C 1000 1S MT, KOMIX HERBAL KIDS 10ML 1TB
425006169;Maret 14, 2025;BEJO ANAK JAHE MRH 1S MT, BT-MASUK ANGIN 1'S, KOMIX HERBAL KIDS 10ML 1TB, KOMIX HERBAL LEMON 1TB, KOMIX HERBAL JAHE
425006172;Maret 14, 2025;B7 PANAS DALAM PACK 1'S, B7 SLASI JERUK NIPIS 1'S
425006173;Maret 14, 2025;BEJO JAHE MERAH EXTRA 1'S, BEJO JAHE MERAH EXTRA 6'S
425006196;Maret 14, 2025;BEJO ANAK JAHE MERAH 5S, KOMIX HERBAL 15 ML
425006205;Maret 14, 2025;KOMIX HERBAL LEMON, KOMIX HERBAL PEPPERMINT, SKT ACTIV SIRUP 300 ML, CEREBROFORT MG JRK SCH
425006206;Maret 14, 2025;ENTROSTOP HERBAL ANAK, KOMIX JAHE G-FORMULA BOX, KOMIX J.NIPIS G-FORMULA B, KOMIX PEPP.G-FORMULA BOX, KOMIX HERBAL PEPPERMINT, PROMAG SUSPENSI 10ML/6, PROMAG HERBAL 15 ML
425006207;Maret 14, 2025;KALPANAX SALEP 6G, KOMIX HERBAL ORIGINAL 1S, KOMIX KID OBH PE
425006217;Maret 14, 2025;KOMIX HERBAL 15 ML, MIXAGRIP HERBAL GREGES, PROMAG HERBAL 15 ML
425006253;Maret 18, 2025;KOMIX HERBAL 15 ML, MIXAGRIP HERBAL GREGES, PROMAG HERBAL 15 ML, FATIGON SPIRIT BOX 10X6S
425006286;Maret 18, 2025;BEJO JAHE MERAH HERBAL 12 SC, KOMIX HERBAL 15 ML, EXTRA JOSS MANGGA LAKI, CEREBROFORT GOLD STRAWBERY, ENTROSTOP HERBAL ANAK, PROMAG HERBAL 15 ML, CEREBROFORT MG JRK SCH, CEREBROFORT MG STRAW SCH, WOODS LOZENGES 6'S
425006287;Maret 18, 2025;BEJO JAHE MERAH HERBAL 12 SC, ENTROSTOP HERBAL ANAK, PROMAG HERBAL 15 ML, EXTRA JOSS ACTIVE 12SCH, EXTRA JOSS MANGGA LAKI, MIXAGRIP HERBAL GREGES, WOODS NATURALS SYR 60 ML, CEREBROFORT M.G. AGGR SCH, WOODS LOZENGES 6'S
425006288;Maret 18, 2025;KOMIX HERBAL 15 ML, MIXAGRIP HERBAL GREGES, PROMAG HERBAL 15 ML, WOODS LOZENGES 6'S
425006291;Maret 18, 2025;KOMIX HERBAL 15 ML, MIXAGRIP HERBAL GREGES, PROMAG HERBAL 15 ML, SAKATONIK ABC ANGGUR30TAB
425006297;Maret 18, 2025;KOMIX HERBAL 15 ML, MIXAGRIP HERBAL GREGES, PROMAG HERBAL 15 ML
425006302;Maret 18, 2025;KOMIX HERBAL 15 ML, CEREBROFORT GOLD ORANGE 100 ML, CEREBROFORT GOLD STRAWBERY, MIXAGRIP HERBAL GREGES, PROMAG HERBAL 15 ML
425006313;Maret 19, 2025;FATIGON SPIRIT STRIP 1X6S, SAKATONIK ABC ANTARIKSA
425006326;Maret 19, 2025;CEREBROFORT MG STRAW SCH, FATIGON SPIRIT STRIP 1X6S
425006327;Maret 19, 2025;BEJO JAHE MERAH PACK 6S MT, EXTRA JOSS SPORT GEL 2 TB
425006395;Maret 20, 2025;BEJO ANAK JAHE MERAH 5S, MIXAGRIP HERBAL GREGES, WOODS LOZENGES 6'S
425006403;Maret 20, 2025;CEREBROFORT GOLD ORANGE 100 ML, KOMIX HERBAL 15 ML, WOODS COUGH SYR ATT  60ML, WOODS EXPECTORANT 60 ML, PUYER OSK BT NO.16/BOX, WAISAN NEW FORMULA  /LUSIN
425006404;Maret 20, 2025;ENTROSTOP HERBAL DEWASA 15 ML, ENTROSTOP HERBAL ANAK, KOMIX JAHE G-FORMULA BOX, KOMIX J.NIPIS G-FORMULA B, KOMIX PEPP.G-FORMULA BOX, KOMIX HERBAL PEPPERMINT, PROMAG SUSPENSI 10ML/6, PROMAG HERBAL 15 ML
425006405;Maret 20, 2025;CEREBROFORT GOLD ORANGE 100 ML, KOMIX HERBAL 15 ML, WOODS COUGH SYR ATT  60ML, WOODS EXPECTORANT 60 ML, PUYER OSK BT NO.16/BOX, WAISAN NEW FORMULA  /LUSIN
425006407;Maret 20, 2025;CEREBROFORT GOLD ORANGE 100 ML, KOMIX HERBAL 15 ML, WOODS COUGH SYR ATT  60ML, WOODS EXPECTORANT 60 ML, PUYER OSK BT NO.16/BOX, WAISAN NEW FORMULA  /LUSIN
425006597;Maret 21, 2025;CEREBROFORT M.G. AGGR SCH, CEREBROFORT MG STRAW SCH
425006607;Maret 21, 2025;SAKATONIK ABC ANTARIKSA, SAKATONIK ABC STRAW 30TAB
425006710;Maret 21, 2025;KOMIX HERBAL 15 ML, PROMAG HERBAL, PROMAG HERBAL 15 ML, WOODS EXPECTORANT 60 ML, CEREBROFORT MG STRAW SCH, SAKATONIK ABC STRAW 30TAB
425006711;Maret 21, 2025;KOMIX HERBAL 15 ML, WOODS EXPECTORANT 60 ML, CEREBROFORT MG STRAW SCH, MIXAGRIP FLU & BATUK PE, PROCOLD FLU PE
425006741;Maret 22, 2025;KALPANAX K CREAM 5 GR, WOODS EXPECTORANT 60 ML
425006742;Maret 22, 2025;WAISAN NEW FORMULA  /LUSIN, PROMAG SUSPENSI 10ML/6
425006743;Maret 22, 2025;KALPANAX K CREAM 5 GR, KALPANAX SALEP 6G/12, ENTROSTOP 10'S, PROMAG TABLET
425006744;Maret 25, 2025;KOMIX HERBAL 15 ML, MIXAGRIP HERBAL GREGES
425006746;Maret 25, 2025;KOMIX HERBAL 15 ML, MIXAGRIP HERBAL GREGES
425006755;Maret 25, 2025;BEJO JAHE MERAH HERBAL 12 SC, B7 SLASI JERUK NIPIS 12'S
425006758;Maret 25, 2025;BEJO JAHE MERAH HERBAL 12 SC, KOMIX HERBAL LEMON, MIXAGRIP HERBAL GREGES, CEREBROFORT M.G. AGGR SCH, CEREBROFORT MG MGA SCH, CEREBROFORT MG STRAW SCH, CEREBROFORT M.G. TROPICAL FRUIT, SKT ABC CURCUMA MADU
425006762;Maret 25, 2025;KOMIX HERBAL 15 ML, MIXAGRIP HERBAL GREGES
425006765;Maret 25, 2025;BEJO JAHE MERAH HERBAL 12 SC, EXTRA JOSS ACTIVE 12SCH, EXTRA JOSS GO RASA ANGGUR, EXTRA JOSS MANGGA LAKI, ENTROSTOP HERBAL ANAK, CEREBROFORT M.G. AGGR SCH, CEREBROFORT MG MGA SCH, WOODS LOZENGES 6'S
425006777;Maret 25, 2025;MIXAGRIP HERBAL GREGES, FATIGON KAPLET 1X6S
425006778;Maret 25, 2025;BEJO JAHE MERAH HERBAL 12 SC, MIXAGRIP HERBAL GREGES, CEREBROFORT MG JRK SCH
425006781;Maret 25, 2025;MIXAGRIP HERBAL GREGES, SKT ABC CURCUMA MADU
425006782;Maret 25, 2025;BEJO JAHE MERAH HERBAL 6S MT, BEJO JAHE MERAH HERBAL 12 SC, KOMIX HERBAL LEMON, KOMIX HERBAL ORI PACK, MIXAGRIP HERBAL GREGES, SKT ACTIV SIRUP 100 ML, CEREBROFORT MG JRK SCH, WOODS LOZENGES 6'S
425006788;Maret 25, 2025;BEJO ANAK JAHE MERAH 5S, BEJO JAHE MERAH PACK 12SC, BEJO JAHE MERAH EXTRA 6'S, KOMIX JAHE G-FORMULA BOX, KOMIX KID STRAWBERRY PACK, ENTROSTOP HERBAL DEWASA 15 ML, ENTROSTOP HERBAL ANAK
425006791;Maret 25, 2025;EXTRA JOSS GO RASA ANGGUR, EXTRA JOSS MANGGA LAKI, MIXAGRIP HERBAL GREGES
425006793;Maret 25, 2025;BEJO JAHE MERAH HERBAL 12 SC, KOMIX HERBAL 15 ML, SAKATONIK ABC ANTARIKSA 30 TAB, SAKATONIK ABC STRAW 30TAB, SAKATONIK ABC ANGGUR30TAB, SAKATONIK ABC ORANGE 30TAB
425006794;Maret 25, 2025;BEJO JAHE MERAH PACK 12SC, BEJO JAHE MERAH HERBAL 12 SC, KOMIX HERBAL 15 ML, MIXAGRIP HERBAL GREGES
425006796;Maret 25, 2025;BEJO JAHE MERAH HERBAL 1'S, KOMIX HERBAL 15 ML 1TB, SAKATONIK ABC STRAW 30TAB, SAKATONIK ABC ANGGUR30TAB, SKT ABC CURCUMA MADU
425006797;Maret 25, 2025;MIXAGRIP HERBAL GREGES, SAKATONIK ABC ANTARIKSA 30 TAB, SAKATONIK ABC ORANGE 30TAB
425006798;Maret 25, 2025;KOMIX HERBAL 15 ML, MIXAGRIP HERBAL GREGES
425006799;Maret 25, 2025;KOMIX JAHE G-FORMULA BOX, KOMIX OBH PE
425006801;Maret 25, 2025;BEJO JAHE MERAH HERBAL 12 SC, MIXAGRIP HERBAL GREGES, PROMAG HERBAL 15 ML
425006931;April 07, 2025;BEJO JAHE MERAH HERBAL 12 SC, MIXAGRIP HERBAL GREGES, FATIGON KAPLET 10X6S, FATIGON SPIRIT BOX 10X6S
425006936;April 07, 2025;BEJO JAHE MERAH HERBAL 12 SC, MIXAGRIP HERBAL GREGES, CEREBROFORT MG JRK SCH, CEREBROFORT MG STRAW SCH
425006945;April 07, 2025;MIXAGRIP HERBAL GREGES, FATIGON KAPLET 10X6S, FATIGON SPIRIT BOX 10X6S
425006957;April 07, 2025;BEJO JAHE MERAH HERBAL 12 SC, MIXAGRIP HERBAL GREGES, CEREBROFORT MG JRK SCH, CEREBROFORT MG STRAW SCH
425006958;April 07, 2025;BEJO ANAK JAHE MERAH 5S, SAKATONIK ABC ANTARIKSA 30 TAB, SAKATONIK ABC ORANGE 30TAB
425007004;April 07, 2025;KOMIX JAHE G-FORMULA BOX, KOMIX PEPP.G-FORMULA BOX
425007010;April 07, 2025;BEJO JAHE MERAH HERBAL 12 SC, KOMIX HERBAL LEMON, KOMIX HERBAL JERUK NIPIS, KOMIX HERBAL PEPPERMINT, SKT ACTIV SIRUP 300 ML, CEREBROFORT MG JRK SCH, CEREBROFORT MG STRAW SCH
425007013;April 07, 2025;KALPANAX SALEP 6G/12, KALPANAX KRIM 10 GR, KOMIX HERBAL ORIGINAL 1S, CEREBROFORT GOLD ORANGE 200 ML, KOMIX HERBAL 15 ML, KOMIX KID OBH PE, WOODS NATURALS SYR 60 ML
425007014;April 07, 2025;BEJO JAHE MERAH HERBAL 12 SC, KOMIX HERBAL PEPPERMINT, SKT ACTIV SIRUP 100 ML, SKT ACTIV SIRUP 300 ML, CEREBROFORT MG JRK SCH, CEREBROFORT MG STRAW SCH
425007044;April 07, 2025;BEJO JAHE MERAH HERBAL 12 SC, MIXAGRIP HERBAL GREGES, CEREBROFORT MG JRK SCH, CEREBROFORT MG STRAW SCH
425007045;April 07, 2025;MIXAGRIP HERBAL GREGES, FATIGON KAPLET 10X6S
425007046;April 07, 2025;BEJO JAHE MERAH HERBAL 12 SC, MIXAGRIP HERBAL GREGES, FATIGON KAPLET 1X6S
425007047;April 07, 2025;BEJO JAHE MERAH HERBAL 12 SC, KOMIX HERBAL 15 ML, PROMAG HERBAL 15 ML
425007051;April 07, 2025;BEJO JAHE MERAH HERBAL 12 SC, MIXAGRIP HERBAL GREGES, FATIGON KAPLET 10X6S, FATIGON SPIRIT BOX 10X6S
425007093;April 07, 2025;BEJO JAHE MERAH HERBAL 12 SC, CEREBROFORT MG JRK SCH, CEREBROFORT MG STRAW SCH
425007134;April 07, 2025;KALPANAX K CREAM 5 GR, BEJO JAHE MERAH PACK 6S MT, PROMAG HERBAL 15 ML, EXTRA JOSS ACTIVE 6 SCH, CEREBROFORT MG STRAW SCH, FATIGON SPIRIT STRIP 1X6S, SAKATONIK ABC STRAW 30TAB
425007143;April 07, 2025;KOMIX HERBAL 15 ML, EXTRA JOSS ACTIVE 12SCH, CEREBROFORT GOLD ORANGE 100 ML, MIXAGRIP HERBAL GREGES, PROMAG HERBAL 15 ML
425007153;April 07, 2025;BEJO JAHE MERAH HERBAL 1'S, EXTRA JOSS ACTIVE 12SCH, MIXAGRIP HERBAL GREGES, PROMAG HERBAL 15 ML, FATIGON SPIRIT BOX 10X6S
425007154;April 07, 2025;KOMIX HERBAL 15 ML, KOMIX HERBAL ORI PACK, KOMIX HERBAL PEPPERMINT, ENTROSTOP HERBAL ANAK, PROMAG HERBAL 15 ML, MIXAGRIP HERBAL GREGES, WOODS NATURALS SYR 60 ML, CEREBROFORT MG JRK SCH, WOODS LOZENGES 6'S
425007156;April 07, 2025;PROCOLD FLU BATUK PE, PROCOLD FLU BATUK PE
425007158;April 07, 2025;BEJO JAHE MERAH HERBAL 12 SC, MIXAGRIP HERBAL GREGES, FATIGON KAPLET 1X6S, FATIGON SPIRIT BOX 10X6S
425007171;April 07, 2025;BEJO JAHE MERAH HERBAL 12 SC, MIXAGRIP HERBAL GREGES, PROMAG HERBAL 15 ML, FATIGON SPIRIT BOX 10X6S
425007175;April 07, 2025;KALPANAX KRIM 10 GR, KOMIX PEPP.G-FORMULA BOX, WAISAN NEW FORMULA  /LUSIN
425007176;April 07, 2025;SAKATONIK ABC ANTARIKSA, SAKATONIK ABC ORANGE 30, SAKATONIK ABC STRAW 30TAB, SAKATONIK ABC ANGGUR30TAB
425007177;April 07, 2025;SAKATONIK ACTIV 100 ML, SAKATONIK ACTIV 310 ML
425007237;April 08, 2025;CEREBROFORT MG STRAW SCH, SAKATONIK ABC ANTARIKSA, SAKATONIK ABC STRAW 30TAB
425007267;April 08, 2025;CEREBROFORT M.G. AGGR SCH, CEREBROFORT MG STRAW SCH, SAKATONIK ABC STRAW 30TAB
425007281;April 08, 2025;PROMAG HERBAL 15 ML, CEREBROFORT M.G. AGGR SCH, CEREBROFORT MG STRAW SCH, SAKATONIK ABC STRAW 30TAB
425007290;April 08, 2025;CEREBROFORT M.G. AGGR SCH, CEREBROFORT MG STRAW SCH
425007441;April 09, 2025;ENTROSTOP HERBAL DEWASA 15 ML, ENTROSTOP HERBAL ANAK, KOMIX HERBAL PEPPERMINT, PROMAG HERBAL 15 ML
425007442;April 09, 2025;ENTROSTOP HERBAL DEWASA 15 ML, ENTROSTOP HERBAL ANAK, KOMIX JAHE G-FORMULA BOX, KOMIX J.NIPIS G-FORMULA B, KOMIX HERBAL PEPPERMINT, PROMAG SUSPENSI 10ML/6, PROMAG HERBAL 15 ML
425007459;April 09, 2025;BEJO JAHE MERAH HERBAL 12 SC, KOMIX HERBAL ORI PACK, EXTRA JOSS GO RASA ANGGUR, EXTRA JOSS MANGGA LAKI, ENTROSTOP HERBAL ANAK, MIXAGRIP HERBAL GREGES, PROMAG HERBAL 15 ML, WOODS NATURALS SYR 60 ML, WOODS LOZENGES CHERRY 6'S, WOODS LOZENGES 6'S
425007483;April 09, 2025;CEREBROFORT M.G. AGGR SCH, CEREBROFORT MG STRAW SCH
425007495;April 09, 2025;CEREBROFORT MG STRAW SCH, SAKATONIK ABC STRAW 30TAB
425007497;April 09, 2025;KOMIX HERBAL 15 ML, MIXAGRIP HERBAL GREGES
425007498;April 09, 2025;ENTROSTOP HERBAL ANAK, PROMAG HERBAL 15 ML
425007499;April 09, 2025;MIXAGRIP HERBAL GREGES, CEREBROFORT MG JRK SCH, CEREBROFORT MG STRAW SCH
425007500;April 09, 2025;BEJO JAHE MERAH HERBAL 12 SC, KOMIX HERBAL 15 ML, MIXAGRIP HERBAL GREGES, PROMAG HERBAL 15 ML, WOODS LOZENGES 6'S
425007501;April 09, 2025;KOMIX JAHE G-FORMULA 1'S, KOMIX JAHE G-FORMULA BOX
425007502;April 09, 2025;KOMIX HERBAL 15 ML, PROMAG HERBAL 15 ML, MIXAGRIP HERBAL GREGES, WOODS LOZENGES 6'S
425007503;April 09, 2025;BEJO JAHE MERAH HERBAL 12 SC, MIXAGRIP HERBAL GREGES, PROMAG HERBAL 15 ML
425007504;April 09, 2025;BEJO JAHE MERAH HERBAL 12 SC, MIXAGRIP HERBAL GREGES
425007508;April 14, 2025;KOMIX HERBAL 15 ML, KOMIX HERBAL ORI PACK, PROMAG SUSPENSI BTL 60 ML, ENTROSTOP 10'S
425007650;April 14, 2025;WOODS NATURALS SYR 60 ML, CEREBROFORT MG STRAW SCH, MIXAGRIP 4 TABLET, SAKATONIK ABC STRAW 30TAB
425007653;April 14, 2025;BEJO JAHE MERAH PACK 6S MT, KOMIX OBH, WOODS EXPECTORANT 60 ML, EXTRA JOSS ACTIVE 6 SCH, CEREBROFORT MG STRAW SCH, SAKATONIK ABC STRAW 30TAB
425007656;April 14, 2025;KOMIX OBH, EXTRA JOSS ACTIVE 6 SCH, CEREBROFORT MG STRAW SCH, FATIGON SPIRIT STRIP 1X6S, SAKATONIK ABC STRAW 30TAB
425007660;April 14, 2025;KOMIX HERBAL 15 ML, WOODS EXPECTORANT 60 ML, CEREBROFORT MG STRAW SCH, SAKATONIK ABC STRAW 30TAB
425007661;April 14, 2025;PROMAG HERBAL 15 ML, WOODS EXPECTORANT 60 ML, CEREBROFORT MG STRAW SCH
425007670;April 14, 2025;KOMIX HERBAL 15 ML, PROMAG HERBAL, PROMAG HERBAL 15 ML, WOODS NATURALS SYR 60 ML, CEREBROFORT MG STRAW SCH, SAKATONIK ABC STRAW 30TAB
425007697;April 14, 2025;ENTROSTOP HERBAL ANAK, KOMIX JAHE G-FORMULA BOX, KOMIX PEPP.G-FORMULA BOX, KOMIX HERBAL PEPPERMINT, PROMAG HERBAL 15 ML
425007754;April 14, 2025;BEJO JAHE MERAH HERBAL 12 SC, MIXAGRIP HERBAL GREGES
425007800;April 16, 2025;KALPANAX K CREAM 5 GR, WOODS EXPECTORANT 60 ML
425007856;April 16, 2025;SAKATONIK ABC ANTARIKSA, SAKATONIK ABC ANTARIKSA 30 TAB
425007869;April 16, 2025;PROMAG HERBAL 15 ML, CEREBROFORT M.G. AGGR SCH
425007874;April 16, 2025;BT-MASUK ANGIN 1'S, BEJO JAHE MERAH HERBAL 1'S MT
425007885;April 16, 2025;KOMIX HERBAL JAHE, KOMIX HERBAL PEPPERMINT, MIXAGRIP HERBAL GREGES
425007926;April 17, 2025;BEJO JAHE MERAH HERBAL 12 SC, B7 SLASI JERUK NIPIS 12'S, EXTRA JOSS GO RASA ANGGUR, EXTRA JOSS MANGGA LAKI, ENTROSTOP HERBAL ANAK, CEREBROFORT MG MGA SCH, FATIGON SPIRIT BOX 10X6S
425007927;April 17, 2025;BEJO JAHE MERAH HERBAL 12 SC, KOMIX HERBAL ORI PACK, MIXAGRIP HERBAL GREGES, WOODS NATURALS SYR 60 ML, CEREBROFORT MG JRK SCH
425007928;April 17, 2025;BEJO JAHE MERAH HERBAL 6S MT, BEJO JAHE MERAH HERBAL 12 SC, KOMIX HERBAL ORI PACK, MIXAGRIP HERBAL GREGES, SAKATONIK ACTIV MULTIVIT ZAT BESI - KAPLET 6S
425007929;April 17, 2025;KOMIX HERBAL ORI PACK, MIXAGRIP HERBAL GREGES, PROMAG HERBAL 15 ML
425007930;April 17, 2025;KOMIX HERBAL 15 ML, ENTROSTOP HERBAL ANAK, MIXAGRIP HERBAL GREGES, PROMAG HERBAL 15 ML
425007931;April 17, 2025;BEJO JAHE MERAH HERBAL 12 SC, MIXAGRIP HERBAL GREGES, SKT ABC CURCUMA MADU
425007932;April 17, 2025;BEJO JAHE MERAH HERBAL 12 SC, MIXAGRIP HERBAL GREGES, WOODS NATURALS SYR 60 ML, SAKATONIK ABC ANTARIKSA 30 TAB
425007952;April 17, 2025;BEJO JAHE MERAH PACK 6S MT, CEREBROFORT MG STRAW SCH
425007959;April 17, 2025;CEREBROFORT MG STRAW SCH, SAKATONIK ABC STRAW 30, SAKATONIK ABC STRAW 30TAB
425008063;April 19, 2025;CEREBROFORT GOLD STRAWBERY, KOMIX HERBAL 15 ML, PUYER OSK BT NO.16/BOX, WAISAN NEW FORMULA  /LUSIN, WOODS COUGH SYR ATT  60ML, WOODS EXPECTORANT 60 ML
425008122;April 22, 2025;BEJO JAHE MERAH EXTRA 1'S, BEJO JAHE MERAH EXTRA 6'S
425008125;April 22, 2025;MIXAGRIP HERBAL GREGES, MIXAGRIP HERBAL GREGES - 1 SC
425008134;April 22, 2025;CEREBROFORT GOLD STRAWBERY, KOMIX HERBAL 15 ML, WOODS COUGH SYR ATT  60ML, PUYER OSK BT NO.16/BOX, WAISAN NEW FORMULA  /LUSIN
425008135;April 22, 2025;ENTROSTOP HERBAL DEWASA 15 ML, ENTROSTOP HERBAL ANAK, KOMIX JAHE G-FORMULA BOX, KOMIX J.NIPIS G-FORMULA B, KOMIX PEPP.G-FORMULA BOX, KOMIX HERBAL PEPPERMINT, PROMAG SUSPENSI 10ML/6, PROMAG HERBAL 15 ML
425008136;April 22, 2025;KOMIX JAHE G-FORMULA BOX, KOMIX KID STRAWBERRY PACK, KOMIX J.NIPIS G-FORMULA B, SAKATONIK ABC ANGGUR30TAB, SAKATONIK ABC ORANGE 30TAB, WOODS LOZENGES 6'S, WOODS LOZ HONEY LEMON
425008137;April 22, 2025;ENTROSTOP HERBAL DEWASA 15 ML, ENTROSTOP HERBAL ANAK, KOMIX JAHE G-FORMULA BOX, KOMIX J.NIPIS G-FORMULA B, KOMIX PEPP.G-FORMULA BOX, KOMIX HERBAL PEPPERMINT, PROMAG SUSPENSI 10ML/6, PROMAG HERBAL 15 ML
425008139;April 22, 2025;ENTROSTOP HERBAL DEWASA 15 ML, ENTROSTOP HERBAL ANAK, KOMIX PEPP.G-FORMULA BOX, KOMIX HERBAL PEPPERMINT, PROMAG HERBAL 15 ML
425008143;April 22, 2025;ENTROSTOP HERBAL ANAK, KOMIX JAHE G-FORMULA BOX, KOMIX J.NIPIS G-FORMULA B, KOMIX PEPP.G-FORMULA BOX, KOMIX HERBAL PEPPERMINT, PROMAG SUSPENSI 10ML/6, PROMAG HERBAL 15 ML
425008148;April 22, 2025;ENTROSTOP HERBAL DEWASA 15 ML, ENTROSTOP HERBAL ANAK, KOMIX J.NIPIS G-FORMULA B, KOMIX PEPP.G-FORMULA BOX, KOMIX HERBAL PEPPERMINT
425008151;April 22, 2025;BEJO JAHE MERAH HERBAL 12 SC, KOMIX HERBAL 15 ML, MIXAGRIP HERBAL GREGES
425008156;April 23, 2025;KALPANAX K CREAM 5 GR, WOODS EXPECTORANT 60 ML
425008159;April 23, 2025;PROMAG HERBAL 15 ML, CEREBROFORT M.G. AGGR SCH
425008236;April 23, 2025;BEJO JAHE MERAH HERBAL 12 SC, KOMIX HERBAL LEMON, KOMIX HERBAL JERUK NIPIS, KOMIX HERBAL 15 ML, KOMIX HERBAL ORI PACK, KOMIX HERBAL PEPPERMINT, ENTROSTOP HERBAL DEWASA 15 ML, ENTROSTOP HERBAL ANAK, MIXAGRIP HERBAL GREGES, PROMAG HERBAL 15 ML, WOODS NATURALS SYR 60 ML
425008238;April 23, 2025;BEJO JAHE MERAH HERBAL 12 SC, KOMIX HERBAL 15 ML, ENTROSTOP HERBAL ANAK, CEREBROFORT MG STRAW SCH, SAKATONIK ABC ANTARIKSA 30 TAB, SAKATONIK ABC STRAW 30TAB, SAKATONIK ABC ANGGUR30TAB, SAKATONIK ABC ORANGE 30TAB
425008261;April 23, 2025;MIXAGRIP HERBAL GREGES, FATIGON KAPLET 1X6S
425008285;April 24, 2025;CEREBROFORT MG STRAW SCH, SAKATONIK ABC STRAW 30TAB
425008371;April 24, 2025;KOMIX JAHE G-FORMULA BOX, KOMIX KID STRAWBERRY PACK, KOMIX J.NIPIS G-FORMULA B, KOMIX PEPP.G-FORMULA BOX, SAKATONIK ABC ANGGUR30TAB, SAKATONIK ABC ORANGE 30TAB, WOODS LOZENGES 6'S, WOODS LOZ HONEY LEMON
425008372;April 24, 2025;BEJO JAHE MERAH HERBAL 12 SC, KOMIX HERBAL ORI PACK, MIXAGRIP HERBAL GREGES
425008382;April 25, 2025;KALPANAX K CREAM 5 GR, KALPANAX SALEP 6G, KOMIX HERBAL 15 ML, KOMIX OBH, EXTRA JOSS ACTIVE 6 SCH, CEREBROFORT MG STRAW SCH, FATIGON SPIRIT STRIP 1X6S, MIXAGRIP 4 TABLET, PROMAG TABLET 1 BLISTER
425008383;April 25, 2025;WOODS EXPECTORANT 60 ML, CEREBROFORT MG STRAW SCH, ENTROSTOP 1'S, PROCOLD FLU PE, SAKATONIK ACTIV KAPLET 1'S, SAKATONIK ABC STRAW 30TAB
425008386;April 25, 2025;BEJO JAHE MERAH PACK 6S MT, WOODS EXPECTORANT 60 ML, CEREBROFORT MG STRAW SCH, FATIGON SPIRIT STRIP 1X6S, MIXAGRIP 4 TABLET, SAKATONIK ABC STRAW 30TAB
425008388;April 25, 2025;KALPANAX SALEP 6G, KOMIX HERBAL 15 ML, CEREBROFORT MG STRAW SCH, FATIGON SPIRIT STRIP 1X6S, XON-CE TABLET 2'S
425008636;April 26, 2025;PROMAG HERBAL 15 ML, B7 SLASI JERUK NIPIS 12'S
425008637;April 26, 2025;MIXAGRIP HERBAL GREGES, CEREBROFORT MG STRAW SCH
425008642;April 26, 2025;KOMIX HERBAL ORI PACK, WOODS NATURALS SYR 60 ML
425008643;April 26, 2025;KOMIX HERBAL ORI PACK, MIXAGRIP HERBAL GREGES, PROMAG HERBAL 15 ML
425008646;April 26, 2025;BEJO JAHE MERAH HERBAL 12 SC, KOMIX HERBAL ORI PACK, MIXAGRIP HERBAL GREGES, PROMAG HERBAL 15 ML
425008648;April 26, 2025;BEJO JAHE MERAH HERBAL 12 SC, KOMIX HERBAL ORI PACK, MIXAGRIP HERBAL GREGES, PROMAG HERBAL 15 ML
425008649;April 26, 2025;BEJO JAHE MERAH HERBAL 12 SC, MIXAGRIP HERBAL GREGES, CEREBROFORT MG JRK SCH, CEREBROFORT MG STRAW SCH
425008650;April 26, 2025;BEJO JAHE MERAH HERBAL 12 SC, KOMIX HERBAL ORI PACK, MIXAGRIP HERBAL GREGES, PROMAG HERBAL 15 ML
425008651;April 26, 2025;KOMIX HERBAL ORI PACK, EXTRA JOSS ACTIVE 12SCH, EXTRA JOSS GO RASA ANGGUR, ENTROSTOP HERBAL ANAK, MIXAGRIP HERBAL GREGES, WOODS LOZENGES 6'S
425008715;April 26, 2025;BEJO JAHE MERAH HERBAL 12 SC, SKT ACTIV SIRUP 100 ML
425008716;April 26, 2025;KOMIX KID STRAWBERRY PACK, KOMIX PEPP.G-FORMULA BOX, WOODS LOZENGES 6'S, WOODS LOZ HONEY LEMON
425008717;April 26, 2025;ENTROSTOP HERBAL DEWASA 15 ML, KOMIX JAHE G-FORMULA BOX, KOMIX PEPP.G-FORMULA BOX, KOMIX HERBAL PEPPERMINT
425008726;April 26, 2025;CEREBROFORT GOLD ORANGE 100 ML, CEREBROFORT GOLD STRAWBERY, KOMIX HERBAL 15 ML, WOODS COUGH SYR ATT  60ML, WOODS EXPECTORANT 60 ML, PUYER OSK BT NO.16/BOX, WAISAN NEW FORMULA  /LUSIN
425008737;April 26, 2025;ENTROSTOP HERBAL ANAK, KOMIX JAHE G-FORMULA BOX, KOMIX J.NIPIS G-FORMULA B, KOMIX PEPP.G-FORMULA BOX, KOMIX HERBAL PEPPERMINT, PROMAG SUSPENSI 10ML/6, PROMAG HERBAL 15 ML
425008753;April 26, 2025;ENTROSTOP HERBAL DEWASA 15 ML, ENTROSTOP HERBAL ANAK, KOMIX JAHE G-FORMULA BOX, KOMIX J.NIPIS G-FORMULA B, KOMIX PEPP.G-FORMULA BOX, PROMAG HERBAL 15 ML
425008755;April 26, 2025;BEJO JAHE MERAH HERBAL 12 SC, KOMIX HERBAL ORI PACK, ENTROSTOP HERBAL DEWASA 15 ML, SKT ACTIV SIRUP 300 ML, SAKATONIK ACTIV MULTIVIT ZAT BESI - KAPLET 6S, WOODS LOZENGES 6'S, BEJO JAHE MERAH HERBAL 6S MT
425008758;April 26, 2025;BEJO JAHE MERAH HERBAL 12 SC, MIXAGRIP HERBAL GREGES
425008759;April 26, 2025;BEJO JAHE MERAH HERBAL 12 SC, KOMIX HERBAL ORI PACK, MIXAGRIP HERBAL GREGES, SKT ACTIV SIRUP 100 ML, SKT ACTIV SIRUP 300 ML, WOODS LOZENGES 6'S, BEJO JAHE MERAH HERBAL 6S MT
425008760;April 26, 2025;BEJO JAHE MERAH HERBAL 12 SC, KOMIX HERBAL ORI PACK, MIXAGRIP HERBAL GREGES
425008763;April 26, 2025;CEREBROFORT GOLD ORANGE 200 ML, CEREBROFORT MG MGA SCH, CEREBROFORT MG JRK SCH, CEREBROFORT MG STRAW SCH, SAKATONIK ABC ANTARIKSA 30 TAB, SKT ABC CURCUMA MADU
425008764;April 26, 2025;KOMIX JAHE G-FORMULA BOX, KOMIX PEPP.G-FORMULA BOX
425008777;April 26, 2025;BEJO JAHE MERAH HERBAL 12 SC, KOMIX HERBAL ORI PACK, MIXAGRIP HERBAL GREGES, PROMAG HERBAL 15 ML
425008782;April 26, 2025;BEJO JAHE MERAH HERBAL 12 SC, CEREBROFORT GOLD ORANGE 100 ML, CEREBROFORT GOLD STRAWBERY, MIXAGRIP HERBAL GREGES, PROMAG HERBAL 15 ML, SAKATONIK ABC ANTARIKSA 30 TAB, SAKATONIK ABC ORANGE 30TAB
425008784;April 26, 2025;BEJO JAHE MERAH HERBAL 12 SC, MIXAGRIP HERBAL GREGES
425008785;April 26, 2025;BEJO JAHE MERAH HERBAL 12 SC, KOMIX HERBAL ORI PACK, MIXAGRIP HERBAL GREGES, PROMAG HERBAL 15 ML
425008786;April 26, 2025;BEJO JAHE MERAH HERBAL 12 SC, MIXAGRIP HERBAL GREGES, WOODS LOZENGES 6'S
425008789;April 26, 2025;CEREBROFORT MG MGA SCH, SAKATONIK ABC STRAW 30TAB, SAKATONIK ABC ANGGUR30TAB, SKT ABC CURCUMA MADU
425008817;April 26, 2025;KOMIX HERBAL 15 ML, PROMAG HERBAL 15 ML, WOODS EXPECTORANT 60 ML, CEREBROFORT MG STRAW SCH, SAKATONIK ABC STRAW 30TAB
425008858;April 28, 2025;BEJO JAHE MERAH HERBAL 12 SC, MIXAGRIP HERBAL GREGES
425009008;Mei 03, 2025;KOMIX JAHE G-FORMULA BOX, KOMIX KID STRAWBERRY PACK
425009010;Mei 03, 2025;MIXAGRIP HERBAL GREGES, WOODS NATURALS SYR 60 ML, CEREBROFORT M.G. AGGR SCH, CEREBROFORT MG JRK SCH
425009011;Mei 03, 2025;KOMIX HERBAL 15 ML 1TB, KALPANAX SALEP 6G, SAKATONIK ACTIV MULTIVIT ZAT BESI - KAPLET 6S
425009013;Mei 03, 2025;BEJO JAHE MERAH HERBAL 12 SC, KOMIX HERBAL ORI PACK, ENTROSTOP HERBAL ANAK, MIXAGRIP HERBAL GREGES, PROMAG HERBAL 15 ML, WOODS NATURALS SYR 60 ML, WOODS LOZENGES 6'S
425009016;Mei 03, 2025;ENTROSTOP HERBAL DEWASA 15 ML, KOMIX PEPP.G-FORMULA BOX, KOMIX HERBAL PEPPERMINT, PROMAG SUSPENSI 10ML/6, PROMAG HERBAL 15 ML
425009020;Mei 03, 2025;BEJO JAHE MERAH HERBAL 12 SC, KOMIX HERBAL PEPPERMINT, SKT ACTIV SIRUP 100 ML, SKT ACTIV SIRUP 300 ML, CEREBROFORT MG JRK SCH, CEREBROFORT MG STRAW SCH
425009025;Mei 03, 2025;CEREBROFORT GOLD ORANGE 100 ML, CEREBROFORT GOLD STRAWBERY, KOMIX HERBAL 15 ML, WOODS COUGH SYR ATT  60ML, WOODS EXPECTORANT 60 ML, PUYER OSK BT NO.16/BOX, WAISAN NEW FORMULA  /LUSIN
425009028;Mei 03, 2025;KALPANAX SALEP 6G/12, KALPANAX KRIM 10 GR, BEJO JAHE MERAH HERBAL 12 SC, CEREBROFORT GOLD ORANGE 200 ML, KOMIX KID OBH PE, WOODS NATURALS SYR 60 ML
425009030;Mei 03, 2025;BEJO JAHE MERAH HERBAL 12 SC, PROMAG HERBAL 15 ML
425009034;Mei 03, 2025;MIXAGRIP HERBAL GREGES, FATIGON SPIRIT BOX 10X6S
425009035;Mei 03, 2025;KOMIX HERBAL ORI PACK, MIXAGRIP HERBAL GREGES
425009036;Mei 03, 2025;MIXAGRIP HERBAL GREGES, FATIGON KAPLET 10X6S, FATIGON SPIRIT BOX 10X6S
425009042;Mei 03, 2025;MIXAGRIP HERBAL GREGES, SKT ACTIV SIRUP 100 ML, CEREBROFORT MG MGA SCH
425009046;Mei 03, 2025;PROMAG HERBAL 15 ML, CEREBROFORT M.G. AGGR SCH, CEREBROFORT MG STRAW SCH
425009066;Mei 03, 2025;CEREBROFORT M.G. AGGR SCH, CEREBROFORT MG STRAW SCH
425009074;Mei 03, 2025;BEJO JAHE MERAH PACK 6S MT, EXTRA JOSS ACTIVE 6 SCH
425009076;Mei 03, 2025;CEREBROFORT M.G. AGGR SCH, CEREBROFORT MG STRAW SCH, SAKATONIK ABC ANTARIKSA
425009078;Mei 03, 2025;MIXAGRIP HERBAL GREGES, CEREBROFORT M.G. AGGR SCH
425009164;Mei 03, 2025;MIXAGRIP HERBAL GREGES, WOODS LOZENGES 6'S
425009167;Mei 03, 2025;BEJO JAHE MERAH HERBAL 1'S, KOMIX HERBAL ORI PACK, PROMAG HERBAL 15 ML, MIXAGRIP HERBAL GREGES
425009168;Mei 03, 2025;BEJO JAHE MERAH HERBAL 12 SC, KOMIX HERBAL 15 ML, KOMIX HERBAL ORI PACK, EXTRA JOSS GO RASA ANGGUR, ENTROSTOP HERBAL ANAK, MIXAGRIP HERBAL GREGES, WOODS NATURALS SYR 60 ML, CEREBROFORT MG JRK SCH, WOODS LOZENGES 6'S
425009169;Mei 03, 2025;BEJO JAHE MERAH HERBAL 12 SC, KOMIX HERBAL PEPPERMINT, MIXAGRIP HERBAL GREGES
425009170;Mei 03, 2025;BEJO JAHE MERAH HERBAL 1'S, KOMIX HERBAL ORI PACK, EXTRA JOSS GO RASA ANGGUR, ENTROSTOP HERBAL ANAK, CEREBROFORT MG JRK SCH, WOODS LOZENGES 6'S
425009171;Mei 03, 2025;BEJO JAHE MERAH HERBAL 12 SC, MIXAGRIP HERBAL GREGES, PROMAG HERBAL 15 ML, FATIGON SPIRIT BOX 10X6S
425009172;Mei 03, 2025;BEJO JAHE MERAH HERBAL 12 SC, KOMIX HERBAL 15 ML, MIXAGRIP HERBAL GREGES, FATIGON SPIRIT BOX 10X6S
425009173;Mei 03, 2025;MIXAGRIP HERBAL GREGES, FATIGON KAPLET 10X6S, FATIGON SPIRIT STRIP 1X6S
425009174;Mei 03, 2025;KOMIX HERBAL 15 ML 1TB, KOMIX HERBAL 15 ML, MIXAGRIP HERBAL GREGES, PROMAG HERBAL 15 ML
425009175;Mei 03, 2025;BEJO JAHE MERAH HERBAL 12 SC, EXTRA JOSS ACTIVE 12SCH, MIXAGRIP HERBAL GREGES, PROMAG HERBAL 15 ML
425009176;Mei 03, 2025;PROMAG HERBAL 15 ML, BEJO JAHE MERAH HERBAL 12 SC
425009177;Mei 03, 2025;BEJO JAHE MERAH HERBAL 12 SC, MIXAGRIP HERBAL GREGES, PROMAG HERBAL 15 ML
425009178;Mei 03, 2025;BEJO JAHE MERAH HERBAL 12 SC, KOMIX HERBAL ORI PACK, MIXAGRIP HERBAL GREGES
425009236;Mei 06, 2025;KOMIX HERBAL ORI PACK, MIXAGRIP HERBAL GREGES
425009237;Mei 06, 2025;BEJO JAHE MERAH HERBAL 1'S, BEJO JAHE MERAH HERBAL 12 SC, PROMAG HERBAL 15 ML
425009242;Mei 06, 2025;KOMIX HERBAL ORI PACK, KOMIX HERBAL PEPPERMINT, MIXAGRIP HERBAL GREGES, WOODS NATURALS SYR 60 ML
425009243;Mei 06, 2025;KOMIX HERBAL ORI PACK, MIXAGRIP HERBAL GREGES, PROMAG HERBAL 15 ML
425009244;Mei 06, 2025;KOMIX HERBAL ORI PACK, MIXAGRIP HERBAL GREGES
425009245;Mei 06, 2025;MIXAGRIP HERBAL GREGES, FATIGON SPIRIT BOX 10X6S
425009246;Mei 06, 2025;BEJO JAHE MERAH HERBAL 12 SC, KOMIX HERBAL ORI PACK, MIXAGRIP HERBAL GREGES, PROMAG HERBAL 15 ML
425009247;Mei 06, 2025;BEJO JAHE MERAH HERBAL 12 SC, MIXAGRIP HERBAL GREGES, PROMAG HERBAL 15 ML, FATIGON KAPLET 10X6S, FATIGON SPIRIT BOX 10X6S
425009248;Mei 06, 2025;MIXAGRIP HERBAL GREGES, PROMAG HERBAL 15 ML
425009249;Mei 06, 2025;KOMIX HERBAL JAHE, KOMIX HERBAL JERUK NIPIS, KOMIX HERBAL ORI PACK, KOMIX HERBAL PEPPERMINT, MIXAGRIP HERBAL GREGES, EXTRA JOSS ACTIVE 12SCH
425009251;Mei 06, 2025;PROMAG HERBAL 15 ML, MIXAGRIP HERBAL GREGES - 1 SC
425009252;Mei 06, 2025;BEJO JAHE MERAH HERBAL 12 SC, KOMIX HERBAL ORI PACK, MIXAGRIP HERBAL GREGES, PROMAG HERBAL 15 ML
425009253;Mei 06, 2025;KOMIX HERBAL ORI PACK, MIXAGRIP HERBAL GREGES, PROMAG HERBAL 15 ML
425009255;Mei 06, 2025;BEJO JAHE MERAH HERBAL 12 SC, KOMIX HERBAL ORI PACK, MIXAGRIP HERBAL GREGES, PROMAG HERBAL 15 ML
425009256;Mei 06, 2025;MIXAGRIP HERBAL GREGES, PROMAG HERBAL 15 ML
425009257;Mei 06, 2025;BEJO JAHE MERAH HERBAL 12 SC, MIXAGRIP HERBAL GREGES
425009259;Mei 06, 2025;KOMIX HERBAL KIDS 10 ML, ENTROSTOP HERBAL DEWASA 15 ML
425009260;Mei 06, 2025;BEJO JAHE MERAH HERBAL 12 SC, KOMIX HERBAL 15 ML, MIXAGRIP HERBAL GREGES, PROMAG HERBAL 15 ML
425009263;Mei 06, 2025;MIXAGRIP HERBAL GREGES, PROMAG HERBAL 15 ML
425009264;Mei 06, 2025;CEREBROFORT GOLD ORANGE 100 ML, ENTROSTOP HERBAL ANAK, WOODS LOZENGES CHERRY 6'S, WOODS LOZENGES 6'S
425009265;Mei 06, 2025;BEJO JAHE MERAH HERBAL 12 SC, KOMIX HERBAL 15 ML, EXTRA JOSS ACTIVE 12SCH, EXTRA JOSS GO RASA ANGGUR, EXTRA JOSS MANGGA LAKI, ENTROSTOP HERBAL ANAK, WOODS LOZENGES CHERRY 6'S, WOODS LOZENGES 6'S, WOODS LOZ HONEY LEMON, WOODS LOZENGES ORANGE VITAMIN C, WOODS LOZENGES LEMON VITAMIN C, EXTRA JOSS ULTIMATE LIQ/24 CAN
425009266;Mei 06, 2025;BEJO JAHE MERAH HERBAL 12 SC, KOMIX HERBAL PEPPERMINT, MIXAGRIP HERBAL GREGES, FATIGON SPIRIT BOX 10X6S
425009268;Mei 06, 2025;BEJO JAHE MERAH HERBAL 12 SC, KOMIX HERBAL JERUK NIPIS, KOMIX HERBAL ORI PACK, EXTRA JOSS GO RASA ANGGUR, EXTRA JOSS MANGGA LAKI, ENTROSTOP HERBAL ANAK, MIXAGRIP HERBAL GREGES, PROMAG HERBAL 15 ML, WOODS NATURALS SYR 60 ML
425009269;Mei 06, 2025;BEJO JAHE MERAH HERBAL 6S MT, BEJO JAHE MERAH HERBAL 12 SC, KOMIX HERBAL ORI PACK, EXTRA JOSS ACTIVE 12SCH, EXTRA JOSS GO RASA ANGGUR, ENTROSTOP HERBAL DEWASA 15 ML, ENTROSTOP HERBAL ANAK, MIXAGRIP HERBAL GREGES, WOODS NATURALS SYR 60 ML
425009270;Mei 06, 2025;BEJO JAHE MERAH HERBAL 12 SC, KOMIX HERBAL ORI PACK, MIXAGRIP HERBAL GREGES, PROMAG HERBAL 15 ML
425009272;Mei 06, 2025;FATIGON SPIRIT BOX 10X6S, WOODS LOZENGES 6'S, WOODS LOZ HONEY LEMON, WOODS LOZENGES ORANGE VITAMIN C, WOODS LOZENGES LEMON VITAMIN C
425009273;Mei 06, 2025;KOMIX HERBAL 15 ML, EXTRA JOSS GO RASA ANGGUR, ENTROSTOP HERBAL DEWASA 15 ML, ENTROSTOP HERBAL ANAK, WOODS LOZENGES 6'S, WOODS LOZ HONEY LEMON
425009274;Mei 06, 2025;BEJO JAHE MERAH HERBAL 12 SC, KOMIX HERBAL ORI PACK, EXTRA JOSS GO RASA ANGGUR, EXTRA JOSS MANGGA LAKI, MIXAGRIP HERBAL GREGES, PROMAG HERBAL 15 ML, WOODS NATURALS SYR 60 ML, CEREBROFORT M.G. AGGR SCH, CEREBROFORT MG MGA SCH, CEREBROFORT MG JRK SCH, CEREBROFORT MG STRAW SCH
425009275;Mei 06, 2025;BEJO JAHE MERAH HERBAL 12 SC, KOMIX HERBAL ORI PACK, PROMAG HERBAL 15 ML, MIXAGRIP HERBAL GREGES
425009276;Mei 06, 2025;BEJO JAHE MERAH HERBAL 12 SC, KOMIX HERBAL ORI PACK, EXTRA JOSS GO RASA ANGGUR, MIXAGRIP HERBAL GREGES, PROMAG HERBAL 15 ML, WOODS NATURALS SYR 60 ML, CEREBROFORT MG JRK SCH, WOODS LOZENGES 6'S
425009277;Mei 06, 2025;BEJO JAHE MERAH HERBAL 12 SC, KOMIX HERBAL ORI PACK, EXTRA JOSS GO RASA ANGGUR, EXTRA JOSS MANGGA LAKI, ENTROSTOP HERBAL ANAK, MIXAGRIP HERBAL GREGES, PROMAG HERBAL 15 ML, CEREBROFORT M.G. AGGR SCH, CEREBROFORT MG JRK SCH
425009278;Mei 06, 2025;KOMIX HERBAL ORI PACK, MIXAGRIP HERBAL GREGES, PROMAG HERBAL 15 ML
425009279;Mei 06, 2025;BEJO JAHE MERAH HERBAL 12 SC, KOMIX HERBAL JAHE, KOMIX HERBAL JERUK NIPIS, KOMIX HERBAL 15 ML, KOMIX HERBAL ORI PACK, EXTRA JOSS GO RASA ANGGUR, EXTRA JOSS MANGGA LAKI, ENTROSTOP HERBAL DEWASA 15 ML, ENTROSTOP HERBAL ANAK, WOODS LOZENGES 6'S
425009280;Mei 06, 2025;ENTROSTOP HERBAL DEWASA 15 ML, ENTROSTOP HERBAL ANAK, WOODS LOZENGES CHERRY 6'S, WOODS LOZENGES 6'S, WOODS LOZ HONEY LEMON, WOODS LOZENGES ORANGE VITAMIN C, WOODS LOZENGES LEMON VITAMIN C
425009462;Mei 06, 2025;MIXAGRIP HERBAL GREGES, PROMAG HERBAL 15 ML
425009511;Mei 06, 2025;ENTROSTOP HERBAL ANAK, KOMIX HERBAL 15 ML, MIXAGRIP HERBAL GREGES, PROMAG HERBAL 15 ML, CEREBROFORT MG STRAW SCH, WOODS LOZENGES ORANGE VITAMIN C
425009534;Mei 06, 2025;BEJO JAHE MERAH HERBAL 12 SC, KOMIX HERBAL ORI PACK, MIXAGRIP HERBAL GREGES, PROMAG HERBAL 15 ML, SAKATONIK ABC ANTARIKSA 30 TAB
425009543;Mei 07, 2025;BEJO JAHE MERAH HERBAL 12 SC, KOMIX HERBAL ORI PACK, MIXAGRIP HERBAL GREGES, SKT ACTIV SIRUP 100 ML
425009544;Mei 07, 2025;BEJO JAHE MERAH HERBAL 12 SC, MIXAGRIP HERBAL GREGES, PROMAG HERBAL 15 ML
425009545;Mei 07, 2025;BEJO JAHE MERAH HERBAL 12 SC, KOMIX HERBAL 15 ML, PROMAG HERBAL 15 ML, MIXAGRIP HERBAL GREGES
425009547;Mei 07, 2025;BEJO JAHE MERAH HERBAL 12 SC, KOMIX HERBAL ORI PACK, MIXAGRIP HERBAL GREGES, PROMAG HERBAL 15 ML
425009548;Mei 07, 2025;BEJO JAHE MERAH HERBAL 12 SC, KOMIX HERBAL ORI PACK, MIXAGRIP HERBAL GREGES, PROMAG HERBAL 15 ML
425009549;Mei 07, 2025;BEJO JAHE MERAH HERBAL 12 SC, KOMIX HERBAL 15 ML, ENTROSTOP HERBAL ANAK, CEREBROFORT M.G. AGGR SCH, CEREBROFORT MG MGA SCH, CEREBROFORT MG JRK SCH, CEREBROFORT MG STRAW SCH, WOODS LOZENGES CHERRY 6'S, WOODS LOZENGES 6'S, WOODS LOZ HONEY LEMON, WOODS LOZENGES ORANGE VITAMIN C, WOODS LOZENGES LEMON VITAMIN C
425009550;Mei 07, 2025;BEJO JAHE MERAH HERBAL 12 SC, KOMIX HERBAL JAHE, KOMIX HERBAL JERUK NIPIS, KOMIX HERBAL 15 ML, KOMIX HERBAL ORI PACK, ENTROSTOP HERBAL DEWASA 15 ML, ENTROSTOP HERBAL ANAK, WOODS LOZENGES CHERRY 6'S, WOODS LOZENGES 6'S, WOODS LOZ HONEY LEMON, WOODS LOZENGES ORANGE VITAMIN C, WOODS LOZENGES LEMON VITAMIN C
425009551;Mei 07, 2025;KOMIX HERBAL ORI PACK, MIXAGRIP HERBAL GREGES
425009552;Mei 07, 2025;BEJO JAHE MERAH HERBAL 12 SC, MIXAGRIP HERBAL GREGES, PROMAG HERBAL 15 ML, FATIGON KAPLET 10X6S, FATIGON SPIRIT BOX 10X6S
425009553;Mei 07, 2025;CEREBROFORT MG MGA SCH, WOODS LOZENGES 6'S
425009554;Mei 07, 2025;BEJO JAHE MERAH HERBAL 12 SC, KOMIX HERBAL ORI PACK, MIXAGRIP HERBAL GREGES, PROMAG HERBAL 15 ML, CEREBROFORT MG MGA SCH, CEREBROFORT MG JRK SCH, CEREBROFORT MG STRAW SCH, CEREBROFORT M.G. TROPICAL FRUIT
425009556;Mei 07, 2025;KOMIX HERBAL LEMON, KOMIX HERBAL ORI PACK
425009557;Mei 07, 2025;KOMIX HERBAL 15 ML, KOMIX HERBAL ORI PACK, PROMAG HERBAL 15 ML
425009558;Mei 07, 2025;BEJO JAHE MERAH HERBAL 12 SC, PROMAG HERBAL 15 ML, MIXAGRIP HERBAL GREGES
425009559;Mei 07, 2025;BEJO JAHE MERAH HERBAL 12 SC, KOMIX HERBAL ORI PACK, MIXAGRIP HERBAL GREGES, PROMAG HERBAL 15 ML, CEREBROFORT MG MGA SCH, CEREBROFORT MG JRK SCH
425009560;Mei 07, 2025;BEJO JAHE MERAH HERBAL 12 SC, MIXAGRIP HERBAL GREGES, PROMAG HERBAL 15 ML, SAKATONIK ABC ORANGE 30TAB
425009565;Mei 07, 2025;BEJO JAHE MERAH PACK 12SC, BEJO JAHE MERAH HERBAL 12 SC, KOMIX HERBAL 15 ML, MIXAGRIP HERBAL GREGES
425009566;Mei 07, 2025;PROMAG HERBAL 15 ML, MIXAGRIP HERBAL GREGES
425009567;Mei 07, 2025;KOMIX HERBAL 15 ML, KOMIX HERBAL ORI PACK, MIXAGRIP HERBAL GREGES
425009570;Mei 07, 2025;BEJO JAHE MERAH HERBAL 12 SC, KOMIX HERBAL 15 ML, MIXAGRIP HERBAL GREGES, PROMAG HERBAL 15 ML, FATIGON KAPLET 10X6S
425009571;Mei 07, 2025;BEJO JAHE MERAH HERBAL 12 SC, MIXAGRIP HERBAL GREGES
425009573;Mei 07, 2025;ENTROSTOP HERBAL DEWASA 15 ML, KOMIX HERBAL LEMON, SAKATONIK ACTIV MULTIVIT ZAT BESI - KAPLET 6S
425009574;Mei 07, 2025;BEJO JAHE MERAH HERBAL 12 SC, PROMAG HERBAL 15 ML, MIXAGRIP HERBAL GREGES, FATIGON SPIRIT BOX 10X6S
425009575;Mei 07, 2025;BEJO JAHE MERAH HERBAL 12 SC, KOMIX HERBAL 15 ML, MIXAGRIP HERBAL GREGES
425009584;Mei 07, 2025;KOMIX HERBAL ORI PACK, MIXAGRIP HERBAL GREGES, PROMAG HERBAL 15 ML
425009585;Mei 07, 2025;MIXAGRIP HERBAL GREGES, PROMAG HERBAL 15 ML
425009586;Mei 07, 2025;BEJO JAHE MERAH HERBAL 12 SC, PROMAG HERBAL 15 ML, CEREBROFORT MG MGA SCH
425009589;Mei 07, 2025;BEJO JAHE MERAH HERBAL 12 SC, KOMIX HERBAL 15 ML, MIXAGRIP HERBAL GREGES, FATIGON KAPLET 10X6S
425009594;Mei 07, 2025;BEJO JAHE MERAH HERBAL 12 SC, KOMIX HERBAL ORI PACK, MIXAGRIP HERBAL GREGES, PROMAG HERBAL 15 ML, CEREBROFORT MG MGA SCH, CEREBROFORT MG JRK SCH, CEREBROFORT MG STRAW SCH
425009607;Mei 07, 2025;BEJO JAHE MERAH HERBAL 12 SC, MIXAGRIP HERBAL GREGES, CEREBROFORT MG JRK SCH, CEREBROFORT MG STRAW SCH
425009608;Mei 07, 2025;BEJO JAHE MERAH HERBAL 12 SC, ENTROSTOP HERBAL ANAK, KOMIX HERBAL 15 ML, MIXAGRIP HERBAL GREGES
425009609;Mei 07, 2025;BEJO JAHE MERAH HERBAL 12 SC, MIXAGRIP HERBAL GREGES, PROMAG HERBAL 15 ML, FATIGON SPIRIT BOX 10X6S
425009610;Mei 07, 2025;KOMIX HERBAL 15 ML, PROMAG HERBAL 15 ML, WOODS LOZENGES CHERRY 6'S, WOODS LOZENGES 6'S
425009611;Mei 07, 2025;KOMIX HERBAL ORI PACK, MIXAGRIP HERBAL GREGES
425009612;Mei 07, 2025;BEJO JAHE MERAH HERBAL 12 SC, KOMIX HERBAL ORI PACK, MIXAGRIP HERBAL GREGES, PROMAG HERBAL 15 ML, CEREBROFORT MG MGA SCH, CEREBROFORT MG JRK SCH, CEREBROFORT MG STRAW SCH, SAKATONIK ABC ORANGE 30TAB
425009614;Mei 07, 2025;BEJO JAHE MERAH HERBAL 12 SC, CEREBROFORT MG JRK SCH, CEREBROFORT MG STRAW SCH
425009615;Mei 07, 2025;ENTROSTOP HERBAL ANAK, BEJO JAHE MERAH HERBAL 12 SC, KOMIX HERBAL 15 ML
425009616;Mei 07, 2025;BEJO JAHE MERAH HERBAL 12 SC, MIXAGRIP HERBAL GREGES
425009617;Mei 07, 2025;BEJO JAHE MERAH HERBAL 12 SC, MIXAGRIP HERBAL GREGES
425009620;Mei 07, 2025;BEJO JAHE MERAH HERBAL 12 SC, MIXAGRIP HERBAL GREGES, PROMAG HERBAL 15 ML
425009621;Mei 07, 2025;BEJO JAHE MERAH HERBAL 12 SC, MIXAGRIP HERBAL GREGES, PROMAG HERBAL 15 ML
425009661;Mei 07, 2025;BEJO JAHE MERAH HERBAL 12 SC, KOMIX HERBAL ORI PACK, MIXAGRIP HERBAL GREGES, PROMAG HERBAL 15 ML
425009699;Mei 07, 2025;BEJO JAHE MERAH HERBAL 12 SC, KOMIX HERBAL ORI PACK, MIXAGRIP HERBAL GREGES, PROMAG HERBAL 15 ML, SKT ABC CURCUMA MADU
425009708;Mei 09, 2025;CEREBROFORT GOLD ORANGE 100 ML, CEREBROFORT GOLD STRAWBERY, KOMIX HERBAL 15 ML, WOODS COUGH SYR ATT  60ML, WOODS EXPECTORANT 60 ML, PUYER OSK BT NO.16/BOX, WAISAN NEW FORMULA  /LUSIN
425009709;Mei 09, 2025;CEREBROFORT GOLD STRAWBERY, PUYER OSK BT NO.16/BOX, WAISAN NEW FORMULA  /LUSIN
425009712;Mei 09, 2025;KOMIX JAHE G-FORMULA BOX, KOMIX J.NIPIS G-FORMULA B, KOMIX PEPP.G-FORMULA BOX, PROMAG SUSPENSI 10ML/6
425009713;Mei 09, 2025;CEREBROFORT GOLD ORANGE 100 ML, PUYER OSK BT NO.16/BOX, WAISAN NEW FORMULA  /LUSIN
425009714;Mei 09, 2025;CEREBROFORT GOLD ORANGE 100 ML, CEREBROFORT GOLD STRAWBERY, WOODS COUGH SYR ATT  60ML, WOODS EXPECTORANT 60 ML, PUYER OSK BT NO.16/BOX, WAISAN NEW FORMULA  /LUSIN
425009715;Mei 09, 2025;CEREBROFORT GOLD ORANGE 100 ML, CEREBROFORT GOLD STRAWBERY, WAISAN NEW FORMULA  /LUSIN
425009731;Mei 09, 2025;CEREBROFORT GOLD ORANGE 100 ML, CEREBROFORT GOLD STRAWBERY, KOMIX HERBAL 15 ML, WOODS COUGH SYR ATT  60ML, WOODS EXPECTORANT 60 ML, PUYER OSK BT NO.16/BOX, WAISAN NEW FORMULA  /LUSIN
425009736;Mei 09, 2025;ENTROSTOP HERBAL DEWASA 15 ML, ENTROSTOP HERBAL ANAK, KOMIX JAHE G-FORMULA BOX, KOMIX J.NIPIS G-FORMULA B, KOMIX PEPP.G-FORMULA BOX, KOMIX HERBAL PEPPERMINT, PROMAG SUSPENSI 10ML/6, PROMAG HERBAL 15 ML
425009737;Mei 09, 2025;CEREBROFORT GOLD ORANGE 100 ML, CEREBROFORT GOLD STRAWBERY, KOMIX HERBAL 15 ML, WOODS COUGH SYR ATT  60ML, WOODS EXPECTORANT 60 ML, PUYER OSK BT NO.16/BOX, WAISAN NEW FORMULA  /LUSIN
425009748;Mei 09, 2025;ENTROSTOP HERBAL DEWASA 15 ML, PROMAG SUSPENSI 10ML/6
425009752;Mei 09, 2025;BEJO JAHE MERAH HERBAL 12 SC, KOMIX HERBAL PEPPERMINT, SKT ACTIV SIRUP 100 ML, SKT ACTIV SIRUP 300 ML, CEREBROFORT MG JRK SCH, CEREBROFORT MG STRAW SCH
425009754;Mei 09, 2025;KOMIX JAHE G-FORMULA BOX, KOMIX KID STRAWBERRY PACK, KOMIX J.NIPIS G-FORMULA B, SAKATONIK ABC ORANGE 30TAB, WOODS LOZ HONEY LEMON
425009758;Mei 09, 2025;ENTROSTOP HERBAL ANAK, KOMIX JAHE G-FORMULA BOX, KOMIX J.NIPIS G-FORMULA B, KOMIX PEPP.G-FORMULA BOX, KOMIX HERBAL PEPPERMINT, PROMAG SUSPENSI 10ML/6, PROMAG HERBAL 15 ML
425009759;Mei 09, 2025;ENTROSTOP HERBAL ANAK, KOMIX JAHE G-FORMULA BOX, KOMIX J.NIPIS G-FORMULA B, KOMIX PEPP.G-FORMULA BOX, KOMIX HERBAL PEPPERMINT, PROMAG SUSPENSI 10ML/6, PROMAG HERBAL 15 ML
425009765;Mei 09, 2025;ENTROSTOP HERBAL ANAK, KOMIX JAHE G-FORMULA BOX, KOMIX J.NIPIS G-FORMULA B, KOMIX PEPP.G-FORMULA BOX, KOMIX HERBAL PEPPERMINT, PROMAG SUSPENSI 10ML/6, PROMAG HERBAL 15 ML
425009766;Mei 09, 2025;BEJO JAHE MERAH HERBAL 12 SC, KOMIX HERBAL PEPPERMINT, SKT ACTIV SIRUP 100 ML, SKT ACTIV SIRUP 300 ML, CEREBROFORT MG JRK SCH, CEREBROFORT MG STRAW SCH
425009767;Mei 09, 2025;ENTROSTOP HERBAL ANAK, KOMIX JAHE G-FORMULA BOX, KOMIX J.NIPIS G-FORMULA B, KOMIX PEPP.G-FORMULA BOX, KOMIX HERBAL PEPPERMINT, PROMAG SUSPENSI 10ML/6, PROMAG HERBAL 15 ML
425009768;Mei 09, 2025;CEREBROFORT GOLD ORANGE 100 ML, CEREBROFORT GOLD STRAWBERY, KOMIX HERBAL 15 ML, WOODS COUGH SYR ATT  60ML, WOODS EXPECTORANT 60 ML, PUYER OSK BT NO.16/BOX, WAISAN NEW FORMULA  /LUSIN
425009777;Mei 09, 2025;KOMIX HERBAL ORI PACK, MIXAGRIP HERBAL GREGES, WOODS LOZENGES CHERRY 6'S, WOODS LOZENGES 6'S, WOODS LOZ HONEY LEMON, WOODS LOZENGES ORANGE VITAMIN C
425009780;Mei 09, 2025;B7 SLASI JERUK NIPIS 1'S, B7 SLASI JERUK NIPIS 6'S
425009784;Mei 09, 2025;EXTRA JOSS MANGGA LAKI 1'S, EXTRA JOSS MANGGA LAKI
425009785;Mei 09, 2025;BEJO ANAK JAHE MRH 1S MT, BEJO ANAK JAHE MERAH 5S
425009787;Mei 09, 2025;B7 SLASI JERUK NIPIS 1'S, B7 SLASI JERUK NIPIS 12'S
425009788;Mei 09, 2025;KOMIX HERBAL KIDS 10ML 1TB, KOMIX HERBAL KIDS 10 ML
425009846;Mei 09, 2025;CEREBROFORT MG STRAW SCH, SAKATONIK ACTIV MULTIVIT ZAT BESI - KAPLET 1S, SAKATONIK ABC STRAW 30TAB
425009877;Mei 09, 2025;CEREBROFORT M.G. AGGR SCH, CEREBROFORT MG STRAW SCH, SAKATONIK ABC ANTARIKSA, SAKATONIK ABC STRAW 30TAB
425009884;Mei 09, 2025;SAKATONIK ABC ANTARIKSA, SAKATONIK ABC STRAW 30TAB
425009887;Mei 09, 2025;PROMAG HERBAL 15 ML, CEREBROFORT M.G. AGGR SCH, FATIGON SPIRIT STRIP 1X6S
425009891;Mei 09, 2025;CEREBROFORT M.G. AGGR SCH, CEREBROFORT MG STRAW SCH
425009899;Mei 09, 2025;CEREBROFORT M.G. AGGR SCH, CEREBROFORT MG STRAW SCH, SAKATONIK ABC ANTARIKSA, SAKATONIK ABC ANTARIKSA 30 TAB
425009903;Mei 09, 2025;KALPANAX K CREAM 5 GR, PROMAG HERBAL 15 ML, SAKATONIK ABC ANTARIKSA 30 TAB
425009909;Mei 09, 2025;PROMAG HERBAL 15 ML, CEREBROFORT MG STRAW SCH
425009976;Mei 10, 2025;KOMIX HERBAL JR NIPIS 1S, KOMIX HERBAL JERUK NIPIS
425009981;Mei 10, 2025;BT-MASUK ANGIN 1'S, BEJO JAHE MERAH PACK 12SC
425010093;Mei 14, 2025;BEJO JAHE MERAH HERBAL 12 SC, KOMIX HERBAL ORI PACK, MIXAGRIP HERBAL GREGES, PROMAG HERBAL 15 ML
425010095;Mei 14, 2025;BEJO JAHE MERAH HERBAL 12 SC, KOMIX HERBAL ORI PACK, MIXAGRIP HERBAL GREGES, PROMAG HERBAL 15 ML
425010098;Mei 14, 2025;BEJO JAHE MERAH HERBAL 12 SC, MIXAGRIP HERBAL GREGES, PROMAG HERBAL 15 ML
425010099;Mei 14, 2025;KOMIX HERBAL ORI PACK, KOMIX HERBAL PEPPERMINT, EXTRA JOSS ACTIVE 12SCH, EXTRA JOSS GO RASA ANGGUR, ENTROSTOP HERBAL ANAK, MIXAGRIP HERBAL GREGES, WOODS NATURALS SYR 60 ML, WOODS LOZENGES 6'S
425010103;Mei 14, 2025;BEJO JAHE MERAH HERBAL 6S MT, KOMIX HERBAL JERUK NIPIS, KOMIX HERBAL 15 ML, KOMIX HERBAL ORI PACK
425010105;Mei 14, 2025;BEJO JAHE MERAH HERBAL 1'S, MIXAGRIP HERBAL GREGES, SKT ABC CURCUMA MADU
425010108;Mei 14, 2025;BEJO JAHE MERAH HERBAL 12 SC, KOMIX HERBAL ORI PACK, MIXAGRIP HERBAL GREGES, PROMAG HERBAL 15 ML
425010158;Mei 14, 2025;PROMAG HERBAL 15 ML, SAKATONIK ABC STRAW 30TAB
425010167;Mei 14, 2025;PROMAG HERBAL 15 ML, CEREBROFORT MG STRAW SCH, FATIGON SPIRIT STRIP 1X6S
425010168;Mei 14, 2025;KOMIX HERBAL 15 ML, EXTRA JOSS ACTIVE 6 SCH
425010169;Mei 14, 2025;CEREBROFORT M.G. AGGR SCH, SAKATONIK ABC ANTARIKSA 30 TAB, SAKATONIK ABC STRAW 30
425010170;Mei 14, 2025;CEREBROFORT M.G. AGGR SCH, CEREBROFORT MG STRAW SCH
425010174;Mei 14, 2025;CEREBROFORT M.G. AGGR SCH, SAKATONIK ABC STRAW 30TAB
425010179;Mei 14, 2025;SAKATONIK ABC ANTARIKSA, SAKATONIK ABC ANTARIKSA 30 TAB
425010180;Mei 14, 2025;EXTRA JOSS SPORT GEL 2 TB, KOMIX HERBAL 15 ML, EXTRA JOSS ACTIVE 6 SCH
425010182;Mei 14, 2025;BEJO JAHE MERAH HERBAL 12 SC, KOMIX HERBAL JAHE, MIXAGRIP HERBAL GREGES, PROMAG HERBAL 15 ML, CEREBROFORT MG MGA SCH, CEREBROFORT MG JRK SCH, CEREBROFORT MG STRAW SCH, WOODS LOZENGES 6'S
425010360;Mei 16, 2025;PROMAG HERBAL, WOODS LOZENGES 6'S
425010363;Mei 16, 2025;WOODS EXPECTORANT 60 ML, CEREBROFORT MG STRAW SCH
425010364;Mei 16, 2025;KALPANAX K CREAM 5 GR, PROMAG HERBAL 15 ML
425010365;Mei 16, 2025;BEJO JAHE MERAH PACK 6S MT, KOMIX HERBAL 15 ML, KOMIX OBH, PROMAG HERBAL, PROMAG HERBAL 15 ML, WOODS EXPECTORANT 60 ML, EXTRA JOSS ACTIVE 6 SCH, CEREBROFORT MG STRAW SCH, FATIGON SPIRIT STRIP 1X6S, SAKATONIK ABC STRAW 30TAB
425010366;Mei 16, 2025;BEJO JAHE MERAH PACK 6S MT, KOMIX HERBAL 15 ML, WOODS EXPECTORANT 60 ML, EXTRA JOSS ACTIVE 6 SCH, CEREBROFORT MG STRAW SCH, FATIGON SPIRIT STRIP 1X6S, SAKATONIK ABC STRAW 30TAB
425010395;Mei 16, 2025;BEJO JAHE MERAH HERBAL 12 SC, KOMIX HERBAL 15 ML, ENTROSTOP HERBAL ANAK
425010399;Mei 16, 2025;KOMIX HERBAL ORI PACK, MIXAGRIP HERBAL GREGES
425010402;Mei 16, 2025;MIXAGRIP HERBAL GREGES, PROMAG HERBAL 15 ML
425010555;Mei 20, 2025;BEJO JAHE MERAH HERBAL 12 SC, KOMIX HERBAL ORI PACK, MIXAGRIP HERBAL GREGES, PROMAG HERBAL 15 ML, SAKATONIK ABC ANGGUR30TAB, SAKATONIK ABC ORANGE 30TAB, WOODS LOZENGES 6'S
425010557;Mei 20, 2025;KOMIX HERBAL ORI PACK, MIXAGRIP HERBAL GREGES
425010558;Mei 20, 2025;BEJO JAHE MERAH HERBAL 12 SC, KOMIX HERBAL 15 ML, MIXAGRIP HERBAL GREGES, WOODS LOZENGES 6'S
425010559;Mei 20, 2025;BEJO JAHE MERAH HERBAL 12 SC, KOMIX HERBAL ORI PACK, PROMAG HERBAL 15 ML, MIXAGRIP HERBAL GREGES
425010565;Mei 20, 2025;CEREBROFORT GOLD ORANGE 100 ML, CEREBROFORT MG MGA SCH, CEREBROFORT MG JRK SCH, CEREBROFORT MG STRAW SCH, SAKATONIK ABC ANTARIKSA 30 TAB, SAKATONIK ABC ANGGUR30TAB, SAKATONIK ABC ORANGE 30TAB, SKT ABC CURCUMA MADU
425010567;Mei 20, 2025;KOMIX HERBAL 15 ML, EXTRA JOSS ACTIVE 12SCH, MIXAGRIP HERBAL GREGES, WOODS NATURALS SYR 60 ML
425010595;Mei 20, 2025;BEJO JAHE MERAH HERBAL 12 SC, KOMIX HERBAL ORI PACK, MIXAGRIP HERBAL GREGES, PROMAG HERBAL 15 ML
425010596;Mei 20, 2025;BEJO JAHE MERAH HERBAL 1'S, MIXAGRIP HERBAL GREGES, PROMAG HERBAL 15 ML, SKT ACTIV SIRUP 100 ML
425010609;Mei 20, 2025;MIXAGRIP HERBAL GREGES, FATIGON SPIRIT BOX 10X6S
425010611;Mei 20, 2025;MIXAGRIP HERBAL GREGES, CEREBROFORT MG MGA SCH
425010613;Mei 20, 2025;BEJO JAHE MERAH HERBAL 1'S, BEJO JAHE MERAH HERBAL 12 SC, KOMIX HERBAL ORI PACK, MIXAGRIP HERBAL GREGES, PROMAG HERBAL 15 ML
425010614;Mei 20, 2025;BEJO JAHE MERAH HERBAL 12 SC, MIXAGRIP HERBAL GREGES, PROMAG HERBAL 15 ML
425010620;Mei 20, 2025;BEJO JAHE MERAH HERBAL 12 SC, KOMIX JAHE G-FORMULA BOX, KOMIX HERBAL 15 ML
425010623;Mei 20, 2025;BEJO JAHE MERAH HERBAL 6S MT, BEJO JAHE MERAH HERBAL 12 SC, CEREBROFORT GOLD ORANGE 100 ML, ENTROSTOP HERBAL ANAK, KOMIX HERBAL 15 ML, KOMIX HERBAL ORI PACK, CEREBROFORT MG MGA SCH, WOODS LOZENGES 6'S
425010624;Mei 20, 2025;BEJO JAHE MERAH HERBAL 12 SC, ENTROSTOP HERBAL DEWASA 15 ML  1S, KOMIX HERBAL 15 ML
425010626;Mei 20, 2025;BEJO JAHE MERAH HERBAL 12 SC, ENTROSTOP HERBAL DEWASA 15 ML, CEREBROFORT MG JRK SCH, CEREBROFORT MG STRAW SCH, SAKATONIK ABC STRAW 30TAB, WOODS LOZENGES 6'S
425010685;Mei 21, 2025;KOMIX JAHE G-FORMULA 1'S, KOMIX J.NIPIS G-FORMULA 1'S
425010688;Mei 21, 2025;KOMIX HERBAL ORI PACK, EXTRA JOSS ACTIVE 6 SCH
425010818;Mei 21, 2025;BEJO JAHE MERAH PACK 6S MT, KOMIX HERBAL 15 ML, EXTRA JOSS ACTIVE 6 SCH
425010820;Mei 21, 2025;CEREBROFORT MG STRAW SCH, FATIGON SPIRIT STRIP 1X6S
425010825;Mei 21, 2025;CEREBROFORT MG STRAW SCH, SAKATONIK ABC ANTARIKSA 30 TAB
425010826;Mei 21, 2025;CEREBROFORT MG STRAW SCH, FATIGON SPIRIT STRIP 1X6S
425010835;Mei 21, 2025;PROMAG HERBAL 15 ML, SAKATONIK ABC ANTARIKSA, SAKATONIK ABC ANTARIKSA 30 TAB
425010841;Mei 21, 2025;BEJO JAHE MERAH PACK 6S MT, KOMIX HERBAL 15 ML, EXTRA JOSS ACTIVE 6 SCH
425010877;Mei 21, 2025;BEJO JAHE MERAH HERBAL 12 SC, KOMIX HERBAL ORI PACK, MIXAGRIP HERBAL GREGES, PROMAG HERBAL 15 ML
425010878;Mei 21, 2025;BEJO JAHE MERAH HERBAL 12 SC, MIXAGRIP HERBAL GREGES, PROMAG HERBAL 15 ML
425010883;Mei 22, 2025;MIXAGRIP HERBAL GREGES, PROMAG HERBAL 15 ML
425010884;Mei 22, 2025;CEREBROFORT GOLD ORANGE 100 ML, CEREBROFORT GOLD STRAWBERY, WOODS COUGH SYR ATT  60ML
425010885;Mei 22, 2025;MIXAGRIP HERBAL GREGES, CEREBROFORT MG MGA SCH
425010886;Mei 22, 2025;BEJO JAHE MERAH HERBAL 12 SC, MIXAGRIP HERBAL GREGES
425010888;Mei 22, 2025;BEJO JAHE MERAH HERBAL 12 SC, CEREBROFORT M.G. TROPICAL FRUIT
425010896;Mei 22, 2025;BEJO JAHE MERAH HERBAL 12 SC, MIXAGRIP HERBAL GREGES, FATIGON KAPLET 10X6S, FATIGON SPIRIT BOX 10X6S
425010897;Mei 22, 2025;BEJO JAHE MERAH HERBAL 12 SC, CEREBROFORT MG JRK SCH
425010898;Mei 22, 2025;BEJO JAHE MERAH HERBAL 12 SC, KOMIX HERBAL ORI PACK, MIXAGRIP HERBAL GREGES, PROMAG HERBAL 15 ML
425010899;Mei 22, 2025;KOMIX HERBAL 15 ML, MIXAGRIP HERBAL GREGES, WOODS LOZENGES 6'S
425010900;Mei 22, 2025;PROMAG HERBAL 15 ML, MIXAGRIP HERBAL GREGES
425010902;Mei 22, 2025;KOMIX HERBAL ORI PACK, MIXAGRIP HERBAL GREGES, PROMAG HERBAL 15 ML
425010907;Mei 22, 2025;EXTRA JOSS ULTIMATE LIQ/24 CAN, EXTRA JOSS ACTIVE 6 SCH
425010967;Mei 23, 2025;MIXAGRIP HERBAL GREGES, PROMAG HERBAL 15 ML, KOMIX HERBAL 15 ML
425010969;Mei 23, 2025;KOMIX HERBAL ORI PACK, KOMIX HERBAL PEPPERMINT
425010973;Mei 23, 2025;BEJO JAHE MERAH HERBAL 12 SC, KOMIX HERBAL 15 ML, CEREBROFORT MG STRAW SCH, SAKATONIK ABC STRAW 30TAB, WOODS LOZENGES 6'S
425010978;Mei 23, 2025;BEJO JAHE MERAH HERBAL 12 SC, KOMIX HERBAL ORI PACK, PROMAG HERBAL 15 ML, MIXAGRIP HERBAL GREGES
425010979;Mei 23, 2025;BEJO JAHE MERAH HERBAL 12 SC, KOMIX HERBAL 15 ML, ENTROSTOP HERBAL ANAK, SAKATONIK ABC ANTARIKSA 30 TAB, SAKATONIK ABC STRAW 30TAB, SAKATONIK ABC ANGGUR30TAB, SAKATONIK ABC ORANGE 30TAB
425010980;Mei 23, 2025;BEJO JAHE MERAH HERBAL 12 SC, KOMIX HERBAL 15 ML, CEREBROFORT GOLD ORANGE 100 ML, CEREBROFORT GOLD STRAWBERY, CEREBROFORT MG MGA SCH, CEREBROFORT MG JRK SCH
425010981;Mei 23, 2025;ENTROSTOP HERBAL ANAK, KOMIX HERBAL ORI PACK, CEREBROFORT MG STRAW SCH, WOODS LOZENGES 6'S
425010982;Mei 23, 2025;MIXAGRIP HERBAL GREGES, MIXAGRIP HERBAL GREGES - 1 SC
425010983;Mei 23, 2025;KOMIX HERBAL ORI PACK, WOODS LOZ HONEY LEMON
425010985;Mei 23, 2025;BEJO JAHE MERAH HERBAL 12 SC, KOMIX HERBAL ORI PACK, CEREBROFORT GOLD STRAWBERY, CEREBROFORT M.G. AGGR SCH, CEREBROFORT MG MGA SCH, CEREBROFORT MG JRK SCH, CEREBROFORT MG STRAW SCH, SAKATONIK ABC STRAW 30TAB, SKT ABC CURCUMA MADU
425010989;Mei 23, 2025;BEJO JAHE MERAH HERBAL 12 SC, KOMIX HERBAL 15 ML, ENTROSTOP HERBAL ANAK, WOODS LOZENGES CHERRY 6'S, WOODS LOZENGES 6'S, WOODS LOZ HONEY LEMON, WOODS LOZENGES ORANGE VITAMIN C, WOODS LOZENGES LEMON VITAMIN C
425010991;Mei 23, 2025;BEJO JAHE MERAH HERBAL 12 SC, KOMIX HERBAL 15 ML, ENTROSTOP HERBAL ANAK, CEREBROFORT M.G. TROPICAL FRUIT
425010992;Mei 23, 2025;BEJO JAHE MERAH HERBAL 12 SC, KOMIX HERBAL 15 ML, EXTRA JOSS ACTIVE 12SCH, EXTRA JOSS GO RASA ANGGUR, ENTROSTOP HERBAL ANAK, WOODS LOZENGES 6'S, EXTRA JOSS ULTIMATE LIQ/24 CAN
425010993;Mei 23, 2025;BEJO JAHE MERAH HERBAL 12 SC, KOMIX HERBAL 15 ML, ENTROSTOP HERBAL ANAK
425010994;Mei 23, 2025;KOMIX HERBAL JERUK NIPIS, PROMAG HERBAL 15 ML
425010995;Mei 23, 2025;BEJO JAHE MERAH HERBAL 12 SC, EXTRA JOSS ULTIMATE LIQ/24 CAN, KOMIX HERBAL 15 ML, ENTROSTOP HERBAL ANAK, CEREBROFORT MG MGA SCH, CEREBROFORT MG JRK SCH, CEREBROFORT MG STRAW SCH, WOODS LOZENGES CHERRY 6'S, WOODS LOZENGES 6'S, WOODS LOZ HONEY LEMON, WOODS LOZENGES ORANGE VITAMIN C, WOODS LOZENGES LEMON VITAMIN C
425010997;Mei 23, 2025;BEJO JAHE MERAH HERBAL 12 SC, FATIGON SPIRIT BOX 10X6S
425010998;Mei 23, 2025;BEJO JAHE MERAH HERBAL 12 SC, ENTROSTOP HERBAL DEWASA 15 ML, ENTROSTOP HERBAL ANAK, KOMIX HERBAL 15 ML, WOODS LOZENGES CHERRY 6'S, WOODS LOZENGES 6'S, WOODS LOZ HONEY LEMON, WOODS LOZENGES ORANGE VITAMIN C, WOODS LOZENGES LEMON VITAMIN C
425010999;Mei 23, 2025;BEJO JAHE MERAH HERBAL 12 SC, ENTROSTOP HERBAL ANAK, CEREBROFORT MG MGA SCH, CEREBROFORT MG JRK SCH, CEREBROFORT MG STRAW SCH, SAKATONIK ABC ANTARIKSA 30 TAB, SAKATONIK ABC STRAW 30TAB, SAKATONIK ABC ANGGUR30TAB, SAKATONIK ABC ORANGE 30TAB, SKT ABC CURCUMA MADU
425011000;Mei 23, 2025;BEJO JAHE MERAH HERBAL 12 SC, KOMIX HERBAL ORI PACK, PROMAG HERBAL 15 ML, MIXAGRIP HERBAL GREGES
425011001;Mei 23, 2025;BEJO JAHE MERAH HERBAL 12 SC, KOMIX HERBAL 15 ML, ENTROSTOP HERBAL ANAK, MIXAGRIP HERBAL GREGES
425011003;Mei 23, 2025;BEJO JAHE MERAH HERBAL 1'S, BEJO JAHE MERAH HERBAL 12 SC, KOMIX HERBAL ORI PACK, MIXAGRIP HERBAL GREGES, FATIGON SPIRIT STRIP 1X6S
425011004;Mei 23, 2025;EXTRA JOSS GO RASA ANGGUR, EXTRA JOSS MANGGA LAKI
425011005;Mei 23, 2025;B7 SLASI JERUK NIPIS 12'S, EXTRA JOSS GO RASA ANGGUR
425011006;Mei 23, 2025;KOMIX HERBAL 15 ML, KOMIX HERBAL ORI PACK
425011011;Mei 23, 2025;BEJO ANAK JAHE MERAH 5S, PUYER OSK BT NO.16/BOX, WAISAN NEW FORMULA  /LUSIN, SAKATONIK ABC ANTARIKSA 30 TAB
425011022;Mei 23, 2025;BEJO JAHE MERAH HERBAL 12 SC, SKT ACTIV SIRUP 100 ML, SKT ACTIV SIRUP 300 ML, CEREBROFORT MG JRK SCH, CEREBROFORT MG STRAW SCH
425011023;Mei 23, 2025;CEREBROFORT GOLD ORANGE 100 ML, CEREBROFORT GOLD STRAWBERY, KOMIX HERBAL 15 ML, WOODS COUGH SYR ATT  60ML, WOODS EXPECTORANT 60 ML, PUYER OSK BT NO.16/BOX, WAISAN NEW FORMULA  /LUSIN
425011024;Mei 23, 2025;ENTROSTOP HERBAL DEWASA 15 ML, ENTROSTOP HERBAL ANAK, KOMIX JAHE G-FORMULA BOX, KOMIX J.NIPIS G-FORMULA B, KOMIX PEPP.G-FORMULA BOX, KOMIX HERBAL PEPPERMINT, PROMAG SUSPENSI 10ML/6, PROMAG HERBAL 15 ML
425011030;Mei 23, 2025;BEJO JAHE MERAH HERBAL 12 SC, CEREBROFORT GOLD ORANGE 200 ML, KOMIX HERBAL 15 ML, KOMIX HERBAL ORI PACK, WOODS NATURALS SYR 60 ML
425011046;Mei 23, 2025;CEREBROFORT GOLD ORANGE 100 ML, CEREBROFORT GOLD STRAWBERY, KOMIX HERBAL 15 ML, WOODS COUGH SYR ATT  60ML, WOODS EXPECTORANT 60 ML, PUYER OSK BT NO.16/BOX, WAISAN NEW FORMULA  /LUSIN
425011053;Mei 23, 2025;CEREBROFORT GOLD ORANGE 100 ML, CEREBROFORT GOLD STRAWBERY, KOMIX HERBAL 15 ML, WOODS COUGH SYR ATT  60ML, WOODS EXPECTORANT 60 ML, PUYER OSK BT NO.16/BOX, WAISAN NEW FORMULA  /LUSIN
425011056;Mei 23, 2025;CEREBROFORT GOLD ORANGE 100 ML, CEREBROFORT GOLD STRAWBERY, KOMIX HERBAL 15 ML, WOODS COUGH SYR ATT  60ML, WOODS EXPECTORANT 60 ML, PUYER OSK BT NO.16/BOX, WAISAN NEW FORMULA  /LUSIN
425011120;Mei 23, 2025;SAKATONIK ABC ANTARIKSA 30 TAB, SAKATONIK ABC ANGGUR30TAB, SAKATONIK ABC ORANGE 30TAB
425011241;Mei 24, 2025;EXTRA JOSS ULTIMATE LIQ/24 CAN, SAKATONIK ABC STRAW 30TAB
425011242;Mei 24, 2025;WOODS EXPECTORANT 60 ML, CEREBROFORT MG STRAW SCH, FATIGON SPIRIT STRIP 1X6S, SAKATONIK ABC STRAW 30TAB
425011329;Mei 24, 2025;KOMIX HERBAL 15 ML, KOMIX OBH, CEREBROFORT MG STRAW SCH, SAKATONIK ABC STRAW 30TAB
425011332;Mei 24, 2025;BEJO JAHE MERAH PACK 6S MT, EXTRA JOSS ACTIVE 6 SCH
425011335;Mei 24, 2025;CEREBROFORT MG STRAW SCH, FATIGON SPIRIT STRIP 1X6S, SAKATONIK ABC ANTARIKSA, SAKATONIK ABC STRAW 30TAB
425011341;Mei 24, 2025;KOMIX HERBAL 15 ML, EXTRA JOSS ACTIVE 6 SCH
425011352;Mei 24, 2025;KALPANAX SALEP 6G, FATIGON SPIRIT STRIP 1X6S
425011356;Mei 24, 2025;CEREBROFORT MG STRAW SCH, SAKATONIK ABC ANTARIKSA, SAKATONIK ABC STRAW 30TAB
425011360;Mei 24, 2025;BEJO JAHE MERAH PACK 6S MT, BEJO JAHE MERAH HERBAL 6S MT
425011368;Mei 24, 2025;EXTRA JOSS SPORT GEL 2 TB, KOMIX HERBAL 15 ML
425011387;Mei 26, 2025;MIXAGRIP HERBAL GREGES, PROMAG HERBAL 15 ML
666;April 30, 2025;KALPANAX K CREAM 5 GR, KALPANAX SALEP 6G/12, KALPANAX KRIM 10 GR, EPM_NA_0121402_182, EPM_NA_0551219_055, BEJO ANAK JAHE MERAH 5S, BEJO JAHE MERAH HERBAL 6S MT, BEJO JAHE MERAH HERBAL 12 SC, CEREBROFORT GOLD ORANGE 100 ML, CEREBROFORT GOLD ORANGE 200 ML, CEREBROFORT GOLD STRAWBERY, ENTROSTOP HERBAL DEWASA 15 ML, EJ SPORT GEL ORANGE 5 TB, EJ SPORT GEL ORANGE 5 SC, EJ SPORT GEL ORANGE 2 SC, EXTRA JOSS SPORT 5 TB, EXTRA JOSS SPORT GEL 2 TB, EXTRA JOSS SPORT GEL 5 SC, EXTRA JOSS SPORT GEL 2 SC, ENTROSTOP HERBAL ANAK, EXTRA JOSS ULTIMATE LIQ/24 CAN, KOMIX JAHE G-FORMULA BOX, KOMIX JAHE G-FORMULA 6'S, KOMIX KID STRAWBERRY PACK, KOMIX J.NIPIS G-FORMULA B, KOMIX PEPP.G-FORMULA BOX, KOMIX HERBAL JAHE, KOMIX HERBAL KIDS 10 ML, KOMIX HERBAL LEMON, KOMIX HERBAL JERUK NIPIS, KOMIX HERBAL 15 ML, KOMIX HERBAL ORI PACK, KOMIX HERBAL PEPPERMINT, MIXAGRIP HERBAL GREGES, KOMIX KID OBH PE, KOMIX OBH PE, KOMIX OBH PE 6'S, PROMAG SUSPENSI BTL 60 ML, PROMAG SUSPENSI 10ML/6, PROMAG HERBAL 15 ML, SKT ACTIV SIRUP 100 ML, SKT ACTIV SIRUP 300 ML, WOODS COUGH SYR ATT 100ML, WOODS COUGH SYR ATT  60ML, WOODS EXPECTORANT 60 ML, WOODS EXPECTORANT 100 ML, WOODS NATURALS SYR 60 ML, B7 SLASI JERUK NIPIS 12'S, DORIS ANTI FLEAS, EXTRA JOSS ACTIVE 6 SCH, EXTRA JOSS ACTIVE 12SCH, EXTRA JOSS GO RASA ANGGUR, EXTRA JOSS MANGGA LAKI, FEMMY FYBER, FEMMY SKIN, PUYER OSK BT NO.16/BOX, WAISAN NEW FORMULA  /LUSIN, CEREBROFORT M.G. AGGR SCH, CEREBROFORT MG MGA SCH, CEREBROFORT MG JRK SCH, CEREBROFORT MG STRAW SCH, FATIGON KAPLET 10X6S, FATIGON SPIRIT BOX 10X6S, MIXADIN TABLET, MIXAGRIP FLU &BATUK PE, MIXAGRIP FLU KAPLET 25X4, MEXTRIL BATUK-TABLET BOX, ENTROSTOP 10'S, PROCOLD FLU BATUK PE, PROCOLD FLU PE, PROMAG TABLET, SAKATONIK ACTIV MULTIVIT ZAT BESI - KAPLET 6S, SAKATONIK ABC ANTARIKSA 30 TAB, SAKATONIK ABC STRAW 30TAB, SAKATONIK ABC ANGGUR30TAB, SAKATONIK ABC ORANGE 30TAB, SKT ABC CURCUMA MADU, WOODS LOZENGES CHERRY 6'S, WOODS LOZENGES 6'S, WOODS LOZ HONEY LEMON, WOODS LOZENGES ORANGE VITAMIN C, WOODS LOZENGES LEMON VITAMIN C, XONCE TAB BOX 50'S
C25M000004;Januari 22, 2025;KALPANAX SALEP 6G/12, SAKATONIK ABC STRAW 30, SAKATONIK ABC STRAW 30TAB, SAKATONIK ABC ANGGUR30TAB, SAKATONIK ABC ORANGE 30TAB
C25M000016;Mei 24, 2025;KALPANAX SALEP 6G/12, CEREBROVIT XCEL 10 CAPS, CEREBROFORT GOLD ORANGE 100 ML, CEREBROFORT GOLD ORANGE 200 ML, CEREBROFORT GOLD STRAWBERY, ENTROSTOP HERBAL DEWASA 15 ML, ENTROSTOP HERBAL ANAK, MIXAGRIP HERBAL GREGES, PROMAG HERBAL 15 ML, SKT ACTIV SIRUP 100 ML, SKT ACTIV SIRUP 300 ML, WOODS NATURALS SYR 60 ML, CEREBROFORT M.G. AGGR SCH, FATIGON KAPLET 10X6S, FATIGON SPIRIT BOX 10X6S, SAKATONIK ACTIV MULTIVIT ZAT BESI - KAPLET 6S, SAKATONIK ABC ANTARIKSA 30 TAB, SAKATONIK ABC STRAW 30TAB, SAKATONIK ABC ANGGUR30TAB, SAKATONIK ABC ORANGE 30TAB, SKT ABC CURCUMA MADU, WOODS LOZENGES 6'S, XONCE TAB BOX 50'S
C25M000017;Mei 24, 2025;KALPANAX SALEP 6G/12, CEREBROVIT XCEL 10 CAPS, CEREBROFORT GOLD ORANGE 100 ML, CEREBROFORT GOLD ORANGE 200 ML, CEREBROFORT GOLD STRAWBERY, ENTROSTOP HERBAL DEWASA 15 ML, ENTROSTOP HERBAL ANAK, MIXAGRIP HERBAL GREGES, PROMAG HERBAL 15 ML, WOODS NATURALS SYR 60 ML, CEREBROFORT MG STRAW SCH, FATIGON KAPLET 10X6S, FATIGON SPIRIT BOX 10X6S, SAKATONIK ACTIV MULTIVIT ZAT BESI - KAPLET 6S, SAKATONIK ABC STRAW 30TAB, SAKATONIK ABC ANGGUR30TAB, SAKATONIK ABC ORANGE 30TAB, SKT ABC CURCUMA MADU, WOODS LOZENGES 6'S, WOODS LOZ HONEY LEMON, WOODS LOZENGES LEMON VITAMIN C, XONCE TAB BOX 50'S
D25M000001;Januari 22, 2025;KALPANAX SALEP 6G/12, SAKATONIK ABC STRAW 30, SAKATONIK ABC STRAW 30TAB, SAKATONIK ABC ANGGUR30TAB, SAKATONIK ABC ORANGE 30TAB
